session,take,label,t,r_iris_u,r_iris_v,r_open,l_iris_u,l_iris_v,l_open,eyeLookUpLeft,eyeLookUpRight,eyeLookDownLeft,eyeLookDownRight,eyeLookInLeft,eyeLookInRight,eyeLookOutLeft,eyeLookOutRight,eyeBlinkLeft,eyeBlinkRight,eyeSquintLeft,eyeSquintRight,yaw,pitch,roll,tx,ty,tz
20260926-133259,20260926-133259-1,1,58523.566,0.51277,0.14992,0.43243,0.65088,-0.12625,0.4397,0.20577,0.22875,0.03377,0.03209,0.00272,0.41501,0.39389,0.00966,0.1437,0.08507,0.34639,0.49644,2.21122,3.87531,0.71129,-0.83891,-0.42464,-38.53342
20260926-133259,20260926-133259-1,1,58523.598,0.50733,0.14961,0.43148,0.65688,-0.1242,0.4385,0.20119,0.22374,0.03462,0.03295,0.00241,0.44016,0.41791,0.0087,0.14361,0.08443,0.35084,0.49988,2.23221,3.90754,0.71046,-0.83722,-0.42176,-38.53936
20260926-133259,20260926-133259-1,1,58523.628,0.50184,0.14993,0.43126,0.66118,-0.12317,0.43867,0.19821,0.22053,0.03509,0.03337,0.00221,0.46209,0.43979,0.00779,0.14394,0.08406,0.35108,0.50048,2.24719,3.92504,0.70806,-0.83459,-0.42191,-38.54187
20260926-133259,20260926-133259-1,1,58523.66,0.49865,0.14993,0.43088,0.66363,-0.12269,0.43905,0.19641,0.21845,0.03543,0.03369,0.0021,0.47389,0.4513,0.00738,0.1441,0.08416,0.35097,0.5006,2.27255,3.9496,0.71019,-0.8317,-0.42164,-38.53898
20260926-133259,20260926-133259-1,1,58523.694,0.49666,0.14975,0.43021,0.66556,-0.12194,0.43832,0.19534,0.21725,0.03564,0.0339,0.00202,0.48315,0.46035,0.00707,0.14439,0.08443,0.35253,0.50119,2.28516,3.96004,0.71178,-0.83023,-0.42164,-38.53815
20260926-133259,20260926-133259-1,1,58523.725,0.49533,0.14966,0.42958,0.66637,-0.12155,0.43782,0.19428,0.21631,0.03582,0.03407,0.00198,0.48868,0.46602,0.00684,0.14468,0.08475,0.3533,0.50229,2.29184,3.96594,0.71272,-0.82813,-0.42165,-38.53516
20260926-133259,20260926-133259-1,1,58523.759,0.49478,0.14964,0.42863,0.66621,-0.12134,0.43725,0.19377,0.21608,0.03594,0.03415,0.002,0.4891,0.46661,0.00675,0.14516,0.08552,0.35372,0.5045,2.29651,3.97228,0.70683,-0.82589,-0.42158,-38.53239
20260926-133259,20260926-133259-1,1,58523.79,0.49461,0.14968,0.42763,0.66566,-0.12118,0.43688,0.19382,0.21649,0.03597,0.03409,0.00204,0.48669,0.46439,0.00672,0.14536,0.08618,0.35368,0.50624,2.3073,3.97581,0.69812,-0.82442,-0.42142,-38.53147
20260926-133259,20260926-133259-1,1,58523.822,0.49447,0.14971,0.42724,0.66533,-0.12112,0.43688,0.19446,0.21726,0.03584,0.03399,0.00207,0.48495,0.46316,0.00669,0.14518,0.08662,0.35446,0.50731,2.31812,3.97576,0.69047,-0.82249,-0.42165,-38.53138
20260926-133259,20260926-133259-1,1,58523.87,0.49387,0.14982,0.42677,0.66443,-0.1211,0.43638,0.19577,0.21869,0.03558,0.03372,0.00214,0.48196,0.46108,0.00657,0.14513,0.08702,0.35589,0.50801,2.32076,3.98394,0.68171,-0.81881,-0.42123,-38.53086
20260926-133259,20260926-133259-1,1,58523.902,0.49415,0.14974,0.42657,0.66316,-0.12122,0.43624,0.19639,0.21939,0.03545,0.03364,0.0022,0.47765,0.45735,0.00661,0.14528,0.08741,0.35684,0.50797,2.33838,3.97439,0.67179,-0.81652,-0.42188,-38.52918
20260926-133259,20260926-133259-1,1,58523.934,0.49391,0.14919,0.42514,0.66293,-0.1202,0.43429,0.19305,0.21644,0.03628,0.03441,0.00222,0.47733,0.45687,0.00658,0.14732,0.08836,0.3579,0.50912,2.34084,3.9726,0.66791,-0.81462,-0.42279,-38.52565
20260926-133259,20260926-133259-1,1,58523.965,0.49419,0.14712,0.42256,0.66153,-0.11801,0.43186,0.18555,0.20909,0.03813,0.03641,0.00228,0.47251,0.45178,0.00668,0.1484,0.08991,0.35997,0.51025,2.34973,3.97004,0.65987,-0.81147,-0.42537,-38.52097
20260926-133259,20260926-133259-1,1,58523.996,0.49495,0.14317,0.42072,0.65954,-0.11427,0.43035,0.17343,0.19664,0.0413,0.04001,0.00237,0.46578,0.44441,0.00688,0.14679,0.08984,0.36299,0.50921,2.35917,3.95996,0.6466,-0.80671,-0.42938,-38.51239
20260926-133259,20260926-133259-1,1,58524.03,0.49485,0.13843,0.41975,0.65842,-0.10966,0.42875,0.15883,0.18136,0.04576,0.04493,0.00242,0.46217,0.44003,0.00701,0.14492,0.08784,0.36569,0.50697,2.38139,3.96454,0.63349,-0.80195,-0.43312,-38.5042
20260926-133259,20260926-133259-1,1,58524.062,0.49514,0.1359,0.41926,0.65748,-0.10709,0.42839,0.15206,0.17434,0.04817,0.04745,0.00246,0.45921,0.43654,0.0071,0.14348,0.08626,0.36541,0.50559,2.39518,3.9597,0.61451,-0.79569,-0.43785,-38.49577
20260926-133259,20260926-133259-1,1,58524.095,0.49483,0.13411,0.41966,0.65733,-0.1052,0.42907,0.14669,0.16884,0.05026,0.0495,0.00248,0.45756,0.43452,0.00714,0.1422,0.08436,0.36265,0.5032,2.40386,3.94309,0.6019,-0.78873,-0.44456,-38.48878
20260926-133259,20260926-133259-1,1,58524.127,0.49545,0.13285,0.41951,0.65618,-0.10364,0.42914,0.14288,0.16533,0.05196,0.05097,0.00256,0.45212,0.42913,0.00727,0.1416,0.0834,0.3619,0.50444,2.41177,3.9542,0.58431,-0.78254,-0.44614,-38.48478
20260926-133259,20260926-133259-1,1,58524.161,0.49702,0.13174,0.41933,0.65475,-0.1026,0.42948,0.14028,0.16304,0.05309,0.05191,0.00263,0.44544,0.4222,0.00752,0.14082,0.08256,0.35933,0.50452,2.41392,3.95673,0.57064,-0.77717,-0.44784,-38.48191
20260926-133259,20260926-133259-1,1,58524.19,0.49899,0.13087,0.41867,0.65305,-0.1022,0.42901,0.13928,0.16238,0.05362,0.05238,0.00273,0.43691,0.41339,0.00782,0.14137,0.08274,0.35843,0.50566,2.41875,3.96779,0.56149,-0.77425,-0.4483,-38.47654
20260926-133259,20260926-133259-1,1,58524.238,0.50064,0.13015,0.41849,0.65109,-0.10192,0.42862,0.13833,0.16173,0.05401,0.05271,0.00281,0.42966,0.40607,0.00809,0.14156,0.08246,0.35804,0.50601,2.41827,3.97417,0.55786,-0.77101,-0.44904,-38.47192
20260926-133259,20260926-133259-1,1,58524.271,0.50241,0.12976,0.41825,0.6502,-0.10192,0.42851,0.13845,0.162,0.05407,0.05278,0.00287,0.4236,0.39971,0.0084,0.1417,0.08258,0.35797,0.50693,2.41698,3.97344,0.55412,-0.76886,-0.44984,-38.47025
20260926-133259,20260926-133259-1,1,58524.302,0.50339,0.12937,0.41801,0.64947,-0.10187,0.42856,0.13798,0.16152,0.05432,0.05307,0.00291,0.41907,0.3951,0.00862,0.14154,0.08268,0.35796,0.50724,2.41727,3.97794,0.5573,-0.76629,-0.45023,-38.46851
20260926-133259,20260926-133259-1,1,58524.335,0.50397,0.12908,0.41757,0.6487,-0.10187,0.42848,0.13757,0.16118,0.05451,0.05335,0.00296,0.41539,0.39166,0.00876,0.14161,0.08304,0.35907,0.50871,2.41526,3.99832,0.55517,-0.76423,-0.45049,-38.46561
20260926-133259,20260926-133259-1,1,58524.365,0.50725,0.12859,0.41566,0.64312,-0.10307,0.42815,0.1373,0.16158,0.05486,0.05343,0.00333,0.39245,0.36992,0.00954,0.14502,0.08539,0.35482,0.51097,2.41178,4.01599,0.54388,-0.76302,-0.45324,-38.46817
20260926-133259,20260926-133259-1,1,58524.397,0.5171,0.12736,0.41276,0.62926,-0.10542,0.42718,0.13845,0.16362,0.05478,0.05344,0.00443,0.33573,0.31619,0.01218,0.14948,0.08951,0.35401,0.51201,2.40543,4.01983,0.53607,-0.7621,-0.4559,-38.46713
20260926-133259,20260926-133259-1,1,58524.429,0.52783,0.1258,0.40956,0.62053,-0.10672,0.42582,0.13845,0.16454,0.05505,0.05415,0.00569,0.28578,0.27337,0.01556,0.15361,0.09383,0.35461,0.51259,2.40578,4.02864,0.52442,-0.76236,-0.45835,-38.46491
20260926-133259,20260926-133259-1,1,58524.464,0.53495,0.12405,0.40754,0.61487,-0.10684,0.42522,0.13685,0.16356,0.05577,0.05533,0.00694,0.25143,0.24592,0.0183,0.155,0.09612,0.35577,0.51217,2.39938,4.06423,0.52732,-0.76289,-0.45876,-38.4609
20260926-133259,20260926-133259-1,1,58524.494,0.54033,0.12413,0.40654,0.61087,-0.10781,0.42543,0.13901,0.16611,0.05485,0.05454,0.00804,0.22752,0.2286,0.02049,0.15563,0.09832,0.35693,0.51281,2.39119,4.0764,0.53214,-0.76398,-0.45958,-38.46481
20260926-133259,20260926-133259-1,1,58524.524,0.54422,0.12933,0.41338,0.60519,-0.11696,0.43325,0.16311,0.19086,0.04529,0.04468,0.00934,0.20588,0.21219,0.02231,0.15378,0.09565,0.35385,0.50848,2.37987,4.11798,0.54765,-0.76559,-0.45538,-38.46784
20260926-133259,20260926-133259-1,1,58524.558,0.54587,0.13452,0.4239,0.60434,-0.12338,0.44201,0.18699,0.21519,0.03834,0.03699,0.00963,0.20064,0.20859,0.02274,0.14797,0.08839,0.35024,0.50096,2.36073,4.21244,0.56972,-0.76737,-0.44627,-38.45998
20260926-133259,20260926-133259-1,1,58524.605,0.54792,0.14151,0.43712,0.60491,-0.13148,0.45228,0.22205,0.24916,0.03077,0.02907,0.0097,0.1964,0.20755,0.02321,0.14072,0.08039,0.34666,0.48608,2.34141,4.26355,0.59243,-0.76745,-0.43803,-38.45077
20260926-133259,20260926-133259-1,1,58524.639,0.54886,0.14299,0.43942,0.6058,-0.13314,0.45459,0.23176,0.25818,0.02909,0.02743,0.00965,0.19534,0.20828,0.02342,0.13857,0.07934,0.34654,0.48221,2.33694,4.30147,0.60553,-0.76712,-0.43351,-38.44624
20260926-133259,20260926-133259-1,1,58524.669,0.54953,0.14345,0.4403,0.60583,-0.13287,0.45466,0.23323,0.26,0.02887,0.02703,0.00968,0.19433,0.20791,0.02355,0.13841,0.07847,0.34668,0.48004,2.33927,4.32579,0.60633,-0.76627,-0.43051,-38.44355
20260926-133259,20260926-133259-1,1,58524.703,0.55009,0.14356,0.43963,0.60474,-0.13262,0.45326,0.23309,0.26026,0.02884,0.02697,0.00989,0.1914,0.20554,0.0238,0.13937,0.07909,0.34895,0.47932,2.34526,4.39216,0.60041,-0.76417,-0.42509,-38.43456
20260926-133259,20260926-133259-1,1,58524.733,0.55059,0.1432,0.43882,0.604,-0.13215,0.45216,0.23196,0.25903,0.02893,0.02711,0.01001,0.18907,0.20418,0.02405,0.13959,0.0795,0.35048,0.4793,2.35227,4.43431,0.59689,-0.76187,-0.42201,-38.43142
20260926-133259,20260926-133259-1,1,58524.769,0.55124,0.14287,0.43841,0.60368,-0.13207,0.45182,0.23238,0.25899,0.02884,0.02713,0.01022,0.18571,0.20203,0.02442,0.13954,0.07994,0.3527,0.4795,2.36103,4.48356,0.59178,-0.75864,-0.41938,-38.42152
20260926-133259,20260926-133259-1,1,58524.798,0.55167,0.14271,0.43827,0.60355,-0.13189,0.45157,0.23241,0.25885,0.02883,0.02712,0.01032,0.1839,0.20106,0.02464,0.13957,0.07998,0.35367,0.48097,2.36205,4.50846,0.59211,-0.75622,-0.41895,-38.41516
20260926-133259,20260926-133259-1,1,58524.828,0.55232,0.14244,0.4378,0.60321,-0.13168,0.45082,0.23243,0.25878,0.02883,0.02713,0.01046,0.18169,0.19958,0.02491,0.1398,0.08008,0.3546,0.48215,2.36173,4.51461,0.58691,-0.7536,-0.41948,-38.4069
20260926-133259,20260926-133259-1,1,58524.862,0.55296,0.14218,0.43738,0.60322,-0.13152,0.45019,0.23231,0.25831,0.02883,0.0272,0.01058,0.17932,0.19829,0.02525,0.13994,0.0803,0.35601,0.48289,2.36052,4.52263,0.57901,-0.75008,-0.42008,-38.39571
20260926-133259,20260926-133259-1,1,58524.893,0.55374,0.14194,0.4369,0.60378,-0.13091,0.44968,0.23196,0.25779,0.02897,0.0273,0.01072,0.17683,0.19709,0.02568,0.14013,0.08047,0.35708,0.48423,2.3778,4.55473,0.57607,-0.74684,-0.41902,-38.3867
20260926-133259,20260926-133259-1,1,58524.926,0.55494,0.14176,0.43593,0.60344,-0.13075,0.44915,0.23107,0.25659,0.02917,0.02749,0.01112,0.17149,0.1936,0.02654,0.1412,0.08142,0.35651,0.4845,2.3933,4.57876,0.56806,-0.74157,-0.4188,-38.37637
20260926-133259,20260926-133259-1,1,58524.972,0.55539,0.14124,0.43346,0.60381,-0.13033,0.44764,0.22735,0.25299,0.02989,0.02821,0.01135,0.16901,0.19184,0.02699,0.14431,0.08386,0.35573,0.48632,2.4216,4.61542,0.55528,-0.73618,-0.41961,-38.35735
20260926-133259,20260926-133259-1,1,58525.005,0.52936,0.14359,0.4348,0.62447,-0.12747,0.44743,0.21689,0.24189,0.03173,0.02986,0.00553,0.27896,0.27223,0.01607,0.14308,0.08202,0.35535,0.48698,2.42793,4.62688,0.53179,-0.72902,-0.42666,-38.35305
20260926-133259,20260926-133259-1,1,58525.038,0.49991,0.14474,0.43588,0.65334,-0.12065,0.44562,0.20092,0.22344,0.03466,0.03248,0.00274,0.42574,0.40467,0.00823,0.14014,0.07764,0.35359,0.49109,2.44031,4.60325,0.51894,-0.72269,-0.43903,-38.3545
20260926-133259,20260926-133259-1,1,58525.07,0.48819,0.1457,0.43766,0.66631,-0.11787,0.44537,0.19587,0.2178,0.03546,0.03304,0.00204,0.4924,0.46911,0.00616,0.13885,0.07537,0.35132,0.48768,2.45579,4.59993,0.51741,-0.71452,-0.44719,-38.35186
20260926-133259,20260926-133259-1,1,58525.102,0.48373,0.14534,0.43899,0.6717,-0.1154,0.44515,0.18969,0.21192,0.03685,0.03401,0.0018,0.52134,0.49614,0.00547,0.13793,0.07283,0.34858,0.48556,2.46835,4.58687,0.51794,-0.70651,-0.4563,-38.3505
20260926-133259,20260926-133259-1,1,58525.135,0.48092,0.14581,0.44056,0.67375,-0.11473,0.44518,0.19034,0.21272,0.0366,0.03356,0.0017,0.5363,0.5114,0.00505,0.13681,0.07077,0.34822,0.47991,2.49524,4.58472,0.52961,-0.70089,-0.46098,-38.3523
20260926-133259,20260926-133259-1,1,58525.164,0.47727,0.14647,0.44104,0.67613,-0.1146,0.4453,0.18991,0.21254,0.03661,0.03342,0.0016,0.55299,0.52894,0.00462,0.13679,0.07005,0.34782,0.47992,2.48805,4.57229,0.53014,-0.69521,-0.4627,-38.35186
20260926-133259,20260926-133259-1,1,58525.196,0.47296,0.14753,0.44132,0.68338,-0.11419,0.44534,0.19156,0.21403,0.03633,0.03298,0.00137,0.58436,0.5596,0.00412,0.13689,0.06945,0.34736,0.48191,2.49204,4.57511,0.53342,-0.68908,-0.46417,-38.35692
20260926-133259,20260926-133259-1,1,58525.231,0.46922,0.14827,0.44192,0.68694,-0.11381,0.44512,0.19246,0.21497,0.03611,0.03267,0.00126,0.60393,0.57994,0.00374,0.13668,0.06886,0.34789,0.4831,2.49598,4.56274,0.52733,-0.68451,-0.46545,-38.36233
20260926-133259,20260926-133259-1,1,58525.263,0.46906,0.14836,0.44205,0.6886,-0.11363,0.44496,0.19317,0.21569,0.036,0.03253,0.00121,0.60958,0.58536,0.0037,0.13675,0.06859,0.34831,0.48441,2.50101,4.56375,0.53486,-0.68257,-0.46641,-38.36389
20260926-133259,20260926-133259-1,1,58525.294,0.47049,0.14826,0.44225,0.68837,-0.11359,0.44492,0.19366,0.21637,0.03593,0.03244,0.00122,0.60656,0.58211,0.00381,0.13669,0.06828,0.34855,0.48432,2.50295,4.55497,0.54093,-0.68223,-0.46767,-38.36564
20260926-133259,20260926-133259-1,1,58525.344,0.47119,0.14716,0.44272,0.68808,-0.11308,0.44487,0.19111,0.21392,0.03651,0.03306,0.00122,0.60558,0.58057,0.00387,0.13613,0.06711,0.34916,0.48332,2.50182,4.55623,0.55832,-0.68359,-0.46986,-38.36528
20260926-133259,20260926-133259-1,1,58525.36,0.47157,0.14699,0.44278,0.68784,-0.11305,0.44483,0.19079,0.21372,0.03658,0.03313,0.00122,0.60471,0.57961,0.0039,0.13617,0.06698,0.34925,0.48348,2.49973,4.5526,0.56171,-0.68377,-0.47062,-38.36544
20260926-133259,20260926-133259-1,1,58525.405,0.47098,0.1456,0.4437,0.68868,-0.11145,0.44452,0.18539,0.20823,0.03775,0.0344,0.0012,0.60886,0.58332,0.00385,0.1343,0.06526,0.35187,0.48249,2.48886,4.55914,0.58473,-0.6874,-0.47582,-38.36665
20260926-133259,20260926-133259-1,1,58525.439,0.47093,0.14612,0.44261,0.689,-0.11155,0.4433,0.18688,0.20984,0.03733,0.03408,0.00118,0.6104,0.58522,0.00383,0.1352,0.06664,0.35604,0.48672,2.47087,4.55765,0.59139,-0.6882,-0.48078,-38.37104
20260926-133259,20260926-133259-1,1,58525.468,0.47021,0.14587,0.44145,0.68952,-0.11112,0.44192,0.18604,0.20886,0.03745,0.03435,0.00116,0.6135,0.58838,0.00379,0.13558,0.06761,0.35932,0.49023,2.45869,4.56619,0.59636,-0.68886,-0.48473,-38.36919
20260926-133259,20260926-133259-1,1,58525.502,0.46986,0.14606,0.44027,0.69052,-0.11087,0.44069,0.18745,0.21009,0.0371,0.03409,0.00113,0.61651,0.59154,0.00376,0.13579,0.06838,0.36343,0.49505,2.44657,4.59336,0.60304,-0.68873,-0.48832,-38.36835
20260926-133259,20260926-133259-1,1,58525.533,0.46946,0.14621,0.4395,0.69132,-0.11063,0.44012,0.18845,0.21111,0.03687,0.03391,0.00112,0.61883,0.59405,0.00374,0.13576,0.06911,0.36586,0.49863,2.44169,4.62083,0.60869,-0.68865,-0.49162,-38.36778
20260926-133259,20260926-133259-1,1,58525.568,0.46941,0.14665,0.43776,0.69159,-0.11098,0.43852,0.19008,0.21264,0.03645,0.03363,0.00111,0.61905,0.59433,0.00374,0.13748,0.07108,0.36894,0.50332,2.42729,4.6324,0.61197,-0.68784,-0.4969,-38.3644
20260926-133259,20260926-133259-1,1,58525.601,0.46916,0.14721,0.43633,0.69276,-0.11101,0.43773,0.19198,0.21477,0.0361,0.03317,0.00109,0.62197,0.59724,0.00371,0.1383,0.07198,0.36997,0.50765,2.41644,4.65549,0.62228,-0.68719,-0.5003,-38.36515
20260926-133259,20260926-133259-1,1,58525.629,0.46883,0.14765,0.43555,0.69354,-0.11116,0.43731,0.19342,0.21592,0.03579,0.03293,0.00108,0.62396,0.5994,0.00369,0.13824,0.07271,0.37198,0.50922,2.40102,4.66756,0.62933,-0.68599,-0.50347,-38.36239
20260926-133259,20260926-133259-1,1,58525.681,0.4679,0.14862,0.43527,0.69436,-0.11141,0.43688,0.19431,0.21709,0.03563,0.03255,0.00107,0.62781,0.6036,0.00359,0.1386,0.07233,0.37346,0.51307,2.3783,4.69109,0.64079,-0.68347,-0.51052,-38.35459
20260926-133259,20260926-133259-1,1,58525.711,0.46791,0.14841,0.43595,0.69448,-0.11101,0.43694,0.19282,0.2153,0.03593,0.0329,0.00106,0.62785,0.60336,0.00361,0.13802,0.07197,0.37543,0.51145,2.35849,4.7135,0.64114,-0.68046,-0.51423,-38.35413
20260926-133259,20260926-133259-1,1,58525.727,0.46748,0.14869,0.43653,0.69512,-0.11085,0.43743,0.19361,0.21618,0.03578,0.03265,0.00105,0.63025,0.60595,0.00357,0.13715,0.07123,0.37538,0.51166,2.35681,4.7283,0.64529,-0.67965,-0.51543,-38.35614
20260926-133259,20260926-133259-1,1,58525.743,0.46734,0.1491,0.43696,0.69506,-0.1112,0.43768,0.19491,0.21741,0.03548,0.03233,0.00105,0.63055,0.60651,0.00355,0.137,0.07107,0.37556,0.51086,2.35116,4.72936,0.64466,-0.67782,-0.51757,-38.3549
20260926-133259,20260926-133259-1,1,58525.806,0.46705,0.14894,0.43747,0.69538,-0.11068,0.43791,0.19319,0.21568,0.03578,0.03267,0.00105,0.63159,0.6079,0.00352,0.13598,0.07058,0.37561,0.51078,2.33997,4.72755,0.66432,-0.67176,-0.52555,-38.36084
20260926-133259,20260926-133259-1,1,58525.84,0.46691,0.14571,0.43519,0.69461,-0.10714,0.43818,0.17908,0.20218,0.03921,0.03586,0.00106,0.62988,0.6048,0.00354,0.13506,0.0709,0.36691,0.51147,2.33863,4.69505,0.65237,-0.67034,-0.53435,-38.37332
20260926-133259,20260926-133259-1,1,58525.871,0.46638,0.13731,0.43268,0.69304,-0.09824,0.43903,0.14733,0.1702,0.04905,0.04562,0.00108,0.62906,0.60121,0.00357,0.12907,0.06929,0.35511,0.50962,2.32108,4.62124,0.63483,-0.66816,-0.55041,-38.38285
20260926-133259,20260926-133259-1,1,58525.901,0.4659,0.12979,0.43247,0.69058,-0.09146,0.43805,0.12605,0.14776,0.05826,0.05533,0.00111,0.62588,0.59634,0.0036,0.12503,0.06678,0.34866,0.4997,2.313,4.57344,0.62523,-0.66821,-0.56332,-38.39993
20260926-133259,20260926-133259-1,1,58525.935,0.46564,0.12366,0.42934,0.68763,-0.08676,0.43536,0.11229,0.13277,0.06593,0.06422,0.00118,0.61819,0.58797,0.00367,0.1241,0.06739,0.34926,0.49649,2.29444,4.52884,0.63262,-0.66948,-0.57494,-38.40061
20260926-133259,20260926-133259-1,1,58525.963,0.46604,0.12192,0.42645,0.68569,-0.08576,0.43317,0.10942,0.12941,0.06781,0.06693,0.00123,0.61208,0.58172,0.00373,0.1252,0.06973,0.35266,0.49772,2.28277,4.5248,0.64154,-0.67257,-0.58102,-38.40871
20260926-133259,20260926-133259-1,1,58525.999,0.46573,0.12015,0.42557,0.68349,-0.08504,0.43235,0.10676,0.12627,0.06944,0.06931,0.00128,0.60779,0.57758,0.00372,0.12498,0.0704,0.35269,0.49426,2.23455,4.50507,0.64607,-0.67747,-0.59026,-38.40454
20260926-133259,20260926-133259-1,1,58526.043,0.46495,0.11842,0.42404,0.68269,-0.0838,0.43087,0.10258,0.12095,0.07272,0.07294,0.00131,0.60701,0.57691,0.00369,0.12555,0.0715,0.35265,0.49224,2.20864,4.50309,0.66816,-0.68454,-0.59827,-38.40829
20260926-133259,20260926-133259-1,1,58526.079,0.46582,0.11876,0.42396,0.68171,-0.08442,0.43069,0.10302,0.12156,0.07229,0.07262,0.00134,0.60127,0.57092,0.00379,0.12641,0.07215,0.35286,0.49053,2.18698,4.48557,0.66941,-0.68894,-0.60415,-38.40678
20260926-133259,20260926-133259-1,1,58526.095,0.46601,0.11888,0.42409,0.68139,-0.08445,0.43056,0.10309,0.12171,0.07222,0.07253,0.00135,0.59921,0.56882,0.00382,0.12669,0.0721,0.35337,0.48984,2.18341,4.48747,0.67,-0.69124,-0.60622,-38.40738
20260926-133259,20260926-133259-1,1,58526.111,0.4657,0.11951,0.42407,0.68137,-0.08493,0.43054,0.10392,0.12287,0.07152,0.07177,0.00136,0.59912,0.56887,0.00381,0.12717,0.07231,0.35314,0.49009,2.1744,4.48952,0.67178,-0.69383,-0.60853,-38.40845
20260926-133259,20260926-133259-1,1,58526.144,0.46541,0.12041,0.424,0.68155,-0.08522,0.4302,0.10455,0.12386,0.07107,0.0711,0.00136,0.5987,0.56861,0.00382,0.12825,0.07261,0.35312,0.49161,2.16637,4.50005,0.67342,-0.69775,-0.6127,-38.40866
20260926-133259,20260926-133259-1,1,58526.205,0.4633,0.12127,0.42272,0.68228,-0.08554,0.42933,0.10506,0.12413,0.07051,0.07064,0.00132,0.60478,0.57558,0.00368,0.1299,0.07453,0.35531,0.49116,2.15625,4.53689,0.67889,-0.70882,-0.62096,-38.40328
20260926-133259,20260926-133259-1,1,58526.237,0.46395,0.12275,0.42304,0.68252,-0.0867,0.42956,0.10811,0.12746,0.06844,0.0682,0.00132,0.60365,0.57478,0.00371,0.13036,0.07462,0.35527,0.4929,2.14852,4.55327,0.68238,-0.71263,-0.62612,-38.40097
20260926-133259,20260926-133259-1,1,58526.27,0.46345,0.12368,0.42326,0.68255,-0.08728,0.43057,0.10915,0.12853,0.06785,0.06718,0.00132,0.60375,0.57522,0.00371,0.12991,0.07471,0.35177,0.49319,2.14702,4.56976,0.67695,-0.71525,-0.6304,-38.39999
20260926-133259,20260926-133259-1,1,58526.302,0.46333,0.12406,0.42209,0.68272,-0.08778,0.43015,0.11006,0.12935,0.06737,0.06675,0.00131,0.60412,0.57562,0.00371,0.13093,0.07625,0.35292,0.49473,2.13819,4.58772,0.67889,-0.71647,-0.63253,-38.40215
20260926-133259,20260926-133259-1,1,58526.335,0.46413,0.12474,0.42248,0.68261,-0.0883,0.43039,0.11186,0.13122,0.06635,0.06544,0.00132,0.60269,0.57377,0.00376,0.13139,0.07634,0.35213,0.49442,2.13379,4.59868,0.67769,-0.71856,-0.6355,-38.40504
20260926-133259,20260926-133259-1,1,58526.366,0.46454,0.125,0.42218,0.6829,-0.08843,0.42996,0.11274,0.13211,0.06589,0.0649,0.0013,0.6036,0.57426,0.00378,0.13207,0.07666,0.35271,0.49559,2.1251,4.59717,0.67779,-0.72137,-0.63884,-38.40672
20260926-133259,20260926-133259-1,1,58526.415,0.46492,0.12533,0.4211,0.68293,-0.08863,0.42902,0.11336,0.13284,0.06553,0.0646,0.00129,0.60528,0.57584,0.00378,0.13324,0.07798,0.35359,0.49766,2.10063,4.58459,0.68076,-0.72557,-0.64382,-38.41033
20260926-133259,20260926-133259-1,1,58526.445,0.47475,0.12398,0.41702,0.67449,-0.08991,0.42723,0.11488,0.13486,0.06513,0.06479,0.00156,0.56153,0.5305,0.00469,0.13675,0.08228,0.35587,0.50246,2.09549,4.5837,0.69709,-0.73084,-0.64573,-38.41134
20260926-133259,20260926-133259-1,1,58526.46,0.4778,0.1236,0.41533,0.67173,-0.09039,0.4263,0.11566,0.1358,0.0649,0.06476,0.00166,0.54727,0.51603,0.00502,0.13843,0.08412,0.35701,0.50483,2.09103,4.58129,0.70365,-0.73296,-0.64681,-38.41148
20260926-133259,20260926-133259-1,1,58526.478,0.49374,0.12227,0.41342,0.65611,-0.09276,0.42571,0.11973,0.14113,0.06339,0.0633,0.00234,0.46756,0.43623,0.00721,0.14165,0.08752,0.35914,0.50651,2.08559,4.59718,0.70852,-0.73572,-0.64638,-38.41382
20260926-133259,20260926-133259-1,1,58526.508,0.51004,0.12075,0.4119,0.64073,-0.0957,0.42438,0.12359,0.14611,0.06227,0.06232,0.0033,0.38793,0.35829,0.01053,0.14621,0.09063,0.36284,0.50703,2.07792,4.59758,0.70817,-0.73828,-0.64727,-38.4138
20260926-133259,20260926-133259-1,1,58526.541,0.51914,0.12001,0.41036,0.63233,-0.09796,0.42356,0.12616,0.14954,0.06146,0.06164,0.00417,0.33987,0.31601,0.01301,0.15011,0.09328,0.36477,0.50721,2.07969,4.58862,0.69997,-0.74058,-0.64959,-38.41567
20260926-133259,20260926-133259-1,1,58526.608,0.52746,0.1195,0.4081,0.62671,-0.10031,0.42207,0.12831,0.15247,0.06054,0.0611,0.00523,0.29586,0.28148,0.01568,0.15509,0.09699,0.36798,0.50637,2.075,4.5776,0.68274,-0.74401,-0.65339,-38.4187
20260926-133259,20260926-133259-1,1,58526.64,0.53209,0.11902,0.4072,0.62348,-0.10109,0.42122,0.13013,0.15469,0.05984,0.06048,0.00594,0.27304,0.26379,0.01731,0.15715,0.09824,0.37054,0.5067,2.06523,4.58429,0.68315,-0.7456,-0.65419,-38.42318
20260926-133259,20260926-133259-1,1,58526.67,0.53756,0.11849,0.40606,0.62084,-0.10162,0.41969,0.13223,0.15677,0.05894,0.05976,0.0067,0.25091,0.25031,0.01902,0.15949,0.09968,0.37329,0.50895,2.04184,4.58779,0.68431,-0.74713,-0.65508,-38.42746
20260926-133259,20260926-133259-1,1,58526.701,0.54229,0.11783,0.40527,0.61914,-0.10189,0.41842,0.13372,0.15808,0.05831,0.05942,0.00738,0.23327,0.24016,0.02063,0.16119,0.10064,0.37611,0.5105,2.02912,4.58685,0.68345,-0.74866,-0.65575,-38.4315
20260926-133259,20260926-133259-1,1,58526.735,0.54482,0.11783,0.40484,0.61819,-0.10231,0.41728,0.13584,0.16025,0.05731,0.05847,0.00777,0.22406,0.23451,0.02152,0.16262,0.10138,0.37876,0.51148,2.01247,4.59314,0.68785,-0.75023,-0.65667,-38.43459
20260926-133259,20260926-133259-1,1,58526.78,0.54714,0.11774,0.40303,0.61757,-0.10256,0.41643,0.13747,0.16199,0.0566,0.05788,0.00806,0.21727,0.2308,0.02224,0.1637,0.10362,0.38055,0.51398,1.99208,4.5886,0.69313,-0.75233,-0.65788,-38.43819
20260926-133259,20260926-133259-1,1,58526.817,0.54951,0.11746,0.4022,0.61754,-0.10253,0.41582,0.13822,0.16258,0.05631,0.05766,0.00833,0.2106,0.22754,0.02305,0.16429,0.10415,0.38159,0.51562,1.98425,4.58532,0.6989,-0.75358,-0.65862,-38.43739
20260926-133259,20260926-133259-1,1,58526.827,0.54992,0.11743,0.40185,0.6176,-0.10252,0.41568,0.13844,0.16279,0.05621,0.0576,0.00837,0.20966,0.22721,0.02318,0.16435,0.10453,0.38188,0.51616,1.9819,4.58503,0.69982,-0.75399,-0.65878,-38.43766
20260926-133259,20260926-133259-1,1,58526.847,0.55047,0.11738,0.40097,0.61759,-0.10267,0.41492,0.13895,0.16336,0.05602,0.05745,0.00841,0.20859,0.22676,0.02333,0.16581,0.10545,0.38261,0.51708,1.97089,4.59021,0.70101,-0.75463,-0.65918,-38.43451
20260926-133259,20260926-133259-1,1,58526.878,0.55061,0.11742,0.39887,0.61804,-0.10283,0.41378,0.13981,0.16446,0.05558,0.05725,0.00836,0.20885,0.22772,0.02333,0.16739,0.10814,0.38465,0.51766,1.96444,4.60071,0.70526,-0.75628,-0.6608,-38.43744
20260926-133259,20260926-133259-1,1,58526.909,0.55056,0.11739,0.39728,0.61802,-0.10317,0.41214,0.14048,0.16538,0.05532,0.0571,0.00836,0.2092,0.22792,0.02327,0.17064,0.11007,0.38569,0.5185,1.94997,4.60097,0.70289,-0.7573,-0.66427,-38.43238
20260926-133259,20260926-133259-1,1,58526.944,0.55167,0.11723,0.39643,0.61787,-0.10327,0.41133,0.14204,0.16709,0.05468,0.05642,0.00851,0.20579,0.22603,0.02369,0.17209,0.11096,0.3868,0.52031,1.93427,4.64764,0.69871,-0.75733,-0.66403,-38.42889
20260926-133259,20260926-133259-1,1,58527.006,0.55302,0.11652,0.39403,0.61802,-0.10295,0.40861,0.143,0.16799,0.05444,0.05631,0.00867,0.20207,0.22451,0.02422,0.17614,0.11289,0.39012,0.52343,1.91378,4.7263,0.69116,-0.7568,-0.66178,-38.41698
20260926-133259,20260926-133259-1,1,58527.038,0.55337,0.11648,0.39342,0.61806,-0.10298,0.40879,0.14463,0.16961,0.0538,0.05563,0.00871,0.20112,0.22406,0.02436,0.17571,0.11332,0.39116,0.52562,1.9092,4.76584,0.69092,-0.7566,-0.66164,-38.41455
20260926-133259,20260926-133259-1,1,58527.07,0.55357,0.11681,0.39181,0.61832,-0.10355,0.40759,0.14658,0.17167,0.05305,0.05487,0.00871,0.20063,0.22417,0.02444,0.17719,0.1141,0.39384,0.52971,1.91156,4.79209,0.69493,-0.75668,-0.66027,-38.41248
20260926-133259,20260926-133259-1,1,58527.102,0.55432,0.12377,0.3931,0.61892,-0.11332,0.41148,0.17621,0.20095,0.04268,0.04396,0.00872,0.19821,0.22383,0.02462,0.17923,0.11849,0.39402,0.53098,1.92042,4.86186,0.72676,-0.75679,-0.65181,-38.40558
20260926-133259,20260926-133259-1,1,58527.148,0.55506,0.1316,0.40182,0.61843,-0.12206,0.42273,0.20905,0.23314,0.03461,0.03485,0.0088,0.196,0.22217,0.02472,0.17201,0.11535,0.38633,0.52787,1.93092,4.92373,0.75493,-0.75729,-0.64088,-38.39268
20260926-133259,20260926-133259-1,1,58527.179,0.55538,0.13322,0.4069,0.6186,-0.12245,0.42412,0.21613,0.23998,0.03325,0.0331,0.00878,0.19619,0.22204,0.02467,0.16874,0.11062,0.39112,0.52674,1.93894,4.98287,0.76313,-0.75788,-0.63407,-38.3866
20260926-133259,20260926-133259-1,1,58527.196,0.55548,0.13396,0.40919,0.61848,-0.12289,0.42497,0.21949,0.2432,0.03261,0.03233,0.00878,0.19614,0.22175,0.02464,0.16732,0.10867,0.39263,0.52605,1.93908,4.99272,0.76477,-0.7579,-0.6324,-38.38243
20260926-133259,20260926-133259-1,1,58527.214,0.55552,0.13492,0.4109,0.61848,-0.12325,0.42582,0.2227,0.24642,0.032,0.03155,0.00877,0.19626,0.22163,0.02459,0.16596,0.10727,0.39355,0.52581,1.94484,5.01509,0.76918,-0.75851,-0.62959,-38.37682
20260926-133259,20260926-133259-1,1,58527.247,0.55527,0.13631,0.41309,0.61842,-0.12408,0.42672,0.22816,0.25187,0.031,0.03034,0.00871,0.1974,0.22199,0.02438,0.16472,0.10547,0.39467,0.52416,1.94943,5.03898,0.77627,-0.75944,-0.62575,-38.37239
20260926-133259,20260926-133259-1,1,58527.28,0.55541,0.1373,0.41416,0.61776,-0.12477,0.42729,0.23157,0.25543,0.03036,0.02959,0.00877,0.1967,0.22117,0.02439,0.16437,0.10501,0.39523,0.52307,1.94649,5.05277,0.78122,-0.76022,-0.62256,-38.36795
20260926-133259,20260926-133259-1,1,58527.311,0.55476,0.1378,0.41569,0.6176,-0.12515,0.42839,0.23336,0.25712,0.02998,0.02918,0.00869,0.19822,0.22177,0.02414,0.16271,0.10361,0.39484,0.52168,1.94677,5.05878,0.78471,-0.76142,-0.62103,-38.36373
20260926-133259,20260926-133259-1,1,58527.342,0.55433,0.13836,0.41744,0.61743,-0.12589,0.42984,0.23707,0.26068,0.0293,0.02846,0.00863,0.1993,0.22214,0.02393,0.16096,0.10182,0.39464,0.52008,1.94846,5.06491,0.79259,-0.76287,-0.61906,-38.35839
20260926-133259,20260926-133259-1,1,58527.407,0.55359,0.13874,0.41883,0.61764,-0.12596,0.43114,0.24019,0.26363,0.02868,0.02783,0.00843,0.20216,0.22421,0.02353,0.1582,0.09992,0.3955,0.51942,1.94814,5.0757,0.80268,-0.7657,-0.61479,-38.35435
20260926-133259,20260926-133259-1,1,58527.44,0.55423,0.13894,0.41757,0.61764,-0.12618,0.42979,0.24078,0.26425,0.02856,0.02776,0.0085,0.20027,0.22316,0.02377,0.15963,0.10128,0.39706,0.52186,1.95478,5.09653,0.80127,-0.76803,-0.6115,-38.34646
20260926-133259,20260926-133259-1,1,58527.473,0.5493,0.13925,0.41766,0.61891,-0.12576,0.42963,0.23876,0.26312,0.02885,0.02788,0.00768,0.21733,0.23313,0.02175,0.15945,0.10076,0.39566,0.52256,1.95889,5.10505,0.7995,-0.77152,-0.61015,-38.34031
20260926-133259,20260926-133259-1,1,58527.516,0.53785,0.1405,0.41848,0.62501,-0.12493,0.42958,0.23459,0.26003,0.02945,0.02821,0.00584,0.26421,0.26313,0.01765,0.15912,0.09956,0.39337,0.52275,1.94834,5.10841,0.80062,-0.77782,-0.60994,-38.33022
20260926-133259,20260926-133259-1,1,58527.55,0.53215,0.1409,0.41905,0.62867,-0.12424,0.42952,0.23122,0.25665,0.02993,0.02859,0.00504,0.29088,0.2828,0.01572,0.15899,0.09869,0.39241,0.52274,1.9412,5.10793,0.80596,-0.78141,-0.61038,-38.32628
20260926-133259,20260926-133259-1,1,58527.561,0.53059,0.14096,0.41913,0.62979,-0.12401,0.42947,0.23027,0.25558,0.03007,0.02871,0.00484,0.29847,0.2888,0.01521,0.15896,0.09847,0.39223,0.52288,1.93995,5.10763,0.80646,-0.78244,-0.61048,-38.32508
20260926-133259,20260926-133259-1,1,58527.58,0.52743,0.14109,0.41913,0.63229,-0.1232,0.42906,0.22724,0.25243,0.03058,0.02915,0.00444,0.31457,0.30158,0.01422,0.15901,0.09812,0.39144,0.52346,1.93752,5.10393,0.81115,-0.78465,-0.61105,-38.3205
20260926-133259,20260926-133259-1,1,58527.615,0.52292,0.14141,0.41931,0.63578,-0.12228,0.42817,0.22422,0.24935,0.03113,0.02956,0.00394,0.33837,0.3202,0.01289,0.15985,0.09751,0.39041,0.52379,1.93698,5.11138,0.81811,-0.78893,-0.61161,-38.31388
20260926-133259,20260926-133259-1,1,58527.648,0.51976,0.14077,0.41947,0.63839,-0.12066,0.4278,0.21814,0.24327,0.03219,0.03053,0.00361,0.35607,0.33399,0.01204,0.1592,0.09624,0.3891,0.52306,1.93193,5.11004,0.83122,-0.79217,-0.61336,-38.30413
20260926-133259,20260926-133259-1,1,58527.678,0.51701,0.14057,0.41972,0.64063,-0.11957,0.42781,0.21438,0.23961,0.03281,0.03108,0.00341,0.36835,0.34519,0.01134,0.15821,0.09519,0.38726,0.52248,1.92738,5.11658,0.83902,-0.79517,-0.61511,-38.30264
20260926-133259,20260926-133259-1,1,58527.711,0.51504,0.14009,0.41991,0.64266,-0.11823,0.42814,0.20971,0.23531,0.0336,0.03187,0.00322,0.38107,0.35693,0.01071,0.15684,0.09443,0.38563,0.52325,1.9174,5.1179,0.84782,-0.79812,-0.61728,-38.29806
20260926-133259,20260926-133259-1,1,58527.742,0.51309,0.14003,0.41951,0.64436,-0.11746,0.4281,0.20627,0.23205,0.03419,0.03245,0.00309,0.39031,0.36565,0.01027,0.15658,0.09467,0.38385,0.52362,1.919,5.1262,0.8587,-0.80015,-0.61894,-38.2944
20260926-133259,20260926-133259-1,1,58527.806,0.51134,0.13967,0.41829,0.64734,-0.11608,0.42755,0.20123,0.22716,0.03522,0.03349,0.0029,0.40207,0.37632,0.00988,0.15687,0.09552,0.38164,0.52389,1.9167,5.1315,0.85289,-0.80079,-0.62219,-38.28784
20260926-133259,20260926-133259-1,1,58527.84,0.51072,0.13923,0.41751,0.64884,-0.11542,0.42712,0.19896,0.22476,0.03569,0.03404,0.00281,0.40736,0.38091,0.00976,0.15678,0.09597,0.3819,0.52413,1.91738,5.14025,0.85222,-0.80121,-0.62285,-38.28471
20260926-133259,20260926-133259-1,1,58527.887,0.51025,0.13902,0.41648,0.65137,-0.11493,0.42694,0.1972,0.22275,0.03604,0.03453,0.00266,0.41583,0.3882,0.00964,0.15683,0.09679,0.38188,0.52553,1.92308,5.14397,0.85292,-0.80126,-0.62445,-38.28084
20260926-133259,20260926-133259-1,1,58527.919,0.50946,0.1386,0.41597,0.65304,-0.11416,0.42675,0.19465,0.22009,0.03658,0.03512,0.00256,0.42242,0.39385,0.00947,0.15641,0.09672,0.38156,0.52585,1.92988,5.14841,0.85163,-0.80131,-0.62601,-38.28126
20260926-133259,20260926-133259-1,1,58527.944,0.5092,0.13828,0.41532,0.65353,-0.11378,0.42634,0.19312,0.21852,0.03691,0.03552,0.00253,0.42481,0.39586,0.00942,0.15649,0.09714,0.382,0.52646,1.93153,5.1515,0.85013,-0.80112,-0.62655,-38.28072
20260926-133259,20260926-133259-1,1,58527.963,0.50909,0.13815,0.41507,0.65438,-0.11342,0.42617,0.19236,0.21778,0.03711,0.03572,0.00249,0.42746,0.39804,0.00938,0.15638,0.09711,0.38217,0.52729,1.93036,5.15272,0.85151,-0.80041,-0.62718,-38.28083
20260926-133259,20260926-133259-1,1,58527.98,0.50872,0.13826,0.41497,0.65531,-0.11336,0.4259,0.19199,0.21734,0.03717,0.03581,0.00244,0.43048,0.40086,0.00932,0.15686,0.0974,0.38245,0.52756,1.92985,5.1514,0.84814,-0.79803,-0.62781,-38.2799
20260926-133259,20260926-133259-1,1,58528.015,0.50485,0.13875,0.41566,0.65977,-0.11274,0.42698,0.18909,0.21417,0.03772,0.03624,0.00222,0.45035,0.41947,0.00861,0.15571,0.09618,0.37809,0.52485,1.94064,5.15017,0.84143,-0.79255,-0.62899,-38.27635
20260926-133259,20260926-133259-1,1,58528.046,0.5024,0.13918,0.41575,0.6622,-0.11255,0.42694,0.18656,0.21138,0.03812,0.0367,0.00209,0.46175,0.43009,0.00827,0.15573,0.0961,0.37756,0.52295,1.9497,5.13114,0.83322,-0.78568,-0.63083,-38.2719
20260926-133259,20260926-133259-1,1,58528.08,0.5017,0.13919,0.41571,0.66168,-0.11257,0.42693,0.18458,0.20939,0.03858,0.03722,0.00213,0.45975,0.42851,0.00824,0.15585,0.0962,0.37831,0.52191,1.97489,5.11895,0.81671,-0.77611,-0.63214,-38.27116
20260926-133259,20260926-133259-1,1,58528.109,0.50201,0.13884,0.41518,0.66099,-0.11227,0.42624,0.18409,0.20869,0.03878,0.03744,0.00216,0.45751,0.42588,0.0083,0.15598,0.09611,0.38045,0.52187,1.98955,5.09828,0.80657,-0.7679,-0.63422,-38.26276
20260926-133259,20260926-133259-1,1,58528.143,0.50189,0.13786,0.4146,0.66115,-0.11119,0.42567,0.17985,0.20442,0.03991,0.03864,0.00216,0.45603,0.42445,0.00837,0.15567,0.09584,0.38241,0.52182,2.0153,5.09346,0.79421,-0.75945,-0.63529,-38.26262
20260926-133259,20260926-133259-1,1,58528.208,0.50233,0.13732,0.41384,0.6614,-0.11046,0.42366,0.17423,0.19857,0.04131,0.04031,0.00214,0.4562,0.42372,0.00852,0.15694,0.09628,0.38732,0.52163,2.01925,5.04778,0.77313,-0.74465,-0.64193,-38.2709
20260926-133259,20260926-133259-1,1,58528.252,0.50261,0.13693,0.41313,0.66071,-0.11032,0.4228,0.17203,0.19618,0.04188,0.04111,0.00217,0.45318,0.42121,0.00863,0.15765,0.09706,0.38905,0.52196,2.01927,5.03269,0.76223,-0.73577,-0.64428,-38.26945
20260926-133259,20260926-133259-1,1,58528.286,0.5022,0.13699,0.41268,0.66109,-0.11033,0.42207,0.17204,0.19614,0.04188,0.04117,0.00216,0.45439,0.42299,0.00854,0.15853,0.09742,0.3897,0.52312,2.03105,5.02258,0.75197,-0.73051,-0.64593,-38.27365
20260926-133259,20260926-133259-1,1,58528.312,0.5021,0.13701,0.41238,0.66148,-0.11031,0.42139,0.17231,0.1964,0.04182,0.04112,0.00215,0.45596,0.42467,0.00848,0.1592,0.09763,0.39038,0.52397,2.0327,5.016,0.74692,-0.72779,-0.64702,-38.27619
20260926-133259,20260926-133259-1,1,58528.328,0.5021,0.1371,0.41248,0.6614,-0.11011,0.42109,0.17225,0.19637,0.04187,0.04116,0.00215,0.45631,0.42512,0.00844,0.15939,0.09767,0.39094,0.52385,2.02951,5.00886,0.74151,-0.72606,-0.64777,-38.2792
20260926-133259,20260926-133259-1,1,58528.35,0.50169,0.13705,0.41226,0.66137,-0.10998,0.42121,0.17193,0.19598,0.04197,0.04125,0.00215,0.4571,0.42606,0.00836,0.15898,0.0977,0.39068,0.52361,2.03218,4.98643,0.73604,-0.7245,-0.64929,-38.28541
20260926-133259,20260926-133259-1,1,58528.382,0.50152,0.13686,0.41238,0.66135,-0.11003,0.42129,0.1715,0.19542,0.04206,0.04137,0.00215,0.4571,0.42588,0.00836,0.15888,0.09746,0.39023,0.52239,2.03765,4.97475,0.72733,-0.72338,-0.64984,-38.29182
20260926-133259,20260926-133259-1,1,58528.415,0.50108,0.13689,0.41295,0.66138,-0.11007,0.42133,0.1713,0.19506,0.0421,0.0414,0.00215,0.45751,0.42636,0.00831,0.15875,0.09676,0.38992,0.52061,2.04422,4.96591,0.72087,-0.72233,-0.64991,-38.29636
20260926-133259,20260926-133259-1,1,58528.446,0.50113,0.13674,0.41308,0.66122,-0.11005,0.42135,0.1709,0.19466,0.04221,0.04146,0.00216,0.4573,0.42595,0.0083,0.15881,0.09632,0.38948,0.51982,2.04605,4.96266,0.71729,-0.72192,-0.64993,-38.29989
20260926-133259,20260926-133259-1,1,58528.479,0.50143,0.13657,0.41327,0.66085,-0.11004,0.42138,0.17034,0.19403,0.04238,0.04158,0.00217,0.45622,0.42466,0.00832,0.15882,0.09593,0.38891,0.51869,2.04683,4.95754,0.71519,-0.72164,-0.64961,-38.30145
20260926-133259,20260926-133259-1,1,58528.51,0.50196,0.13636,0.41327,0.65794,-0.11003,0.42219,0.17008,0.19406,0.04247,0.04152,0.00231,0.44673,0.41614,0.00845,0.15826,0.09569,0.3859,0.51893,2.04786,4.96499,0.71288,-0.72214,-0.64916,-38.30267
20260926-133259,20260926-133259-1,1,58528.542,0.50469,0.13573,0.41328,0.65041,-0.11061,0.42227,0.17031,0.19479,0.04248,0.04144,0.00271,0.41891,0.39093,0.00908,0.15786,0.09602,0.38633,0.51854,2.04307,4.96428,0.71123,-0.72313,-0.64892,-38.30768
20260926-133259,20260926-133259-2,1,58532.192,0.54439,0.13966,0.40721,0.60743,-0.13133,0.4282,0.171,0.19719,0.04312,0.04505,0.0094,0.21025,0.21994,0.02315,0.1561,0.11969,0.34649,0.49352,1.33349,2.4119,1.69031,-1.03362,-0.05922,-38.92302
20260926-133259,20260926-133259-2,1,58532.223,0.54464,0.13997,0.4083,0.60824,-0.13156,0.42846,0.1732,0.19911,0.0424,0.04434,0.00924,0.21194,0.22161,0.02297,0.15607,0.11918,0.34715,0.49193,1.32627,2.43654,1.68429,-1.03401,-0.05618,-38.91674
20260926-133259,20260926-133259-2,1,58532.269,0.5453,0.1408,0.40786,0.60912,-0.13239,0.42813,0.17737,0.20311,0.04101,0.04307,0.00905,0.21354,0.22358,0.02277,0.15735,0.12067,0.34942,0.49199,1.32085,2.45945,1.66808,-1.03572,-0.05168,-38.90578
20260926-133259,20260926-133259-2,1,58532.303,0.54557,0.14138,0.4081,0.60986,-0.13273,0.42782,0.18066,0.20634,0.04007,0.04201,0.0089,0.2154,0.22528,0.02257,0.15803,0.12053,0.3516,0.49292,1.31442,2.47821,1.65126,-1.03675,-0.04717,-38.90064
20260926-133259,20260926-133259-2,1,58532.332,0.5456,0.14226,0.40876,0.61102,-0.13313,0.42722,0.18318,0.20892,0.03932,0.04106,0.00862,0.21859,0.22828,0.02226,0.15906,0.12025,0.35235,0.49257,1.31503,2.51339,1.63656,-1.03632,-0.04085,-38.89479
20260926-133259,20260926-133259-2,1,58532.367,0.54514,0.14303,0.40803,0.61486,-0.1335,0.4251,0.18653,0.21196,0.03811,0.03991,0.00784,0.22799,0.23758,0.02138,0.16076,0.12069,0.35667,0.49275,1.30701,2.55093,1.6171,-1.03099,-0.03084,-38.88499
20260926-133259,20260926-133259-2,1,58532.399,0.5463,0.1444,0.40477,0.61721,-0.1347,0.4222,0.19363,0.21914,0.03626,0.03792,0.00747,0.23128,0.2421,0.02107,0.16446,0.12416,0.36137,0.49541,1.29551,2.56673,1.6002,-1.02132,-0.024,-38.87133
20260926-133259,20260926-133259-2,1,58532.433,0.54654,0.14433,0.4048,0.61767,-0.13413,0.42216,0.19291,0.21853,0.03641,0.03805,0.00737,0.23287,0.24369,0.02092,0.16395,0.12382,0.36355,0.49702,1.28555,2.56517,1.59913,-1.01459,-0.02133,-38.86981
20260926-133259,20260926-133259-2,1,58532.462,0.54661,0.14405,0.40468,0.61773,-0.13388,0.42206,0.19257,0.21837,0.03651,0.03818,0.00734,0.23394,0.24442,0.02083,0.16407,0.12383,0.36402,0.49864,1.28032,2.56274,1.60023,-1.01339,-0.02111,-38.87085
20260926-133259,20260926-133259-2,1,58532.493,0.54651,0.14366,0.40427,0.61767,-0.1336,0.4218,0.19165,0.21736,0.03674,0.03847,0.00734,0.23404,0.24472,0.0208,0.16412,0.12376,0.36486,0.50032,1.27574,2.56915,1.59981,-1.01324,-0.02043,-38.86924
20260926-133259,20260926-133259-2,1,58532.528,0.54589,0.14361,0.40462,0.61738,-0.13342,0.42187,0.19101,0.21667,0.0369,0.03864,0.00732,0.23501,0.24508,0.02065,0.16402,0.12369,0.36553,0.50067,1.27416,2.58566,1.5959,-1.0149,-0.01986,-38.86851
20260926-133259,20260926-133259-2,1,58532.559,0.54548,0.14323,0.40507,0.61729,-0.13203,0.42228,0.18853,0.21432,0.03754,0.0392,0.00727,0.23646,0.24561,0.0205,0.16243,0.12235,0.36737,0.50194,1.26924,2.61253,1.58796,-1.01646,-0.02058,-38.8682
20260926-133259,20260926-133259-2,1,58532.591,0.54144,0.14353,0.40691,0.61978,-0.13104,0.424,0.18772,0.21372,0.03765,0.03918,0.00653,0.25479,0.25716,0.01891,0.15875,0.11957,0.36662,0.50297,1.25918,2.64719,1.58354,-1.01769,-0.02307,-38.86479
20260926-133259,20260926-133259-2,1,58532.641,0.52669,0.14448,0.41096,0.63465,-0.12809,0.42583,0.18417,0.20803,0.03823,0.03981,0.00416,0.33177,0.31709,0.01387,0.15224,0.11378,0.36639,0.50274,1.24102,2.69965,1.56942,-1.01776,-0.0276,-38.85809
20260926-133259,20260926-133259-2,1,58532.67,0.51663,0.14515,0.41446,0.64418,-0.12595,0.42705,0.18079,0.20333,0.03885,0.0403,0.00316,0.38611,0.36333,0.01104,0.14869,0.10941,0.36401,0.50158,1.22396,2.73231,1.57145,-1.0179,-0.03356,-38.85943
20260926-133259,20260926-133259-2,1,58532.701,0.50152,0.14651,0.41886,0.65789,-0.12354,0.4278,0.17563,0.19635,0.03952,0.04098,0.00234,0.45788,0.43474,0.00771,0.14417,0.10368,0.36388,0.49822,1.22221,2.73339,1.57819,-1.01752,-0.0429,-38.85493
20260926-133259,20260926-133259-2,1,58532.733,0.48824,0.14727,0.42345,0.66725,-0.12155,0.42892,0.17009,0.18917,0.04048,0.04187,0.0019,0.51426,0.49249,0.00569,0.14027,0.09772,0.3626,0.49189,1.22163,2.73635,1.59237,-1.01752,-0.04941,-38.84732
20260926-133259,20260926-133259-2,1,58532.766,0.48049,0.14795,0.42594,0.67215,-0.12048,0.42909,0.1673,0.18556,0.04105,0.04223,0.0017,0.54647,0.52628,0.00474,0.13866,0.09418,0.36269,0.48838,1.22546,2.73032,1.60249,-1.01729,-0.05444,-38.8404
20260926-133259,20260926-133259-2,1,58532.797,0.47625,0.14811,0.42881,0.67456,-0.11966,0.43029,0.16692,0.18466,0.04103,0.04206,0.00161,0.56314,0.544,0.00429,0.13612,0.09069,0.36276,0.48519,1.23369,2.74341,1.6118,-1.01764,-0.05938,-38.83547
20260926-133259,20260926-133259-2,1,58532.828,0.47424,0.1478,0.43026,0.67599,-0.11852,0.43063,0.16472,0.1825,0.04156,0.04254,0.00155,0.57241,0.55362,0.00409,0.13488,0.08869,0.36341,0.48451,1.23947,2.75874,1.61696,-1.01813,-0.0631,-38.83162
20260926-133259,20260926-133259-2,1,58532.862,0.47251,0.14807,0.43091,0.67776,-0.11795,0.43081,0.16408,0.18194,0.04173,0.04256,0.00149,0.58206,0.56358,0.00391,0.13429,0.08733,0.36416,0.4858,1.2436,2.76691,1.61984,-1.01838,-0.06538,-38.83124
20260926-133259,20260926-133259-2,1,58532.893,0.47142,0.14782,0.43189,0.67825,-0.11736,0.43096,0.163,0.1808,0.04199,0.04279,0.00147,0.58673,0.56867,0.0038,0.13342,0.08593,0.36501,0.48494,1.24637,2.76814,1.62835,-1.01835,-0.06806,-38.82795
20260926-133259,20260926-133259-2,1,58532.926,0.47104,0.14763,0.43236,0.6784,-0.11715,0.43095,0.1628,0.18042,0.04202,0.04284,0.00145,0.58904,0.57092,0.00376,0.13303,0.08547,0.36569,0.48413,1.24822,2.77237,1.63064,-1.01802,-0.06951,-38.82247
20260926-133259,20260926-133259-2,1,58532.959,0.47109,0.1479,0.43247,0.67846,-0.11727,0.43145,0.1637,0.1812,0.04178,0.04253,0.00145,0.58977,0.57162,0.00376,0.13258,0.08549,0.36513,0.48406,1.24841,2.77053,1.63104,-1.01779,-0.07103,-38.81847
20260926-133259,20260926-133259-2,1,58533.009,0.47119,0.14811,0.43329,0.67817,-0.11735,0.43216,0.16421,0.18158,0.0416,0.04235,0.00145,0.58979,0.57163,0.00376,0.13182,0.08507,0.36443,0.48159,1.24982,2.76681,1.63417,-1.01771,-0.07376,-38.81396
20260926-133259,20260926-133259-2,1,58533.04,0.47127,0.14823,0.43332,0.67809,-0.11728,0.43244,0.1651,0.18249,0.0414,0.04206,0.00145,0.58957,0.57134,0.00376,0.13141,0.08483,0.36499,0.48263,1.24943,2.77713,1.63735,-1.01779,-0.0757,-38.80941
20260926-133259,20260926-133259-2,1,58533.068,0.47123,0.14832,0.4336,0.67793,-0.11732,0.43276,0.16574,0.18309,0.04121,0.04183,0.00145,0.58895,0.57088,0.00377,0.13113,0.0846,0.36501,0.48201,1.25362,2.78173,1.64059,-1.018,-0.07823,-38.80546
20260926-133259,20260926-133259-2,1,58533.102,0.47069,0.14872,0.4336,0.67819,-0.11747,0.43315,0.16683,0.18443,0.04094,0.04142,0.00145,0.58983,0.57216,0.00375,0.13119,0.08437,0.36526,0.48326,1.25176,2.7893,1.63907,-1.01791,-0.08231,-38.79424
20260926-133259,20260926-133259-2,1,58533.135,0.46991,0.14909,0.43261,0.67872,-0.11746,0.43302,0.16719,0.18526,0.04094,0.04115,0.00144,0.59262,0.57564,0.00369,0.13265,0.08484,0.3633,0.48629,1.24711,2.79303,1.63876,-1.01717,-0.08779,-38.7854
20260926-133259,20260926-133259-2,1,58533.165,0.46737,0.14881,0.43151,0.68072,-0.11616,0.43256,0.16328,0.18183,0.04217,0.04216,0.00139,0.60303,0.58634,0.00349,0.13337,0.08489,0.36121,0.48896,1.24654,2.80121,1.64211,-1.01644,-0.09361,-38.7774
20260926-133259,20260926-133259-2,1,58533.196,0.46553,0.14759,0.42892,0.68174,-0.11418,0.43105,0.15631,0.17519,0.0445,0.04445,0.00136,0.60937,0.59218,0.00339,0.13467,0.08589,0.36053,0.49304,1.24909,2.79864,1.64899,-1.01466,-0.09954,-38.77364
20260926-133259,20260926-133259-2,1,58533.229,0.46313,0.14529,0.42653,0.6826,-0.11061,0.43071,0.1459,0.16503,0.04834,0.04814,0.00133,0.61692,0.5987,0.00327,0.13457,0.08642,0.35535,0.4956,1.25334,2.81812,1.64299,-1.01081,-0.10649,-38.76379
20260926-133259,20260926-133259-2,1,58533.262,0.46116,0.14328,0.42359,0.68317,-0.10799,0.42832,0.13717,0.15662,0.05208,0.05168,0.00131,0.62312,0.60355,0.00318,0.13757,0.08786,0.35215,0.49818,1.25893,2.82416,1.63188,-1.00541,-0.11592,-38.74856
20260926-133259,20260926-133259-2,1,58533.293,0.45957,0.1421,0.42188,0.6844,-0.10618,0.42736,0.13197,0.15147,0.05448,0.05397,0.00127,0.62833,0.60735,0.00314,0.13902,0.08874,0.34979,0.4989,1.28168,2.83721,1.6327,-1.00037,-0.12451,-38.73972
20260926-133259,20260926-133259-2,1,58533.326,0.45788,0.14071,0.42056,0.68645,-0.10379,0.42637,0.12647,0.14579,0.0572,0.05657,0.00121,0.63749,0.61468,0.00305,0.13902,0.0884,0.34864,0.50012,1.29695,2.85381,1.62494,-0.99491,-0.13181,-38.72587
20260926-133259,20260926-133259-2,1,58533.373,0.45594,0.13989,0.41912,0.68807,-0.10249,0.42505,0.1231,0.14226,0.05902,0.05817,0.00116,0.64661,0.62253,0.00294,0.14037,0.08861,0.34694,0.50174,1.30187,2.85671,1.60583,-0.98883,-0.13986,-38.71022
20260926-133259,20260926-133259-2,1,58533.408,0.45525,0.13774,0.41622,0.68831,-0.10065,0.42255,0.11848,0.13709,0.06167,0.06124,0.00114,0.65016,0.62519,0.00291,0.14156,0.09034,0.34766,0.50275,1.3162,2.86226,1.59016,-0.98406,-0.14331,-38.70594
20260926-133259,20260926-133259-2,1,58533.437,0.45593,0.13461,0.41068,0.68674,-0.09729,0.42054,0.11054,0.12895,0.06686,0.06697,0.00117,0.64399,0.61803,0.00303,0.14212,0.09462,0.34641,0.50661,1.33481,2.85998,1.54742,-0.97876,-0.14744,-38.69955
20260926-133259,20260926-133259-2,1,58533.47,0.45626,0.12965,0.40559,0.68537,-0.09303,0.41872,0.10069,0.11585,0.07503,0.07535,0.0012,0.63787,0.6117,0.00313,0.14066,0.09794,0.3477,0.50927,1.3358,2.84952,1.50404,-0.9726,-0.15219,-38.69987
20260926-133259,20260926-133259-2,1,58533.5,0.4556,0.12757,0.40454,0.68464,-0.09121,0.41872,0.09617,0.11,0.07889,0.07935,0.00121,0.63755,0.61187,0.00311,0.13921,0.09868,0.34619,0.50785,1.33049,2.83866,1.48248,-0.96733,-0.15602,-38.70664
20260926-133259,20260926-133259-2,1,58533.537,0.45515,0.12601,0.40345,0.68372,-0.09005,0.41872,0.09294,0.10566,0.08163,0.08236,0.00122,0.63418,0.60882,0.00315,0.13847,0.0998,0.34421,0.50406,1.32742,2.8221,1.46456,-0.96317,-0.15959,-38.71143
20260926-133259,20260926-133259-2,1,58533.566,0.45489,0.12407,0.40285,0.68294,-0.08868,0.41846,0.08979,0.10151,0.08471,0.08566,0.00123,0.63286,0.60802,0.00314,0.1374,0.09995,0.34407,0.50293,1.31467,2.80333,1.44951,-0.96019,-0.16327,-38.71284
20260926-133259,20260926-133259-2,1,58533.598,0.45403,0.12288,0.40269,0.68256,-0.08801,0.41829,0.08735,0.09836,0.08692,0.08818,0.00123,0.63284,0.60867,0.00312,0.13716,0.10024,0.34345,0.50014,1.29295,2.76016,1.44449,-0.95662,-0.16815,-38.71518
20260926-133259,20260926-133259-2,1,58533.632,0.45293,0.12215,0.4014,0.68098,-0.0878,0.41739,0.08524,0.09544,0.08868,0.09056,0.00126,0.62772,0.60447,0.00315,0.13783,0.10202,0.34534,0.49621,1.28686,2.73359,1.43041,-0.95255,-0.17199,-38.70987
20260926-133259,20260926-133259-2,1,58533.663,0.45295,0.12104,0.39934,0.67955,-0.08735,0.41558,0.08306,0.09253,0.0914,0.09359,0.0013,0.62379,0.60089,0.00318,0.14,0.10448,0.34731,0.49481,1.26821,2.73574,1.41639,-0.94903,-0.17368,-38.70622
20260926-133259,20260926-133259-2,1,58533.693,0.45262,0.12003,0.39823,0.6775,-0.08676,0.41491,0.08096,0.08973,0.0938,0.0963,0.00133,0.61846,0.59589,0.00324,0.1406,0.10653,0.34747,0.49088,1.2629,2.73276,1.40588,-0.94482,-0.17649,-38.7039
20260926-133259,20260926-133259-2,1,58533.743,0.45231,0.11903,0.39619,0.67571,-0.08612,0.41406,0.0793,0.08758,0.09614,0.09879,0.00138,0.61315,0.59057,0.00327,0.142,0.10894,0.3473,0.48933,1.26192,2.75551,1.39131,-0.93905,-0.17883,-38.70049
20260926-133259,20260926-133259-2,1,58533.777,0.45225,0.11911,0.39489,0.6747,-0.08646,0.4135,0.07917,0.08734,0.09661,0.09934,0.00141,0.61128,0.58917,0.00327,0.14338,0.11119,0.34788,0.48988,1.24537,2.77181,1.38734,-0.93333,-0.18184,-38.6993
20260926-133259,20260926-133259-2,1,58533.808,0.4544,0.11859,0.39217,0.6739,-0.08654,0.41053,0.07956,0.08778,0.09703,0.09977,0.00146,0.6032,0.58139,0.00341,0.14676,0.11387,0.35226,0.49433,1.24241,2.79262,1.39019,-0.92868,-0.18428,-38.70654
20260926-133259,20260926-133259-2,1,58533.839,0.47685,0.11658,0.38679,0.65949,-0.0895,0.40612,0.08464,0.09406,0.09254,0.09628,0.00202,0.51744,0.49223,0.0054,0.1551,0.12099,0.36301,0.49937,1.24281,2.82759,1.37097,-0.92382,-0.18599,-38.71661
20260926-133259,20260926-133259-2,1,58533.872,0.49702,0.11514,0.38454,0.64706,-0.0923,0.40439,0.08901,0.09957,0.08856,0.09333,0.00264,0.43862,0.41119,0.00851,0.16214,0.12491,0.36705,0.49829,1.23368,2.82376,1.34018,-0.91834,-0.1902,-38.72258
20260926-133259,20260926-133259-2,1,58533.902,0.51091,0.11413,0.38116,0.63937,-0.09449,0.40182,0.0933,0.10474,0.08586,0.09081,0.00317,0.38789,0.35938,0.0115,0.16776,0.12902,0.37233,0.50061,1.24376,2.8452,1.32523,-0.91497,-0.19169,-38.72769
20260926-133259,20260926-133259-2,1,58533.934,0.51686,0.11345,0.3804,0.63413,-0.09566,0.40178,0.09514,0.10727,0.08433,0.08935,0.00374,0.35502,0.33272,0.01304,0.16919,0.12983,0.37309,0.50027,1.23496,2.87955,1.30832,-0.91244,-0.19287,-38.72727
20260926-133259,20260926-133259-2,1,58533.965,0.52052,0.11305,0.38042,0.63014,-0.09651,0.40218,0.0959,0.10833,0.08345,0.08866,0.0042,0.3331,0.31507,0.01416,0.16963,0.13001,0.37303,0.49744,1.2289,2.87831,1.30408,-0.9102,-0.19605,-38.7282
20260926-133259,20260926-133259-2,1,58533.999,0.52392,0.11277,0.37992,0.62697,-0.09731,0.40158,0.09764,0.1107,0.08202,0.0873,0.00466,0.31431,0.29978,0.01524,0.17047,0.1307,0.37592,0.49781,1.23615,2.89516,1.30518,-0.90916,-0.1979,-38.73274
20260926-133259,20260926-133259-2,1,58534.032,0.52645,0.11266,0.38048,0.62551,-0.09746,0.40303,0.09812,0.11124,0.08146,0.08695,0.00496,0.30158,0.29149,0.01605,0.16975,0.13068,0.37361,0.49587,1.22907,2.88918,1.29919,-0.90771,-0.20054,-38.73338
20260926-133259,20260926-133259-2,1,58534.063,0.52757,0.11273,0.37979,0.62362,-0.09791,0.40165,0.09809,0.11102,0.08143,0.08716,0.00526,0.29112,0.28432,0.01666,0.17259,0.1322,0.37535,0.49399,1.22471,2.89058,1.29104,-0.90652,-0.20117,-38.73525
20260926-133259,20260926-133259-2,1,58534.111,0.52869,0.11265,0.37899,0.62322,-0.09813,0.40047,0.09892,0.11211,0.08097,0.08666,0.00538,0.28749,0.28188,0.0169,0.17446,0.13309,0.37749,0.49543,1.2198,2.9034,1.28984,-0.90509,-0.20108,-38.7352
20260926-133259,20260926-133259-2,1,58534.144,0.52879,0.11259,0.37931,0.62297,-0.09805,0.40113,0.09876,0.112,0.08101,0.08666,0.00541,0.28633,0.28106,0.01696,0.17382,0.13267,0.37618,0.49509,1.21098,2.90323,1.28832,-0.90451,-0.20169,-38.73843
20260926-133259,20260926-133259-2,1,58534.159,0.52887,0.11259,0.37928,0.62266,-0.09808,0.40106,0.09875,0.11198,0.08103,0.08669,0.00545,0.28519,0.28019,0.01703,0.17397,0.13273,0.37648,0.49502,1.21036,2.90245,1.2879,-0.90431,-0.20184,-38.73912
20260926-133259,20260926-133259-2,1,58534.207,0.53003,0.11272,0.37896,0.62152,-0.09839,0.40089,0.09928,0.11269,0.08072,0.08637,0.00569,0.27834,0.27514,0.01748,0.17451,0.13311,0.37725,0.49569,1.21294,2.89745,1.28933,-0.90451,-0.20214,-38.74186
20260926-133259,20260926-133259-2,1,58534.237,0.53137,0.1131,0.37909,0.62112,-0.09865,0.40095,0.10023,0.11396,0.07991,0.0855,0.00585,0.27313,0.2721,0.01788,0.17483,0.13337,0.37729,0.49557,1.2124,2.89303,1.28647,-0.9047,-0.20255,-38.74073
20260926-133259,20260926-133259-2,1,58534.272,0.53188,0.11384,0.37867,0.62032,-0.09924,0.40089,0.10057,0.11448,0.07938,0.08501,0.00602,0.26761,0.26877,0.01828,0.17706,0.13534,0.37553,0.49247,1.21308,2.88169,1.27717,-0.90531,-0.20259,-38.73722
20260926-133259,20260926-133259-2,1,58534.302,0.53217,0.11374,0.37842,0.62045,-0.099,0.40035,0.10055,0.11433,0.0795,0.08519,0.00604,0.2667,0.26848,0.01837,0.17694,0.13545,0.37774,0.49309,1.21366,2.88101,1.279,-0.90531,-0.20236,-38.73542
20260926-133259,20260926-133259-2,1,58534.334,0.53277,0.11391,0.37828,0.6201,-0.09918,0.40027,0.10089,0.11476,0.0792,0.08492,0.00613,0.26393,0.2668,0.01859,0.17732,0.13583,0.37792,0.4931,1.20888,2.88737,1.27655,-0.90503,-0.20197,-38.73423
20260926-133259,20260926-133259-2,1,58534.366,0.53273,0.11397,0.37818,0.61985,-0.09938,0.39999,0.10079,0.11451,0.07924,0.08508,0.00617,0.26265,0.26601,0.01868,0.17799,0.13619,0.37846,0.49247,1.21003,2.88067,1.27454,-0.90482,-0.20249,-38.73305
20260926-133259,20260926-133259-2,1,58534.4,0.53282,0.11412,0.3782,0.62009,-0.09943,0.39993,0.10163,0.11576,0.07871,0.08434,0.00615,0.26371,0.26634,0.01859,0.17796,0.13571,0.37926,0.49479,1.20888,2.88688,1.28146,-0.90417,-0.20281,-38.72969
20260926-133259,20260926-133259-2,1,58534.431,0.53381,0.11432,0.37821,0.61986,-0.09974,0.39995,0.10222,0.11646,0.07815,0.08391,0.00626,0.26,0.26451,0.01891,0.17824,0.13596,0.3796,0.49489,1.20231,2.87903,1.27911,-0.90379,-0.20414,-38.73042
20260926-133259,20260926-133259-2,1,58534.479,0.5337,0.1147,0.37819,0.61958,-0.10006,0.39972,0.10237,0.11658,0.07791,0.08377,0.00634,0.25772,0.26317,0.01906,0.17894,0.13641,0.38003,0.4936,1.21076,2.85549,1.27648,-0.90384,-0.20606,-38.72698
20260926-133259,20260926-133259-2,1,58534.511,0.53378,0.11472,0.37785,0.61973,-0.10006,0.39943,0.10236,0.11659,0.07795,0.08386,0.00635,0.25733,0.26311,0.0191,0.17937,0.13665,0.38091,0.49434,1.21437,2.85915,1.277,-0.90378,-0.20605,-38.72325
20260926-133259,20260926-133259-2,1,58534.528,0.53391,0.11474,0.37758,0.61973,-0.10009,0.39932,0.10235,0.1166,0.07797,0.08392,0.00637,0.2567,0.2628,0.01916,0.17958,0.13685,0.38114,0.49479,1.21457,2.86011,1.27633,-0.90361,-0.20606,-38.72161
20260926-133259,20260926-133259-2,1,58534.543,0.53393,0.11475,0.37759,0.61973,-0.10011,0.39928,0.10241,0.11671,0.07795,0.08388,0.00637,0.25672,0.2628,0.01915,0.17973,0.13683,0.38134,0.49496,1.21231,2.86258,1.27613,-0.90344,-0.20596,-38.72036
20260926-133259,20260926-133259-2,1,58534.609,0.53521,0.11514,0.37789,0.61978,-0.10088,0.39957,0.10419,0.11892,0.07653,0.08241,0.00648,0.2532,0.26101,0.0195,0.18016,0.13655,0.38131,0.49648,1.21481,2.87797,1.28163,-0.90345,-0.20547,-38.71564
20260926-133259,20260926-133259-2,1,58534.639,0.53588,0.11538,0.37804,0.61981,-0.10123,0.39979,0.10528,0.1204,0.07567,0.08146,0.00653,0.25169,0.2602,0.01965,0.18037,0.13614,0.38143,0.49809,1.21143,2.88966,1.28796,-0.90331,-0.20567,-38.71301
20260926-133259,20260926-133259-2,1,58534.669,0.5369,0.11565,0.37816,0.61994,-0.10154,0.40012,0.10658,0.12221,0.07466,0.08033,0.0066,0.24931,0.25916,0.0199,0.18035,0.13558,0.38192,0.50052,1.21171,2.91803,1.29704,-0.90321,-0.20561,-38.70832
20260926-133259,20260926-133259-2,1,58534.704,0.53741,0.11644,0.37861,0.61975,-0.10196,0.40021,0.10807,0.12429,0.07338,0.07898,0.00666,0.24767,0.2583,0.02004,0.18033,0.1351,0.38323,0.50199,1.19472,2.94418,1.30463,-0.90255,-0.20658,-38.70419
20260926-133259,20260926-133259-2,1,58534.733,0.53777,0.11716,0.37904,0.61961,-0.10243,0.40038,0.10975,0.12664,0.07201,0.07747,0.0067,0.24685,0.25765,0.02009,0.18028,0.13442,0.38454,0.50421,1.17909,2.97584,1.31043,-0.90223,-0.20709,-38.70196
20260926-133259,20260926-133259-2,1,58534.767,0.53765,0.11751,0.37936,0.61913,-0.10268,0.40047,0.11003,0.12704,0.07153,0.07705,0.00674,0.24527,0.25676,0.02021,0.18037,0.13412,0.38501,0.5036,1.17871,2.98153,1.31369,-0.9031,-0.20875,-38.69833
20260926-133259,20260926-133259-2,1,58534.796,0.53773,0.11769,0.37959,0.61894,-0.10282,0.40046,0.11109,0.12842,0.07081,0.07626,0.00676,0.24543,0.25651,0.02016,0.18042,0.13377,0.38634,0.50449,1.17739,3.0104,1.3191,-0.90326,-0.20814,-38.69244
20260926-133259,20260926-133259-2,1,58534.846,0.538,0.11789,0.37981,0.61874,-0.10306,0.4008,0.11198,0.12949,0.07018,0.07552,0.0068,0.24441,0.25584,0.02024,0.18003,0.13342,0.38643,0.50499,1.16584,3.04434,1.32474,-0.90287,-0.20776,-38.68358
20260926-133259,20260926-133259-2,1,58534.879,0.53821,0.11799,0.37992,0.61847,-0.10324,0.40098,0.11202,0.12954,0.07006,0.07541,0.00687,0.24256,0.25461,0.02042,0.18011,0.13348,0.38635,0.50433,1.16657,3.04389,1.32621,-0.9033,-0.2087,-38.68038
20260926-133259,20260926-133259-2,1,58534.895,0.53819,0.11804,0.37993,0.6184,-0.10328,0.40098,0.11191,0.12943,0.07009,0.07543,0.00689,0.24202,0.25411,0.02046,0.18017,0.1335,0.38636,0.50392,1.16683,3.04313,1.32704,-0.90322,-0.20919,-38.67868
20260926-133259,20260926-133259-2,1,58534.911,0.53822,0.11806,0.37995,0.61839,-0.10332,0.40096,0.11201,0.1296,0.07003,0.07534,0.0069,0.24189,0.25398,0.02047,0.1802,0.13342,0.38635,0.50424,1.16852,3.04782,1.32885,-0.90306,-0.20902,-38.67691
20260926-133259,20260926-133259-2,1,58534.943,0.5385,0.11832,0.38019,0.61855,-0.10359,0.40115,0.11341,0.1315,0.06909,0.07432,0.0069,0.24188,0.25428,0.02049,0.17941,0.13285,0.38686,0.50646,1.1731,3.05571,1.33451,-0.90291,-0.20911,-38.67868
20260926-133259,20260926-133259-2,1,58535.01,0.53838,0.11886,0.38057,0.61915,-0.10394,0.4019,0.11422,0.13246,0.06827,0.07351,0.00679,0.24346,0.25606,0.02037,0.17824,0.13245,0.38562,0.50735,1.21139,3.08058,1.33662,-0.90223,-0.20874,-38.66799
20260926-133259,20260926-133259-2,1,58535.039,0.53876,0.11901,0.38075,0.61959,-0.10408,0.40214,0.11511,0.13343,0.06773,0.07294,0.00678,0.24318,0.25622,0.02043,0.17778,0.13225,0.38601,0.50837,1.22792,3.0959,1.33606,-0.9017,-0.2082,-38.66702
20260926-133259,20260926-133259-2,1,58535.069,0.53762,0.11924,0.38093,0.62041,-0.1041,0.40263,0.11553,0.13397,0.06736,0.07248,0.00656,0.24854,0.25998,0.01996,0.1772,0.13187,0.38504,0.50917,1.23612,3.10459,1.33269,-0.90057,-0.20873,-38.66446
20260926-133259,20260926-133259-2,1,58535.102,0.52872,0.1202,0.38178,0.62565,-0.10387,0.40372,0.11491,0.13382,0.06749,0.07189,0.00531,0.28696,0.28408,0.01692,0.17486,0.12983,0.38184,0.51139,1.23929,3.11427,1.337,-0.8991,-0.20983,-38.66281
20260926-133259,20260926-133259-2,1,58535.134,0.51682,0.12201,0.38328,0.6368,-0.10384,0.40542,0.11497,0.13361,0.06685,0.07078,0.00374,0.35144,0.33222,0.01321,0.17218,0.12736,0.37553,0.51341,1.24552,3.12556,1.33362,-0.89712,-0.21101,-38.65943
20260926-133259,20260926-133259-2,1,58535.167,0.50571,0.12356,0.38469,0.64637,-0.10362,0.40674,0.11492,0.13298,0.06629,0.07002,0.00287,0.40864,0.38184,0.01025,0.16923,0.12488,0.37176,0.51608,1.25029,3.12662,1.32817,-0.89536,-0.21316,-38.65775
20260926-133259,20260926-133259-2,1,58535.214,0.49937,0.12527,0.38721,0.65326,-0.10403,0.40828,0.11623,0.13421,0.06488,0.06846,0.00249,0.44148,0.4145,0.00872,0.16671,0.12232,0.36775,0.51371,1.25213,3.11843,1.3279,-0.89217,-0.21644,-38.64635
20260926-133259,20260926-133259-2,1,58535.227,0.49752,0.12566,0.38785,0.655,-0.10408,0.40874,0.11637,0.13429,0.06462,0.06817,0.0024,0.45066,0.42374,0.00833,0.166,0.12163,0.36633,0.51286,1.25301,3.1153,1.32698,-0.8915,-0.21728,-38.64417
20260926-133259,20260926-133259-2,1,58535.246,0.49472,0.12643,0.38863,0.65711,-0.10423,0.40922,0.11668,0.13465,0.06418,0.06769,0.00229,0.4629,0.43632,0.00779,0.16531,0.12099,0.36524,0.51216,1.2538,3.12066,1.32463,-0.89072,-0.21826,-38.64278
20260926-133259,20260926-133259-2,1,58535.278,0.49208,0.1273,0.3898,0.65895,-0.10459,0.41028,0.11721,0.13552,0.06355,0.06696,0.00218,0.47531,0.44896,0.0073,0.16452,0.12004,0.36202,0.51106,1.25547,3.12196,1.31904,-0.88943,-0.22044,-38.64185
20260926-133259,20260926-133259-2,1,58535.31,0.49061,0.12852,0.39094,0.66085,-0.10502,0.4113,0.11899,0.13797,0.06247,0.06557,0.00211,0.48354,0.45703,0.00702,0.16358,0.11873,0.36074,0.51283,1.26481,3.1432,1.31533,-0.88768,-0.22274,-38.64099
20260926-133259,20260926-133259-2,1,58535.344,0.49029,0.12943,0.39212,0.66212,-0.10538,0.4118,0.12141,0.14112,0.06101,0.06404,0.00207,0.48809,0.46157,0.0069,0.16291,0.11793,0.36113,0.51399,1.26796,3.16051,1.3123,-0.88566,-0.22446,-38.6403
20260926-133259,20260926-133259-2,1,58535.407,0.48998,0.13042,0.39316,0.66262,-0.10581,0.41201,0.1244,0.14457,0.05929,0.06211,0.00203,0.49242,0.46571,0.00675,0.16273,0.11788,0.36196,0.51358,1.2728,3.21612,1.30865,-0.88313,-0.22516,-38.63442
20260926-133259,20260926-133259-2,1,58535.438,0.48854,0.1309,0.39379,0.66274,-0.10605,0.41275,0.1251,0.14533,0.05884,0.06148,0.00202,0.49611,0.46977,0.00654,0.16222,0.11746,0.36076,0.51304,1.27634,3.22586,1.30783,-0.88212,-0.22643,-38.63499
20260926-133259,20260926-133259-2,1,58535.468,0.48711,0.13151,0.39444,0.66263,-0.10621,0.4133,0.12534,0.14562,0.05859,0.0611,0.00202,0.49895,0.47292,0.00635,0.16186,0.11725,0.36017,0.51168,1.27729,3.23535,1.31541,-0.88148,-0.22762,-38.63486
20260926-133259,20260926-133259-2,1,58535.503,0.48658,0.13202,0.39485,0.66318,-0.1063,0.41366,0.12581,0.14631,0.05844,0.06077,0.00201,0.50174,0.47557,0.00624,0.16181,0.1169,0.35969,0.51271,1.2837,3.24413,1.31786,-0.88005,-0.22777,-38.63322
20260926-133259,20260926-133259-2,1,58535.534,0.48653,0.13268,0.39545,0.66387,-0.10664,0.41408,0.1275,0.14822,0.05771,0.05987,0.002,0.5033,0.47711,0.0062,0.16148,0.11665,0.3598,0.51401,1.28806,3.26005,1.32239,-0.87723,-0.22813,-38.62644
20260926-133259,20260926-133259-2,1,58535.584,0.48628,0.13303,0.39578,0.66344,-0.10675,0.41389,0.12774,0.1484,0.05748,0.05964,0.002,0.50308,0.47705,0.00617,0.16141,0.11664,0.36044,0.51353,1.2917,3.27695,1.31587,-0.87414,-0.22769,-38.61372
20260926-133259,20260926-133259-2,1,58535.611,0.48575,0.13336,0.39607,0.66337,-0.10697,0.41412,0.12852,0.14927,0.0571,0.05918,0.00201,0.50452,0.47868,0.00607,0.16146,0.1167,0.35992,0.51346,1.29175,3.27875,1.31124,-0.87305,-0.22858,-38.61168
20260926-133259,20260926-133259-2,1,58535.626,0.4859,0.13342,0.39621,0.66312,-0.10705,0.41427,0.1288,0.1496,0.05699,0.05905,0.00202,0.50375,0.47804,0.00608,0.16142,0.1167,0.35984,0.51342,1.29337,3.27894,1.30809,-0.87214,-0.22876,-38.61196
20260926-133259,20260926-133259-2,1,58535.644,0.48543,0.13348,0.39631,0.6629,-0.10708,0.41427,0.12849,0.14923,0.05706,0.05913,0.00201,0.50441,0.47891,0.00605,0.16143,0.11671,0.35967,0.51268,1.29597,3.27661,1.30448,-0.8708,-0.22906,-38.60939
20260926-133259,20260926-133259-2,1,58535.678,0.48454,0.13358,0.39623,0.66336,-0.10702,0.41429,0.12863,0.14933,0.057,0.05902,0.00199,0.50755,0.48229,0.00594,0.16113,0.11648,0.35986,0.5131,1.29687,3.27474,1.30369,-0.86956,-0.22958,-38.60958
20260926-133259,20260926-133259-2,1,58535.71,0.48368,0.13389,0.39671,0.66375,-0.10702,0.41467,0.12924,0.15001,0.05669,0.0586,0.00198,0.51036,0.48569,0.00582,0.16053,0.11589,0.35985,0.51354,1.30145,3.27589,1.30638,-0.86858,-0.23087,-38.60862
20260926-133259,20260926-133259-2,1,58535.744,0.48361,0.13389,0.39726,0.66349,-0.10701,0.41503,0.12927,0.15005,0.05659,0.05851,0.00198,0.50997,0.48577,0.00582,0.16006,0.11539,0.3592,0.51329,1.30591,3.26928,1.30098,-0.86795,-0.23216,-38.6053
20260926-133259,20260926-133259-2,1,58535.806,0.48357,0.13354,0.39813,0.66331,-0.1063,0.41581,0.12749,0.1484,0.05745,0.05923,0.00198,0.50971,0.48544,0.00582,0.15898,0.11407,0.35791,0.51328,1.30819,3.26578,1.30468,-0.86773,-0.23569,-38.60104
20260926-133259,20260926-133259-2,1,58535.838,0.48388,0.13359,0.39842,0.66287,-0.10627,0.4162,0.12747,0.14853,0.05749,0.05913,0.002,0.50817,0.48402,0.00585,0.15863,0.11376,0.35704,0.51319,1.31497,3.27301,1.3027,-0.86744,-0.23614,-38.59941
20260926-133259,20260926-133259-2,1,58535.87,0.48421,0.1335,0.39866,0.66258,-0.10611,0.41678,0.12746,0.14863,0.05754,0.05906,0.00201,0.50673,0.48243,0.00588,0.15781,0.11334,0.35595,0.51334,1.31647,3.27595,1.29951,-0.8669,-0.23696,-38.59776
20260926-133259,20260926-133259-2,1,58535.918,0.48465,0.1336,0.39883,0.66187,-0.10605,0.41719,0.12794,0.14923,0.05731,0.05865,0.00204,0.50371,0.47921,0.00594,0.15721,0.11286,0.35554,0.5138,1.32034,3.28713,1.29325,-0.86505,-0.23844,-38.58914
20260926-133259,20260926-133259-2,1,58535.95,0.48152,0.1359,0.40135,0.66372,-0.1078,0.41885,0.13198,0.15334,0.05515,0.05586,0.00194,0.51635,0.49272,0.00555,0.15766,0.11094,0.35406,0.51396,1.32048,3.31337,1.29374,-0.86234,-0.23808,-38.57877
20260926-133259,20260926-133259-2,1,58535.961,0.48061,0.13649,0.40191,0.66472,-0.10821,0.41927,0.13306,0.15441,0.05464,0.05519,0.0019,0.52119,0.4976,0.00543,0.15783,0.11044,0.35382,0.51428,1.32183,3.32339,1.2945,-0.86163,-0.23797,-38.57587
20260926-133259,20260926-133259-2,1,58535.98,0.48004,0.13864,0.40644,0.66477,-0.10969,0.42261,0.13851,0.16033,0.05214,0.05191,0.00189,0.52252,0.49963,0.00533,0.1557,0.10662,0.35129,0.51435,1.3181,3.37711,1.2964,-0.85947,-0.23473,-38.56152
20260926-133259,20260926-133259-2,1,58536.014,0.47902,0.14278,0.41783,0.66404,-0.11317,0.42951,0.14931,0.17133,0.04744,0.04617,0.00187,0.52504,0.50394,0.00513,0.15023,0.09749,0.34503,0.51001,1.31462,3.40222,1.29465,-0.85653,-0.23243,-38.54485
20260926-133259,20260926-133259-2,1,58536.048,0.47938,0.14521,0.42324,0.66419,-0.11547,0.43484,0.1575,0.17943,0.0443,0.04281,0.00185,0.52616,0.50532,0.00514,0.14552,0.09342,0.3411,0.50364,1.31726,3.48792,1.29723,-0.85496,-0.22646,-38.52476
20260926-133259,20260926-133259-2,1,58536.079,0.4798,0.14671,0.42827,0.66318,-0.11642,0.4377,0.16191,0.18359,0.04268,0.04099,0.00186,0.52462,0.50426,0.00515,0.14233,0.08903,0.34068,0.49623,1.31308,3.53262,1.29801,-0.85194,-0.22244,-38.50354
20260926-133259,20260926-133259-2,1,58536.11,0.47986,0.14732,0.43008,0.66276,-0.11719,0.43901,0.16484,0.18639,0.0416,0.04002,0.00186,0.52457,0.50436,0.00514,0.14036,0.08762,0.34127,0.49335,1.31269,3.56424,1.30208,-0.84964,-0.22011,-38.49052
20260926-133259,20260926-133259-2,1,58536.143,0.48006,0.14923,0.43458,0.66257,-0.11767,0.44062,0.17007,0.1919,0.0401,0.0379,0.00185,0.52594,0.50644,0.00506,0.13847,0.08314,0.3411,0.48727,1.31366,3.59159,1.29384,-0.84723,-0.21727,-38.47778
20260926-133259,20260926-133259-2,1,58536.208,0.48077,0.15008,0.43506,0.66216,-0.1191,0.44155,0.17514,0.19687,0.03872,0.03667,0.00189,0.52083,0.5024,0.00513,0.13797,0.08372,0.3406,0.4863,1.31671,3.65574,1.29568,-0.84429,-0.21233,-38.46893
20260926-133259,20260926-133259-2,1,58536.24,0.48139,0.15109,0.43619,0.66158,-0.1193,0.44128,0.17801,0.20009,0.03801,0.03554,0.0019,0.52002,0.50205,0.00511,0.13843,0.08246,0.34083,0.48355,1.3207,3.66217,1.29086,-0.84244,-0.21158,-38.46567
20260926-133259,20260926-133259-2,1,58536.286,0.48174,0.15182,0.4362,0.6615,-0.11979,0.44151,0.18016,0.20227,0.03747,0.03504,0.00191,0.51793,0.50041,0.00515,0.13864,0.08317,0.34129,0.48305,1.32247,3.68194,1.28301,-0.84055,-0.21011,-38.46238
20260926-133259,20260926-133259-2,1,58536.318,0.48155,0.15188,0.43637,0.66222,-0.11955,0.44136,0.18098,0.20302,0.03724,0.03471,0.00188,0.52045,0.50276,0.0051,0.13839,0.08231,0.3416,0.48267,1.33232,3.6898,1.27651,-0.83801,-0.20953,-38.45787
20260926-133259,20260926-133259-2,1,58536.329,0.48161,0.15195,0.43645,0.66228,-0.11957,0.44145,0.18117,0.20322,0.03719,0.03467,0.00188,0.52016,0.50245,0.00511,0.13834,0.08232,0.34147,0.48256,1.33518,3.69521,1.27555,-0.83751,-0.20921,-38.45668
20260926-133259,20260926-133259-2,1,58536.348,0.48117,0.15191,0.43687,0.66323,-0.11931,0.44123,0.18114,0.20308,0.03718,0.03462,0.00184,0.52364,0.50578,0.00505,0.13822,0.08146,0.34168,0.48216,1.3389,3.69922,1.27142,-0.83606,-0.20887,-38.454
20260926-133259,20260926-133259-2,1,58536.38,0.48101,0.15199,0.43712,0.66392,-0.11929,0.44142,0.18162,0.20342,0.03707,0.03456,0.00183,0.52476,0.50691,0.00505,0.13792,0.08143,0.34211,0.48204,1.34326,3.70704,1.266,-0.83344,-0.20859,-38.45237
20260926-133259,20260926-133259-2,1,58536.415,0.48012,0.15188,0.43729,0.66467,-0.11909,0.44171,0.18145,0.20317,0.03702,0.03446,0.00179,0.52827,0.51044,0.00498,0.13755,0.08051,0.34063,0.48198,1.34683,3.70722,1.26084,-0.83113,-0.20901,-38.44994
20260926-133259,20260926-133259-2,1,58536.448,0.47998,0.152,0.43745,0.66507,-0.11909,0.44198,0.18147,0.20317,0.03699,0.03444,0.00177,0.5293,0.51135,0.00499,0.13746,0.08043,0.34054,0.48179,1.35198,3.70832,1.25876,-0.82894,-0.2098,-38.4482
20260926-133259,20260926-133259-2,1,58536.478,0.47903,0.152,0.43755,0.66616,-0.11868,0.44247,0.1806,0.20246,0.03718,0.03455,0.00173,0.5343,0.51606,0.0049,0.13679,0.08002,0.33972,0.48232,1.35687,3.71107,1.25525,-0.82723,-0.21068,-38.44779
20260926-133259,20260926-133259-2,1,58536.509,0.46885,0.15127,0.43827,0.67346,-0.11554,0.44268,0.17101,0.19231,0.03938,0.03662,0.00148,0.57668,0.5594,0.00393,0.13298,0.07716,0.33941,0.48128,1.35935,3.71697,1.25311,-0.82622,-0.21282,-38.44619
20260926-133259,20260926-133259-2,1,58536.543,0.45918,0.14986,0.43884,0.68163,-0.11018,0.4439,0.1591,0.18079,0.04287,0.03941,0.00124,0.61968,0.60319,0.00315,0.12526,0.07331,0.33443,0.48336,1.36492,3.72412,1.24282,-0.82474,-0.215,-38.44811
20260926-133259,20260926-133259-2,1,58536.608,0.45506,0.14774,0.44441,0.68392,-0.10788,0.44938,0.15468,0.17581,0.04381,0.03992,0.00116,0.63395,0.61775,0.00289,0.1178,0.06607,0.32365,0.46828,1.39422,3.71458,1.22161,-0.81975,-0.21879,-38.44797
20260926-133259,20260926-133259-2,1,58536.652,0.453,0.14638,0.44784,0.68513,-0.10516,0.45162,0.1505,0.17206,0.04513,0.04073,0.00112,0.64276,0.62619,0.00273,0.11268,0.06146,0.31666,0.45848,1.4086,3.71654,1.1946,-0.81677,-0.22115,-38.43863
20260926-133259,20260926-133259-2,1,58536.687,0.45118,0.1455,0.45201,0.68498,-0.10406,0.45403,0.14738,0.16848,0.04596,0.04148,0.00111,0.64528,0.62877,0.00268,0.10875,0.05801,0.31109,0.4452,1.41258,3.70996,1.18484,-0.81574,-0.22323,-38.4313
20260926-133259,20260926-133259-2,1,58536.711,0.45131,0.14497,0.45402,0.68462,-0.10325,0.45541,0.14624,0.16725,0.04632,0.04171,0.00112,0.6443,0.62749,0.00269,0.10615,0.05607,0.30702,0.43927,1.41836,3.70745,1.17457,-0.81473,-0.22433,-38.42899
20260926-133259,20260926-133259-2,1,58536.728,0.45123,0.14472,0.45558,0.68472,-0.1029,0.45637,0.14623,0.16734,0.04633,0.04165,0.00111,0.64459,0.62779,0.00268,0.10441,0.05475,0.30459,0.43557,1.42024,3.71336,1.17161,-0.81441,-0.2246,-38.42889
20260926-133259,20260926-133259-2,1,58536.749,0.45111,0.14463,0.45939,0.68492,-0.10328,0.46132,0.1483,0.16981,0.04548,0.04081,0.00111,0.64531,0.6285,0.00267,0.09735,0.05118,0.29695,0.42872,1.42186,3.74385,1.17579,-0.81406,-0.22291,-38.42571
20260926-133259,20260926-133259-2,1,58536.782,0.4514,0.14419,0.4619,0.68458,-0.10328,0.46212,0.14886,0.17058,0.04526,0.04047,0.00112,0.6436,0.62638,0.00268,0.09646,0.0483,0.29704,0.42003,1.43522,3.77451,1.16508,-0.81311,-0.22207,-38.42076
20260926-133259,20260926-133259-2,1,58536.815,0.45005,0.14423,0.46325,0.6852,-0.10319,0.46279,0.14949,0.17137,0.04499,0.0402,0.00111,0.64722,0.63016,0.00261,0.0953,0.04721,0.2969,0.41786,1.4436,3.83034,1.1665,-0.81301,-0.22023,-38.41031
20260926-133259,20260926-133259-2,1,58536.845,0.45032,0.14446,0.46503,0.68532,-0.10384,0.46549,0.15221,0.17439,0.04403,0.03926,0.00111,0.64688,0.62959,0.00262,0.09215,0.04581,0.29314,0.41625,1.44777,3.86326,1.1713,-0.81235,-0.21953,-38.40837
20260926-133259,20260926-133259-2,1,58536.877,0.45056,0.1445,0.46529,0.68516,-0.10405,0.4658,0.15325,0.17565,0.04369,0.03893,0.00112,0.64583,0.62822,0.00263,0.09201,0.04562,0.29283,0.4168,1.44697,3.87183,1.16733,-0.81054,-0.22092,-38.40405
20260926-133259,20260926-133259-2,1,58536.909,0.45074,0.14474,0.46594,0.68521,-0.1044,0.46644,0.15418,0.1768,0.04335,0.03856,0.00111,0.64564,0.62757,0.00265,0.09182,0.04524,0.29153,0.41506,1.45921,3.88078,1.17015,-0.81009,-0.22225,-38.40583
20260926-133259,20260926-133259-2,1,58536.94,0.45108,0.14478,0.46614,0.68519,-0.10453,0.46658,0.15529,0.17804,0.04303,0.03822,0.00112,0.64439,0.62615,0.00267,0.09174,0.04501,0.29206,0.41636,1.46101,3.89935,1.17396,-0.80833,-0.22264,-38.40043
20260926-133259,20260926-133259-2,1,58537.022,0.46423,0.1441,0.46594,0.6758,-0.10815,0.46777,0.16512,0.18859,0.04038,0.03591,0.00137,0.5931,0.57267,0.00353,0.09407,0.04574,0.29315,0.42018,1.43907,3.9664,1.18339,-0.80679,-0.21986,-38.39132
20260926-133259,20260926-133259-2,1,58537.054,0.49053,0.14174,0.46587,0.64978,-0.11166,0.46852,0.17427,0.19972,0.03839,0.03411,0.00233,0.46478,0.44292,0.00645,0.09764,0.04738,0.29735,0.42117,1.4355,3.97734,1.19095,-0.806,-0.21871,-38.38728
20260926-133259,20260926-133259-2,1,58537.077,0.50081,0.14079,0.46554,0.63877,-0.11321,0.46848,0.17683,0.20315,0.03803,0.03376,0.00295,0.41173,0.39062,0.00821,0.09955,0.04858,0.29922,0.42227,1.43669,3.99363,1.19374,-0.80565,-0.21739,-38.38152
20260926-133259,20260926-133259-2,1,58537.094,0.50913,0.13981,0.46544,0.63111,-0.11403,0.46853,0.17858,0.20545,0.03793,0.03365,0.00348,0.37357,0.35292,0.00997,0.10053,0.04925,0.30066,0.42288,1.43346,3.99799,1.19486,-0.80518,-0.21715,-38.3768
20260926-133259,20260926-133259-2,1,58537.117,0.51392,0.1392,0.46506,0.62735,-0.11428,0.46849,0.17883,0.20588,0.03804,0.03382,0.00377,0.35378,0.33315,0.0112,0.10157,0.04968,0.30204,0.42166,1.4308,3.99181,1.19905,-0.80489,-0.21802,-38.36914
20260926-133259,20260926-133259-2,1,58537.152,0.51924,0.13841,0.4638,0.62492,-0.11424,0.46722,0.17972,0.20691,0.03815,0.03397,0.0041,0.3338,0.31364,0.0126,0.10363,0.05085,0.30598,0.42309,1.43752,4.0204,1.1993,-0.80416,-0.21662,-38.35698
20260926-133259,20260926-133259-2,1,58537.184,0.52302,0.13779,0.46321,0.62292,-0.11443,0.46725,0.18032,0.20772,0.03797,0.03388,0.00447,0.3157,0.29942,0.01366,0.10396,0.05136,0.3067,0.42147,1.43624,4.03016,1.20878,-0.80378,-0.21865,-38.34304
20260926-133259,20260926-133259-3,1,58540.701,0.51359,0.12821,0.39807,0.64923,-0.10734,0.41279,0.12103,0.14361,0.06307,0.06704,0.00317,0.37899,0.35821,0.01232,0.16724,0.11167,0.36292,0.50905,2.97354,2.5722,1.0731,-0.71751,-0.28271,-38.43726
20260926-133259,20260926-133259-3,1,58540.733,0.51339,0.12802,0.39778,0.64901,-0.10723,0.41194,0.12082,0.14344,0.06313,0.06722,0.00316,0.37954,0.35877,0.01228,0.16844,0.11212,0.36442,0.50917,2.96614,2.5837,1.07944,-0.71793,-0.28799,-38.4325
20260926-133259,20260926-133259-3,1,58540.764,0.51319,0.12741,0.39755,0.64873,-0.10688,0.41119,0.12073,0.14329,0.06295,0.06753,0.00316,0.37924,0.35903,0.01227,0.16849,0.1126,0.36782,0.50835,2.96229,2.60229,1.08307,-0.71877,-0.29182,-38.43316
20260926-133259,20260926-133259-3,1,58540.796,0.5133,0.12732,0.39613,0.64897,-0.10684,0.41055,0.12087,0.14328,0.06281,0.06758,0.00314,0.38005,0.3601,0.01227,0.16943,0.11443,0.36921,0.50841,2.96707,2.61095,1.08692,-0.71986,-0.29671,-38.4279
20260926-133259,20260926-133259-3,1,58540.831,0.513,0.12799,0.39561,0.64916,-0.10739,0.41036,0.12233,0.14498,0.06204,0.06663,0.00312,0.38166,0.3617,0.0122,0.17042,0.11521,0.36945,0.50888,2.9661,2.6221,1.09923,-0.72053,-0.30143,-38.42835
20260926-133259,20260926-133259-3,1,58540.862,0.51316,0.12802,0.39462,0.6489,-0.10751,0.409,0.1238,0.14672,0.06132,0.06577,0.00312,0.38112,0.36141,0.01221,0.17191,0.11557,0.37274,0.51193,2.96158,2.66223,1.10336,-0.72099,-0.30321,-38.42913
20260926-133259,20260926-133259-3,1,58540.894,0.51308,0.12867,0.39384,0.64877,-0.10793,0.40818,0.12623,0.14931,0.06015,0.0644,0.00311,0.38259,0.36265,0.01211,0.1727,0.11695,0.37531,0.51249,2.95384,2.68833,1.11212,-0.72143,-0.30548,-38.4339
20260926-133259,20260926-133259-3,1,58540.926,0.51312,0.12889,0.39407,0.64888,-0.10813,0.40839,0.12739,0.15057,0.05961,0.06361,0.00309,0.38344,0.36356,0.01207,0.17249,0.11648,0.37531,0.51336,2.94105,2.70015,1.11385,-0.72177,-0.30804,-38.43655
20260926-133259,20260926-133259-3,1,58540.961,0.51302,0.12895,0.39334,0.64879,-0.10817,0.40834,0.12801,0.1514,0.05934,0.06325,0.00309,0.38382,0.36394,0.01204,0.17249,0.11679,0.3756,0.5153,2.94356,2.70803,1.12482,-0.72268,-0.31131,-38.43903
20260926-133259,20260926-133259-3,1,58540.99,0.51268,0.12901,0.39374,0.64873,-0.10833,0.40866,0.1279,0.1512,0.05932,0.06326,0.00309,0.38375,0.36394,0.01202,0.17218,0.1165,0.37494,0.51393,2.94293,2.70559,1.13683,-0.7232,-0.31423,-38.43833
20260926-133259,20260926-133259-3,1,58541.041,0.51305,0.12884,0.3929,0.64868,-0.10833,0.40879,0.12822,0.15156,0.05917,0.0631,0.00311,0.38217,0.36267,0.01212,0.17157,0.11669,0.37553,0.51628,2.94037,2.72561,1.14358,-0.72378,-0.31712,-38.43525
20260926-133259,20260926-133259-3,1,58541.07,0.5131,0.12904,0.3924,0.64873,-0.10844,0.40895,0.12885,0.15223,0.05885,0.06278,0.0031,0.38235,0.36285,0.01211,0.1713,0.11739,0.37586,0.51691,2.94148,2.73671,1.1575,-0.72434,-0.31986,-38.43437
20260926-133259,20260926-133259-3,1,58541.102,0.513,0.12965,0.39276,0.64914,-0.10902,0.40916,0.13094,0.15443,0.05795,0.06164,0.00307,0.38404,0.3644,0.01205,0.17131,0.11719,0.37624,0.51767,2.93944,2.7454,1.16488,-0.7246,-0.3219,-38.43344
20260926-133259,20260926-133259-3,1,58541.133,0.5118,0.13023,0.39354,0.65116,-0.1093,0.40922,0.1328,0.15608,0.05709,0.06069,0.00292,0.39322,0.37252,0.01171,0.17086,0.11664,0.37789,0.51765,2.93416,2.75554,1.17189,-0.72461,-0.32364,-38.43248
20260926-133259,20260926-133259-3,1,58541.164,0.51001,0.13071,0.3946,0.65322,-0.10958,0.40937,0.13388,0.15684,0.05647,0.06002,0.00275,0.4041,0.38186,0.01128,0.17066,0.11573,0.37844,0.51731,2.92937,2.77049,1.17614,-0.72432,-0.3254,-38.42874
20260926-133259,20260926-133259-3,1,58541.196,0.50704,0.13096,0.39495,0.65631,-0.10947,0.40911,0.13291,0.15542,0.05666,0.06034,0.00249,0.42296,0.39829,0.0106,0.17063,0.11537,0.3774,0.51698,2.92364,2.7687,1.17052,-0.7226,-0.32708,-38.42209
20260926-133259,20260926-133259-3,1,58541.231,0.504,0.13129,0.39488,0.66005,-0.10904,0.40881,0.13144,0.15331,0.05718,0.06094,0.00225,0.44076,0.4143,0.01009,0.171,0.11539,0.3768,0.51662,2.93148,2.77415,1.17412,-0.71855,-0.32781,-38.42019
20260926-133259,20260926-133259-3,1,58541.261,0.49194,0.13302,0.39645,0.6679,-0.10946,0.41054,0.13165,0.15294,0.05625,0.05968,0.00181,0.49614,0.46958,0.00758,0.16964,0.11416,0.37275,0.51942,2.92868,2.81747,1.16768,-0.70875,-0.32552,-38.41603
20260926-133259,20260926-133259-3,1,58541.296,0.48462,0.13575,0.40142,0.67067,-0.11118,0.415,0.13657,0.15765,0.053,0.05561,0.00165,0.52298,0.49866,0.00635,0.16417,0.10962,0.36802,0.5165,2.92186,2.85002,1.16326,-0.69739,-0.32269,-38.41637
20260926-133259,20260926-133259-3,1,58541.325,0.48021,0.13864,0.40434,0.67226,-0.11299,0.41748,0.14038,0.16137,0.05087,0.05282,0.00157,0.53648,0.51353,0.00584,0.16343,0.10816,0.36424,0.51156,2.9324,2.86249,1.16333,-0.69052,-0.32064,-38.4141
20260926-133259,20260926-133259-3,1,58541.359,0.47704,0.13999,0.40752,0.6724,-0.1142,0.42243,0.14014,0.16102,0.0506,0.05217,0.00155,0.54318,0.52069,0.00554,0.1595,0.10568,0.35807,0.50848,2.94312,2.90389,1.18047,-0.68569,-0.31754,-38.4053
20260926-133259,20260926-133259-3,1,58541.409,0.47587,0.14056,0.41037,0.67205,-0.11457,0.42654,0.14034,0.16119,0.05034,0.05169,0.00156,0.54418,0.52178,0.00543,0.1546,0.10299,0.35493,0.50785,2.95633,2.9549,1.19721,-0.68482,-0.31436,-38.39766
20260926-133259,20260926-133259-3,1,58541.44,0.47608,0.141,0.41148,0.67178,-0.11479,0.42742,0.14115,0.16209,0.05,0.05122,0.00157,0.54313,0.52084,0.00544,0.15384,0.10214,0.35416,0.50752,2.96286,2.99336,1.19852,-0.68503,-0.31184,-38.39063
20260926-133259,20260926-133259-3,1,58541.469,0.47662,0.14111,0.41152,0.67158,-0.11487,0.42732,0.14173,0.16282,0.04982,0.05097,0.00158,0.54155,0.51922,0.00549,0.15403,0.10208,0.35432,0.50815,2.96055,3.00339,1.19918,-0.68502,-0.31131,-38.38779
20260926-133259,20260926-133259-3,1,58541.503,0.47713,0.14145,0.41153,0.67142,-0.1151,0.42718,0.14292,0.16416,0.04941,0.05047,0.00159,0.54048,0.51821,0.00553,0.15451,0.10226,0.35434,0.50824,2.95677,3.00706,1.20104,-0.68496,-0.31121,-38.38689
20260926-133259,20260926-133259-3,1,58541.534,0.47749,0.14166,0.41153,0.67129,-0.11527,0.42711,0.14387,0.1652,0.04908,0.0501,0.00159,0.53929,0.51706,0.00556,0.15474,0.10242,0.35462,0.50837,2.95305,3.01472,1.20028,-0.68487,-0.31093,-38.38552
20260926-133259,20260926-133259-3,1,58541.566,0.47793,0.14191,0.41147,0.67118,-0.11535,0.42692,0.14462,0.1661,0.04884,0.04975,0.00159,0.5385,0.51625,0.0056,0.15519,0.10253,0.35462,0.50841,2.95243,3.01604,1.19978,-0.68469,-0.31083,-38.38485
20260926-133259,20260926-133259-3,1,58541.599,0.47999,0.14207,0.41117,0.67084,-0.1156,0.4265,0.14571,0.16742,0.04857,0.04941,0.00161,0.53322,0.51025,0.00584,0.15635,0.10297,0.35476,0.509,2.953,3.01756,1.20325,-0.68482,-0.31111,-38.38302
20260926-133259,20260926-133259-3,1,58541.628,0.49849,0.14152,0.40902,0.65507,-0.11775,0.42565,0.14927,0.17255,0.04806,0.0489,0.00228,0.44733,0.42258,0.00897,0.16052,0.10707,0.35588,0.50786,2.9555,3.02843,1.21684,-0.68635,-0.31183,-38.37533
20260926-133259,20260926-133259-3,1,58541.664,0.51534,0.14151,0.40664,0.63929,-0.1202,0.42516,0.15381,0.17903,0.04687,0.04767,0.00352,0.35554,0.34126,0.01307,0.1646,0.11215,0.35806,0.50397,2.96196,3.08957,1.23236,-0.6889,-0.31,-38.36234
20260926-133259,20260926-133259-3,1,58541.693,0.52535,0.14148,0.40525,0.63116,-0.12227,0.42347,0.15837,0.18465,0.04539,0.04629,0.00461,0.3042,0.30053,0.01598,0.16929,0.11488,0.36231,0.50329,2.97099,3.15284,1.23524,-0.69229,-0.30887,-38.34774
20260926-133259,20260926-133259-3,1,58541.726,0.5302,0.14179,0.40523,0.62842,-0.12353,0.42346,0.16113,0.18705,0.0444,0.04545,0.00523,0.27923,0.28468,0.01762,0.17045,0.11574,0.36281,0.50201,2.98579,3.19902,1.23918,-0.69478,-0.30956,-38.33508
20260926-133259,20260926-133259-3,1,58541.777,0.53282,0.14281,0.40476,0.62843,-0.12531,0.42199,0.16836,0.19442,0.0423,0.0432,0.00545,0.27028,0.28004,0.01832,0.17326,0.11616,0.3676,0.50866,2.9822,3.30685,1.2289,-0.69503,-0.31047,-38.32319
20260926-133259,20260926-133259-3,1,58541.806,0.53273,0.14336,0.40528,0.62832,-0.12642,0.42239,0.17231,0.19825,0.04122,0.04199,0.00549,0.26909,0.27866,0.01834,0.17267,0.11574,0.3686,0.50994,2.98371,3.32532,1.22042,-0.69355,-0.31258,-38.31902
20260926-133259,20260926-133259-3,1,58541.838,0.5334,0.14355,0.40518,0.62597,-0.12749,0.42152,0.17334,0.19921,0.04087,0.04173,0.00582,0.26096,0.27152,0.01883,0.17511,0.11659,0.37015,0.50764,2.99824,3.34543,1.2049,-0.69011,-0.31422,-38.30444
20260926-133259,20260926-133259-3,1,58541.87,0.53539,0.14355,0.40499,0.62298,-0.12856,0.42249,0.17604,0.20204,0.04024,0.04108,0.00648,0.24595,0.25852,0.01988,0.17618,0.11713,0.37139,0.51005,3.02137,3.47442,1.18769,-0.68545,-0.31347,-38.28523
20260926-133259,20260926-133259-3,1,58541.904,0.53759,0.1434,0.40558,0.62034,-0.12923,0.42311,0.17664,0.20278,0.04013,0.04087,0.00707,0.23314,0.24835,0.0209,0.17737,0.11671,0.3691,0.50997,3.01825,3.51637,1.17562,-0.68107,-0.31434,-38.27321
20260926-133259,20260926-133259-3,1,58541.932,0.53938,0.14354,0.40563,0.61823,-0.13024,0.42303,0.17837,0.20449,0.03967,0.04037,0.00756,0.2234,0.24091,0.02175,0.17974,0.11738,0.36713,0.50883,3.02444,3.5582,1.17012,-0.67846,-0.31534,-38.26091
20260926-133259,20260926-133259-3,1,58541.966,0.54117,0.14377,0.40587,0.61599,-0.13131,0.42359,0.17969,0.20561,0.0393,0.04001,0.0082,0.21161,0.232,0.02289,0.18097,0.11765,0.3659,0.50836,3.05123,3.61882,1.15936,-0.6746,-0.31674,-38.25278
20260926-133259,20260926-133259-3,1,58541.999,0.54279,0.14415,0.40594,0.61381,-0.13231,0.42355,0.18223,0.20835,0.03876,0.03924,0.00878,0.20232,0.22461,0.02386,0.18219,0.11753,0.36586,0.51037,3.05257,3.66055,1.15235,-0.66776,-0.31876,-38.24657
20260926-133259,20260926-133259-3,1,58542.03,0.54562,0.14394,0.40583,0.61168,-0.13284,0.42353,0.18593,0.21241,0.03792,0.0382,0.00953,0.19074,0.21557,0.0252,0.18229,0.1168,0.36545,0.51428,3.05203,3.70104,1.14561,-0.65781,-0.32006,-38.24061
20260926-133259,20260926-133259-3,1,58542.062,0.54936,0.14363,0.40523,0.60914,-0.13363,0.42405,0.18945,0.21608,0.03707,0.03721,0.01058,0.17641,0.20438,0.02705,0.18214,0.11634,0.36247,0.51688,3.06931,3.71411,1.12619,-0.64466,-0.32341,-38.23789
20260926-133259,20260926-133259-3,1,58542.093,0.55293,0.14371,0.40586,0.60709,-0.13462,0.42581,0.19358,0.21993,0.03618,0.03631,0.01174,0.16322,0.19428,0.02907,0.18102,0.11569,0.3597,0.51778,3.09005,3.71547,1.09434,-0.62976,-0.32784,-38.24153
20260926-133259,20260926-133259-3,1,58542.142,0.55646,0.14318,0.40626,0.60543,-0.13422,0.4272,0.19485,0.22115,0.03595,0.03603,0.01278,0.15245,0.18625,0.03099,0.17871,0.11472,0.35737,0.51866,3.11136,3.72762,1.05835,-0.61184,-0.33129,-38.24707
20260926-133259,20260926-133259-3,1,58542.174,0.55123,0.13266,0.40302,0.60613,-0.12041,0.42354,0.15623,0.18186,0.047,0.04837,0.0118,0.16574,0.19453,0.02878,0.16967,0.10969,0.36401,0.52028,3.13119,3.66797,1.00484,-0.60086,-0.34322,-38.26417
20260926-133259,20260926-133259-3,1,58542.204,0.54794,0.12321,0.39791,0.60613,-0.11028,0.4165,0.12999,0.1538,0.05797,0.06155,0.01129,0.17331,0.19951,0.02767,0.16884,0.10866,0.37287,0.5181,3.14867,3.61308,0.97008,-0.59216,-0.35329,-38.27352
20260926-133259,20260926-133259-3,1,58542.238,0.54765,0.11811,0.39432,0.60696,-0.10552,0.41317,0.12047,0.14301,0.06334,0.06879,0.01104,0.17641,0.2027,0.02743,0.16825,0.10945,0.37878,0.51832,3.16636,3.58284,0.92895,-0.58278,-0.36083,-38.29061
20260926-133259,20260926-133259-3,1,58542.27,0.54789,0.11483,0.39171,0.60687,-0.10261,0.40899,0.11334,0.13378,0.06835,0.07457,0.01107,0.17604,0.20289,0.0276,0.17265,0.11117,0.38207,0.5162,3.16958,3.55812,0.88614,-0.57382,-0.36809,-38.29672
20260926-133259,20260926-133259-3,1,58542.3,0.54765,0.11115,0.39021,0.60792,-0.09889,0.40755,0.10643,0.12451,0.07386,0.08039,0.01089,0.17744,0.20441,0.02751,0.17142,0.11044,0.38485,0.5177,3.19067,3.57458,0.87021,-0.56736,-0.37266,-38.30754
20260926-133259,20260926-133259-3,1,58542.334,0.54882,0.10962,0.38931,0.60883,-0.0978,0.4063,0.10567,0.12331,0.07504,0.08177,0.01104,0.17517,0.20356,0.02799,0.17332,0.11121,0.38562,0.51983,3.20245,3.59322,0.8443,-0.561,-0.37696,-38.31841
20260926-133259,20260926-133259-3,1,58542.365,0.54891,0.1081,0.38916,0.60887,-0.09695,0.40596,0.10261,0.11904,0.07747,0.08457,0.01117,0.17244,0.20264,0.02847,0.17454,0.11154,0.38273,0.51588,3.21602,3.58762,0.83882,-0.55556,-0.38122,-38.32235
20260926-133259,20260926-133259-3,1,58542.396,0.55062,0.10752,0.38853,0.60886,-0.09655,0.40522,0.10293,0.11977,0.0774,0.08451,0.01158,0.16797,0.19937,0.0292,0.17583,0.11198,0.38338,0.51795,3.24059,3.6207,0.83047,-0.55082,-0.38379,-38.32819
20260926-133259,20260926-133259-3,1,58542.43,0.5507,0.10769,0.38872,0.60826,-0.09731,0.40506,0.10311,0.12018,0.07705,0.08427,0.0118,0.16538,0.1979,0.02956,0.17836,0.1128,0.38139,0.51516,3.26255,3.6386,0.82432,-0.54741,-0.38643,-38.3257
20260926-133259,20260926-133259-3,1,58542.461,0.55113,0.10691,0.38816,0.60775,-0.09672,0.40499,0.1019,0.11868,0.07796,0.08552,0.012,0.16326,0.19654,0.02985,0.1782,0.11339,0.38156,0.51396,3.28759,3.67822,0.82907,-0.54582,-0.3886,-38.32459
20260926-133259,20260926-133259-3,1,58542.51,0.55128,0.10729,0.38776,0.6074,-0.09749,0.40629,0.1039,0.12129,0.07642,0.08393,0.01224,0.16146,0.19478,0.03004,0.17755,0.11423,0.37958,0.5144,3.3109,3.72981,0.83771,-0.54474,-0.39377,-38.32228
20260926-133259,20260926-133259-3,1,58542.542,0.55044,0.10566,0.38656,0.6068,-0.09572,0.40523,0.09932,0.11605,0.08033,0.08786,0.01235,0.16088,0.19382,0.03005,0.18086,0.11578,0.37457,0.51019,3.34327,3.73093,0.84898,-0.54834,-0.40221,-38.32211
20260926-133259,20260926-133259-3,1,58542.561,0.55039,0.10478,0.38644,0.60661,-0.09464,0.40515,0.0975,0.11376,0.08217,0.08969,0.01242,0.16057,0.19337,0.03009,0.18082,0.11568,0.37433,0.50947,3.35369,3.747,0.85205,-0.54949,-0.40495,-38.32075
20260926-133259,20260926-133259-3,1,58542.606,0.5507,0.1059,0.38504,0.60537,-0.09657,0.40593,0.0984,0.11566,0.08131,0.08891,0.01307,0.15613,0.18859,0.03077,0.18335,0.11733,0.37253,0.51126,3.41587,3.84846,0.84126,-0.56664,-0.41805,-38.30592
20260926-133259,20260926-133259-3,1,58542.636,0.54777,0.10562,0.38441,0.60475,-0.09605,0.40438,0.09691,0.11346,0.08295,0.09072,0.01259,0.16261,0.19123,0.02937,0.18385,0.11882,0.37793,0.50744,3.39971,3.92662,0.88094,-0.58193,-0.42584,-38.29388
20260926-133259,20260926-133259-3,1,58542.672,0.54394,0.10581,0.38411,0.6065,-0.09635,0.40305,0.09609,0.11105,0.08368,0.09202,0.01144,0.17444,0.19985,0.02745,0.1847,0.12049,0.38326,0.50276,3.38927,3.92651,0.91886,-0.59718,-0.44067,-38.28679
20260926-133259,20260926-133259-3,1,58542.701,0.54143,0.10788,0.38531,0.61105,-0.09701,0.40407,0.09918,0.11554,0.08048,0.08822,0.00983,0.19291,0.21518,0.02523,0.18386,0.12041,0.3798,0.50435,3.37522,3.92899,0.92549,-0.60629,-0.45184,-38.28968
20260926-133259,20260926-133259-3,1,58542.732,0.53926,0.11002,0.38635,0.61581,-0.09771,0.40525,0.10322,0.12196,0.07691,0.08362,0.00856,0.21144,0.22997,0.02331,0.18356,0.11931,0.3753,0.51012,3.37273,3.9363,0.91824,-0.61692,-0.46151,-38.31019
20260926-133259,20260926-133259-3,1,58542.765,0.53733,0.11184,0.38792,0.61992,-0.09821,0.40619,0.10654,0.12727,0.07412,0.08018,0.00757,0.22926,0.24371,0.02165,0.18298,0.11826,0.37285,0.51349,3.36857,3.94124,0.90779,-0.62763,-0.47029,-38.31978
20260926-133259,20260926-133259-3,1,58542.797,0.53587,0.11328,0.38889,0.62351,-0.09881,0.40679,0.11013,0.1323,0.0716,0.07703,0.00685,0.24423,0.25493,0.02038,0.1831,0.11787,0.37184,0.51526,3.3745,3.94743,0.90163,-0.63704,-0.47676,-38.32504
20260926-133259,20260926-133259-3,1,58542.828,0.5355,0.11424,0.3899,0.62577,-0.09954,0.40806,0.11382,0.13685,0.06896,0.07431,0.00649,0.25172,0.26166,0.01981,0.18179,0.11785,0.37095,0.51591,3.37071,3.94347,0.87818,-0.64351,-0.48185,-38.3297
20260926-133259,20260926-133259-3,1,58542.88,0.53361,0.11567,0.39111,0.62761,-0.10037,0.40863,0.11548,0.13906,0.06761,0.07288,0.00607,0.26224,0.27002,0.01902,0.182,0.11823,0.36934,0.5136,3.36703,3.89484,0.8761,-0.64782,-0.48961,-38.32375
20260926-133259,20260926-133259-3,1,58542.913,0.53289,0.11592,0.39141,0.62841,-0.10047,0.40902,0.11646,0.14031,0.06692,0.07218,0.00591,0.26675,0.27336,0.01869,0.18122,0.11809,0.36948,0.51426,3.36341,3.89486,0.8748,-0.64908,-0.49083,-38.32914
20260926-133259,20260926-133259-3,1,58542.928,0.53217,0.11612,0.39145,0.62881,-0.10068,0.40919,0.11674,0.1407,0.06672,0.07192,0.00581,0.26981,0.2753,0.01845,0.18136,0.1182,0.36847,0.51423,3.36365,3.88453,0.87304,-0.64937,-0.49209,-38.3306
20260926-133259,20260926-133259-3,1,58542.945,0.53164,0.11623,0.39142,0.62939,-0.10067,0.4092,0.11685,0.14087,0.06664,0.07181,0.00571,0.27286,0.27745,0.01823,0.18131,0.11827,0.36835,0.51444,3.36237,3.88306,0.87296,-0.64947,-0.4923,-38.33133
20260926-133259,20260926-133259-3,1,58543.008,0.52892,0.11677,0.39124,0.63141,-0.10062,0.40928,0.11702,0.14073,0.06654,0.07159,0.00532,0.28513,0.28572,0.01739,0.18078,0.1188,0.36806,0.51358,3.36217,3.87503,0.86839,-0.65025,-0.49399,-38.32323
20260926-133259,20260926-133259-3,1,58543.038,0.52847,0.11678,0.39127,0.63194,-0.10041,0.40942,0.11691,0.14076,0.06659,0.07158,0.00523,0.28829,0.28809,0.01719,0.18048,0.11862,0.36735,0.51392,3.36536,3.86942,0.86938,-0.65169,-0.49472,-38.32398
20260926-133259,20260926-133259-3,1,58543.07,0.52834,0.11679,0.39143,0.63232,-0.1004,0.40941,0.11703,0.14105,0.06644,0.07149,0.00516,0.29024,0.28984,0.01707,0.18024,0.11853,0.36707,0.51404,3.35707,3.85173,0.86939,-0.6521,-0.49669,-38.32539
20260926-133259,20260926-133259-3,1,58543.102,0.52798,0.11698,0.39075,0.63323,-0.10039,0.40887,0.11686,0.14098,0.06652,0.07153,0.00504,0.29367,0.29272,0.01688,0.18098,0.11935,0.36644,0.51451,3.35454,3.83079,0.87292,-0.6528,-0.49861,-38.32523
20260926-133259,20260926-133259-3,1,58543.135,0.52793,0.11694,0.39081,0.63357,-0.10032,0.40885,0.11694,0.14098,0.06645,0.07153,0.005,0.29492,0.29398,0.01682,0.18059,0.11926,0.36684,0.51474,3.35246,3.82127,0.87365,-0.65283,-0.49965,-38.32413
20260926-133259,20260926-133259-3,1,58543.166,0.52771,0.11704,0.39069,0.6341,-0.10043,0.40877,0.11683,0.14081,0.06649,0.0716,0.00494,0.29649,0.29548,0.01675,0.18076,0.11949,0.36648,0.51466,3.35808,3.7771,0.87434,-0.65337,-0.50247,-38.32217
20260926-133259,20260926-133259-3,1,58543.198,0.52721,0.11732,0.39093,0.63459,-0.10045,0.40857,0.11682,0.14098,0.06647,0.07155,0.00484,0.30037,0.29823,0.01651,0.18079,0.11936,0.36692,0.51556,3.35436,3.76776,0.87837,-0.65465,-0.50339,-38.31907
20260926-133259,20260926-133259-3,1,58543.246,0.52665,0.1178,0.39133,0.63501,-0.10103,0.40856,0.11803,0.14252,0.06557,0.07074,0.00475,0.30423,0.30087,0.01626,0.18097,0.11937,0.36706,0.5164,3.34325,3.75434,0.87809,-0.65585,-0.50465,-38.31565
20260926-133259,20260926-133259-3,1,58543.281,0.52601,0.11799,0.39136,0.6358,-0.10135,0.40849,0.11887,0.14367,0.06507,0.07014,0.00462,0.3095,0.30424,0.01594,0.18128,0.11913,0.36686,0.51779,3.34279,3.75355,0.88624,-0.65791,-0.50503,-38.31255
20260926-133259,20260926-133259-3,1,58543.293,0.526,0.1181,0.39143,0.63611,-0.10148,0.40853,0.11928,0.14421,0.06483,0.06987,0.0046,0.3106,0.30501,0.01587,0.18132,0.11911,0.36673,0.51811,3.3386,3.74704,0.88776,-0.65831,-0.5055,-38.31232
20260926-133259,20260926-133259-3,1,58543.31,0.52568,0.1182,0.3914,0.63632,-0.10169,0.40843,0.1196,0.14457,0.06462,0.06966,0.00456,0.31223,0.30601,0.01577,0.18152,0.11918,0.36688,0.51817,3.33711,3.74526,0.8909,-0.65931,-0.50562,-38.31034
20260926-133259,20260926-133259-3,1,58543.34,0.5255,0.11858,0.39159,0.63637,-0.10256,0.40764,0.12103,0.14598,0.06366,0.06883,0.00455,0.31231,0.30637,0.01574,0.18253,0.11929,0.36947,0.5178,3.33384,3.74164,0.89851,-0.66116,-0.50567,-38.30849
20260926-133259,20260926-133259-3,1,58543.407,0.52434,0.1194,0.39232,0.63706,-0.10391,0.4069,0.12326,0.14819,0.06224,0.06738,0.00442,0.31744,0.31008,0.01543,0.18364,0.11908,0.37213,0.51776,3.3229,3.73607,0.91505,-0.66435,-0.50548,-38.3074
20260926-133259,20260926-133259-3,1,58543.437,0.52412,0.11971,0.39243,0.63739,-0.1045,0.40655,0.12436,0.14921,0.06154,0.06672,0.00436,0.31932,0.31165,0.01532,0.18402,0.11921,0.37314,0.51737,3.31517,3.72153,0.92433,-0.66566,-0.50578,-38.30775
20260926-133259,20260926-133259-3,1,58543.471,0.52426,0.12067,0.39302,0.63761,-0.10639,0.40707,0.12911,0.15387,0.05884,0.06414,0.00433,0.32049,0.31238,0.01521,0.183,0.11987,0.37534,0.5164,3.30081,3.70236,0.93674,-0.66795,-0.50566,-38.3051
20260926-133259,20260926-133259-3,1,58543.503,0.52423,0.12197,0.39418,0.63757,-0.10831,0.40777,0.13385,0.15882,0.05649,0.06151,0.00434,0.32049,0.31159,0.01515,0.18273,0.11981,0.37621,0.51614,3.2932,3.69214,0.94638,-0.67078,-0.50554,-38.30579
20260926-133259,20260926-133259-3,1,58543.534,0.52467,0.12353,0.3953,0.63721,-0.1102,0.40849,0.13912,0.16431,0.05401,0.05855,0.00439,0.31802,0.30991,0.01523,0.18277,0.11959,0.376,0.51539,3.28913,3.69468,0.95728,-0.67334,-0.50424,-38.30196
20260926-133259,20260926-133259-3,1,58543.564,0.52394,0.12415,0.39574,0.63668,-0.1112,0.40853,0.14035,0.16544,0.05342,0.05783,0.0044,0.31829,0.30985,0.01511,0.18354,0.11957,0.37605,0.51497,3.28006,3.6945,0.96855,-0.67693,-0.50397,-38.29814
20260926-133259,20260926-133259-3,1,58543.614,0.52257,0.12463,0.39569,0.63722,-0.11154,0.40785,0.14017,0.16503,0.05338,0.05764,0.00427,0.32293,0.3135,0.01483,0.18442,0.11926,0.37739,0.51461,3.27094,3.70148,0.98405,-0.68189,-0.50312,-38.28891
20260926-133259,20260926-133259-3,1,58543.647,0.52348,0.12491,0.39546,0.63659,-0.11184,0.40762,0.14084,0.16585,0.0531,0.05719,0.00435,0.31865,0.30998,0.01516,0.18523,0.11945,0.37828,0.5144,3.26568,3.71093,0.98664,-0.68416,-0.50252,-38.28447
20260926-133259,20260926-133259-3,1,58543.66,0.5236,0.12505,0.39535,0.63649,-0.11192,0.40756,0.14116,0.16615,0.05301,0.05702,0.00437,0.31792,0.30952,0.01521,0.18556,0.11955,0.37855,0.51443,3.26249,3.72255,0.98696,-0.68515,-0.50184,-38.2805
20260926-133259,20260926-133259-3,1,58543.677,0.52332,0.12532,0.39545,0.63691,-0.112,0.40774,0.14176,0.16677,0.05285,0.05669,0.00433,0.31935,0.31037,0.01514,0.18577,0.11942,0.37852,0.51509,3.25406,3.75063,0.98658,-0.68639,-0.50054,-38.27451
20260926-133259,20260926-133259-3,1,58543.711,0.52218,0.12577,0.39563,0.6379,-0.11199,0.40771,0.14218,0.16702,0.05281,0.05641,0.00423,0.32362,0.31309,0.01492,0.18601,0.11907,0.37884,0.51591,3.2439,3.77394,0.98718,-0.68914,-0.49979,-38.26911
20260926-133259,20260926-133259-3,1,58543.741,0.52159,0.12621,0.39558,0.63823,-0.11207,0.4076,0.14273,0.16752,0.05257,0.05605,0.00419,0.32533,0.31461,0.01481,0.18617,0.11881,0.37957,0.5166,3.23736,3.79293,0.98922,-0.69096,-0.49978,-38.26432
20260926-133259,20260926-133259-3,1,58543.806,0.52089,0.1266,0.39554,0.63943,-0.1121,0.4076,0.14311,0.16785,0.0524,0.05571,0.00405,0.33067,0.31932,0.01457,0.18654,0.11847,0.37964,0.5177,3.23229,3.8037,0.99497,-0.69167,-0.50052,-38.2579
20260926-133259,20260926-133259-3,1,58543.838,0.51989,0.12691,0.39566,0.6418,-0.11192,0.40781,0.14339,0.16804,0.05233,0.05551,0.00384,0.33919,0.32672,0.0142,0.18641,0.11814,0.37921,0.51878,3.22499,3.8129,0.99529,-0.69153,-0.50063,-38.25439
20260926-133259,20260926-133259-3,1,58543.868,0.51781,0.12741,0.39574,0.6445,-0.11184,0.40809,0.14428,0.16878,0.05199,0.05504,0.00358,0.35235,0.33774,0.01353,0.18596,0.11764,0.37886,0.52073,3.22066,3.82804,0.99323,-0.69179,-0.50091,-38.2531
20260926-133259,20260926-133259-3,1,58543.903,0.51571,0.1278,0.39588,0.64665,-0.11174,0.40836,0.14513,0.16945,0.05174,0.05457,0.00336,0.36455,0.34773,0.01291,0.18559,0.11705,0.37803,0.52279,3.22169,3.85447,0.99276,-0.69211,-0.49969,-38.24976
20260926-133259,20260926-133259-3,1,58543.935,0.51314,0.1281,0.39599,0.64928,-0.1115,0.40937,0.14515,0.16913,0.05178,0.05445,0.00311,0.37983,0.36034,0.0122,0.18442,0.11646,0.37467,0.52437,3.2228,3.85398,0.99037,-0.69223,-0.50029,-38.24723
20260926-133259,20260926-133259-3,1,58543.982,0.51038,0.12866,0.3963,0.65125,-0.11147,0.4109,0.1453,0.16926,0.05168,0.05409,0.0029,0.39483,0.3724,0.01149,0.18305,0.11593,0.36942,0.52599,3.22434,3.85635,0.98631,-0.69227,-0.50167,-38.24022
20260926-133259,20260926-133259-3,1,58544.015,0.50903,0.12943,0.39683,0.65223,-0.11165,0.41154,0.14706,0.17095,0.05097,0.05324,0.0028,0.40247,0.37857,0.01114,0.18194,0.11543,0.369,0.52695,3.22069,3.86812,0.98404,-0.69213,-0.50321,-38.2354
20260926-133259,20260926-133259-3,1,58544.027,0.50834,0.12959,0.39683,0.65267,-0.1117,0.41173,0.14748,0.17141,0.05082,0.05299,0.00275,0.40621,0.38154,0.01097,0.18162,0.11524,0.36845,0.52805,3.21907,3.8726,0.98373,-0.69199,-0.50339,-38.23396
20260926-133259,20260926-133259-3,1,58544.047,0.50767,0.12973,0.39683,0.65333,-0.11177,0.41229,0.14772,0.17168,0.05076,0.05279,0.0027,0.41059,0.38505,0.01079,0.18119,0.11506,0.36653,0.5289,3.21662,3.86951,0.98019,-0.69164,-0.50444,-38.23042
20260926-133259,20260926-133259-3,1,58544.08,0.50685,0.13053,0.39783,0.65421,-0.11197,0.41292,0.14988,0.17376,0.04999,0.05185,0.00263,0.41593,0.3893,0.01059,0.18,0.11442,0.36702,0.52862,3.21213,3.89093,0.97487,-0.69145,-0.50578,-38.22837
20260926-133259,20260926-133259-3,1,58544.11,0.50589,0.13077,0.3978,0.65486,-0.11194,0.41324,0.1505,0.17436,0.04981,0.0515,0.00257,0.42105,0.3934,0.01038,0.17966,0.11419,0.36608,0.52966,3.21337,3.89619,0.9721,-0.69128,-0.50638,-38.22644
20260926-133259,20260926-133259-3,1,58544.143,0.50547,0.13125,0.39867,0.65522,-0.11197,0.41357,0.15159,0.17532,0.04944,0.05105,0.00253,0.42389,0.39544,0.01027,0.17885,0.11372,0.36702,0.52836,3.20899,3.90718,0.9716,-0.69107,-0.50744,-38.22456
20260926-133259,20260926-133259-3,1,58544.206,0.50604,0.13144,0.39806,0.65456,-0.11215,0.4127,0.1529,0.17691,0.04908,0.05056,0.00258,0.42105,0.39288,0.01033,0.18002,0.11454,0.36824,0.52919,3.19857,3.91873,0.97287,-0.69089,-0.50739,-38.22006
20260926-133259,20260926-133259-3,1,58544.239,0.50744,0.13134,0.39792,0.65336,-0.11223,0.41254,0.15326,0.17748,0.04899,0.05043,0.00268,0.41297,0.38617,0.01063,0.18053,0.11468,0.36897,0.52924,3.1985,3.91877,0.97379,-0.69122,-0.50775,-38.22069
20260926-133259,20260926-133259-3,1,58544.271,0.50885,0.13133,0.39729,0.65228,-0.11257,0.4119,0.15365,0.17809,0.04887,0.05027,0.00278,0.40453,0.37931,0.01097,0.18199,0.11548,0.36945,0.52884,3.19819,3.91213,0.97599,-0.69159,-0.50873,-38.21786
20260926-133259,20260926-133259-3,1,58544.304,0.51221,0.13123,0.3971,0.6499,-0.11293,0.41172,0.15449,0.17946,0.04864,0.04993,0.00303,0.38697,0.36499,0.01174,0.18295,0.11589,0.3699,0.5286,3.19613,3.91126,0.97569,-0.69201,-0.50933,-38.21725
20260926-133259,20260926-133259-3,1,58544.35,0.51449,0.13127,0.3967,0.64848,-0.11323,0.41129,0.15563,0.18085,0.04833,0.04952,0.0032,0.3753,0.35533,0.01228,0.18397,0.11647,0.37157,0.5284,3.18892,3.9237,0.97322,-0.69296,-0.50961,-38.214
20260926-133259,20260926-133259-3,1,58544.381,0.51587,0.13137,0.3957,0.64752,-0.11338,0.41079,0.15672,0.18231,0.04806,0.04916,0.00332,0.36823,0.34948,0.01262,0.18488,0.11749,0.37307,0.52959,3.19044,3.92466,0.9784,-0.69384,-0.51119,-38.21217
20260926-133259,20260926-133259-3,1,58544.394,0.51636,0.13137,0.39533,0.64735,-0.1134,0.4106,0.15706,0.18275,0.04798,0.04907,0.00335,0.36592,0.34763,0.01274,0.18517,0.11787,0.37351,0.52986,3.19055,3.92476,0.98079,-0.69428,-0.51155,-38.21148
20260926-133259,20260926-133259-3,1,58544.414,0.51753,0.13125,0.39481,0.64681,-0.11335,0.41041,0.15776,0.18364,0.04782,0.04889,0.00344,0.36077,0.34333,0.01301,0.18536,0.11831,0.37492,0.53066,3.1874,3.94059,0.98123,-0.69505,-0.51147,-38.20848
20260926-133259,20260926-133259-3,1,58544.447,0.51904,0.13144,0.39435,0.6467,-0.11339,0.41017,0.16,0.1862,0.04716,0.04812,0.00351,0.35633,0.33987,0.01328,0.18539,0.11875,0.37711,0.53212,3.17901,3.97363,0.98677,-0.69548,-0.51109,-38.20604
20260926-133259,20260926-133259-3,1,58544.476,0.52005,0.13136,0.39384,0.64634,-0.11367,0.40969,0.16065,0.18693,0.04699,0.04794,0.00358,0.35154,0.33628,0.01358,0.1867,0.11949,0.37775,0.53178,3.17839,3.96991,0.98322,-0.6956,-0.51203,-38.20334
20260926-133259,20260926-133259-3,1,58544.511,0.52047,0.13145,0.39374,0.64608,-0.11368,0.40939,0.16137,0.18774,0.0468,0.0477,0.00361,0.3499,0.33484,0.01367,0.18718,0.11966,0.37888,0.5321,3.17253,3.98905,0.98428,-0.69551,-0.51184,-38.20031
20260926-133259,20260926-133259-3,1,58544.54,0.52057,0.13144,0.39355,0.64607,-0.11371,0.4093,0.16156,0.18794,0.04675,0.04763,0.00362,0.34931,0.33449,0.01371,0.18724,0.11972,0.3791,0.53223,3.17188,3.9881,0.98374,-0.6956,-0.51212,-38.19913
20260926-133259,20260926-133259-3,1,58544.607,0.52152,0.13164,0.39277,0.64529,-0.114,0.40874,0.16274,0.18905,0.0464,0.04734,0.00371,0.34461,0.33059,0.01396,0.18771,0.12073,0.38164,0.53301,3.16813,3.99962,0.98091,-0.6956,-0.51318,-38.19767
20260926-133259,20260926-133259-3,1,58544.639,0.52177,0.13161,0.39264,0.64524,-0.11408,0.40859,0.16278,0.18916,0.04635,0.04734,0.00373,0.3435,0.32996,0.01404,0.18804,0.12106,0.38202,0.53286,3.16548,4.00431,0.98317,-0.69557,-0.51367,-38.19535
20260926-133259,20260926-133259-3,1,58544.673,0.52192,0.1317,0.39264,0.64523,-0.11417,0.4086,0.16365,0.19013,0.04607,0.04705,0.00373,0.34291,0.32981,0.01407,0.18777,0.12107,0.3829,0.53348,3.16377,4.00966,0.98208,-0.69546,-0.51403,-38.19591
20260926-133259,20260926-133259-3,1,58544.717,0.52136,0.13174,0.39248,0.64579,-0.11415,0.40831,0.1631,0.18929,0.04614,0.04726,0.00368,0.3452,0.33211,0.01395,0.1877,0.12123,0.38356,0.53299,3.16283,3.99075,0.97932,-0.69465,-0.5162,-38.19331
20260926-133259,20260926-133259-3,1,58544.748,0.52163,0.13157,0.39253,0.64545,-0.11373,0.40837,0.16214,0.18844,0.04652,0.0476,0.00372,0.34334,0.33045,0.01405,0.18733,0.12091,0.38432,0.53367,3.16474,4.00623,0.97482,-0.6939,-0.51587,-38.19126
20260926-133259,20260926-133259-3,1,58544.76,0.52176,0.13149,0.39242,0.64537,-0.1137,0.40816,0.16193,0.18829,0.0466,0.04769,0.00374,0.34272,0.32998,0.01408,0.18769,0.12098,0.38465,0.53381,3.16494,4.00671,0.97321,-0.69361,-0.51599,-38.19118
20260926-133259,20260926-133259-3,1,58544.782,0.52174,0.13157,0.39234,0.6455,-0.11371,0.40799,0.16192,0.18829,0.04657,0.04766,0.00373,0.34304,0.33032,0.01406,0.1879,0.12092,0.38513,0.53402,3.16647,4.00833,0.9733,-0.69306,-0.51642,-38.1906
20260926-133259,20260926-133259-3,1,58544.815,0.52199,0.13151,0.39212,0.64535,-0.11366,0.40728,0.16174,0.18822,0.04666,0.04775,0.00374,0.3427,0.33006,0.01406,0.18892,0.12103,0.38609,0.53441,3.168,4.0099,0.96963,-0.69244,-0.51681,-38.19058
20260926-133259,20260926-133259-3,1,58544.846,0.52218,0.13132,0.39167,0.64568,-0.11343,0.40658,0.16133,0.18806,0.04679,0.04794,0.00373,0.34255,0.33026,0.01408,0.18946,0.12113,0.38714,0.53551,3.16877,4.01093,0.96636,-0.69207,-0.51734,-38.1912
20260926-133259,20260926-133259-3,1,58544.881,0.52201,0.13141,0.39147,0.64607,-0.11349,0.40606,0.16091,0.18782,0.04684,0.04807,0.00369,0.34377,0.332,0.01404,0.19056,0.12163,0.38737,0.53524,3.16788,4.00545,0.9675,-0.6917,-0.51868,-38.18954
20260926-133259,20260926-133259-3,1,58544.91,0.52223,0.13123,0.39136,0.64583,-0.11315,0.40589,0.15982,0.18662,0.04718,0.04846,0.00372,0.34231,0.33119,0.01412,0.19058,0.12155,0.38818,0.53544,3.17257,4.02363,0.96698,-0.69132,-0.51888,-38.1879
20260926-133259,20260926-133259-3,1,58544.941,0.52253,0.13102,0.39101,0.64537,-0.11299,0.40515,0.15937,0.18635,0.04726,0.04867,0.00375,0.34098,0.33029,0.01418,0.19144,0.12199,0.38997,0.53561,3.17615,4.03934,0.96679,-0.69079,-0.51931,-38.18608
20260926-133259,20260926-133259-3,1,58545.008,0.52217,0.13109,0.39021,0.64555,-0.11258,0.40356,0.15879,0.18596,0.04738,0.04888,0.00372,0.34295,0.33201,0.01407,0.19325,0.12244,0.39488,0.53732,3.18517,4.11251,0.98155,-0.69096,-0.52125,-38.17762
20260926-133259,20260926-133259-3,1,58545.039,0.52212,0.13137,0.39,0.64545,-0.11281,0.40225,0.1592,0.18651,0.04724,0.0487,0.00371,0.34315,0.33219,0.01405,0.19513,0.1225,0.39814,0.53839,3.18105,4.14056,0.98451,-0.69084,-0.52342,-38.18019
20260926-133259,20260926-133259-3,1,58545.084,0.52176,0.13169,0.39102,0.64598,-0.11304,0.40134,0.15961,0.18659,0.04711,0.04849,0.00366,0.34536,0.3339,0.01395,0.19683,0.12192,0.39942,0.53534,3.18254,4.15444,0.98616,-0.69095,-0.52748,-38.1781
20260926-133259,20260926-133259-3,1,58545.117,0.52171,0.13174,0.3914,0.64591,-0.11319,0.40102,0.15995,0.18692,0.04698,0.04839,0.00365,0.34564,0.33423,0.01393,0.197,0.12157,0.40115,0.535,3.1812,4.16279,0.98632,-0.69078,-0.53089,-38.17894
20260926-133259,20260926-133259-3,1,58545.144,0.52141,0.13194,0.39183,0.64613,-0.11334,0.40081,0.16028,0.18722,0.04687,0.04827,0.00363,0.34715,0.33535,0.01386,0.19733,0.12134,0.40187,0.53411,3.18207,4.16523,0.98902,-0.69075,-0.53324,-38.17947
20260926-133259,20260926-133259-3,1,58545.16,0.52125,0.13214,0.39226,0.64615,-0.1136,0.40098,0.16103,0.18778,0.04661,0.04804,0.00362,0.34758,0.33572,0.01383,0.19703,0.12123,0.40232,0.53308,3.18168,4.16303,0.98933,-0.69055,-0.53477,-38.17954
20260926-133259,20260926-133259-3,1,58545.18,0.52113,0.13234,0.39234,0.64616,-0.11376,0.40093,0.16123,0.18797,0.04655,0.04795,0.00361,0.34798,0.33605,0.0138,0.19741,0.12139,0.40202,0.53259,3.18322,4.16075,0.99222,-0.6904,-0.53572,-38.17937
20260926-133259,20260926-133259-3,1,58545.215,0.52096,0.13211,0.39233,0.64617,-0.11349,0.40134,0.16034,0.187,0.04683,0.04827,0.00361,0.34845,0.33631,0.01377,0.19642,0.12105,0.40144,0.53263,3.18683,4.15311,0.99269,-0.6906,-0.53721,-38.17828
20260926-133259,20260926-133259-3,1,58545.247,0.52085,0.13191,0.39215,0.64613,-0.11337,0.40138,0.15969,0.18625,0.04704,0.04853,0.00361,0.34857,0.33635,0.01377,0.19632,0.12118,0.40102,0.53238,3.19057,4.14918,0.9923,-0.69081,-0.53788,-38.17901
20260926-133259,20260926-133259-3,1,58545.28,0.52075,0.13188,0.39215,0.64616,-0.11332,0.40137,0.15952,0.18609,0.0471,0.04857,0.0036,0.34927,0.33683,0.01372,0.19637,0.12113,0.4008,0.53242,3.18658,4.12973,0.99244,-0.69072,-0.53928,-38.1817
20260926-133259,20260926-133259-3,1,58545.312,0.52073,0.13186,0.39208,0.64629,-0.11332,0.40138,0.15962,0.18621,0.04708,0.04852,0.00359,0.34966,0.33714,0.0137,0.19633,0.12109,0.40064,0.53273,3.18575,4.1285,0.99277,-0.6906,-0.53956,-38.18242
20260926-133259,20260926-133259-3,1,58545.343,0.52043,0.13209,0.39239,0.64659,-0.11352,0.40167,0.16016,0.18668,0.04688,0.0483,0.00355,0.35123,0.33856,0.01363,0.19616,0.12107,0.39972,0.53189,3.1875,4.12401,0.99497,-0.6905,-0.53947,-38.18228
20260926-133259,20260926-133259-3,1,58545.407,0.5212,0.13145,0.39235,0.64603,-0.1135,0.40178,0.15911,0.18546,0.04715,0.04874,0.00365,0.34538,0.33441,0.01396,0.19574,0.12099,0.39873,0.53086,3.1948,4.11523,0.9887,-0.68919,-0.5395,-38.18088
20260926-133259,20260926-133259-3,1,58545.454,0.52227,0.13131,0.39238,0.64585,-0.11345,0.40207,0.15937,0.18552,0.04717,0.04877,0.00373,0.34023,0.33137,0.01424,0.19556,0.1212,0.39899,0.53079,3.20637,4.12314,0.98307,-0.68789,-0.53899,-38.18229
20260926-133259,20260926-133259-3,1,58545.487,0.52286,0.13115,0.39229,0.6457,-0.1134,0.40232,0.15979,0.18593,0.04711,0.04867,0.00379,0.33752,0.32925,0.01437,0.19522,0.12115,0.39912,0.53116,3.21437,4.12214,0.98238,-0.68656,-0.53903,-38.18235
20260926-133259,20260926-133259-3,1,58545.51,0.52281,0.13115,0.39224,0.646,-0.11333,0.40234,0.15982,0.18598,0.04711,0.04864,0.00377,0.33831,0.3299,0.01434,0.19512,0.12111,0.39911,0.53127,3.21655,4.11895,0.98319,-0.68601,-0.53926,-38.18269
20260926-133259,20260926-133259-3,1,58545.529,0.52294,0.13105,0.39213,0.64568,-0.1133,0.40237,0.15948,0.18558,0.04721,0.04877,0.0038,0.33663,0.32876,0.01442,0.19508,0.12128,0.39893,0.53086,3.22064,4.11895,0.98138,-0.68502,-0.53912,-38.18032
20260926-133259,20260926-133259-3,1,58545.548,0.52323,0.13101,0.39215,0.64578,-0.11322,0.40262,0.15975,0.18583,0.04716,0.04871,0.00382,0.33553,0.32818,0.01448,0.19486,0.12124,0.39889,0.53108,3.23056,4.12377,0.97915,-0.68423,-0.53891,-38.18099
20260926-133259,20260926-133259-3,1,58545.583,0.52352,0.13121,0.39246,0.64557,-0.11329,0.40301,0.15994,0.18624,0.04713,0.04866,0.00383,0.33528,0.32781,0.0145,0.1949,0.1214,0.39815,0.53098,3.22894,4.12134,0.97531,-0.68216,-0.53881,-38.18147
20260926-133259,20260926-133259-3,1,58545.615,0.52348,0.13115,0.39237,0.64568,-0.11322,0.40288,0.15987,0.18619,0.04716,0.0487,0.00382,0.33643,0.3283,0.01443,0.19489,0.12143,0.39793,0.5306,3.23501,4.11133,0.96772,-0.67959,-0.53913,-38.1823
20260926-133259,20260926-133259-3,1,58545.649,0.5243,0.1308,0.3921,0.64509,-0.1132,0.40283,0.1597,0.186,0.04719,0.04882,0.0039,0.33253,0.32543,0.01462,0.19483,0.12163,0.3981,0.53027,3.23871,4.1134,0.95709,-0.67641,-0.53868,-38.17957
20260926-133259,20260926-133259-3,1,58545.677,0.52424,0.13056,0.39184,0.6452,-0.11317,0.40273,0.15931,0.18552,0.04729,0.04901,0.0039,0.33215,0.32524,0.01464,0.19475,0.12181,0.39799,0.5299,3.24291,4.11444,0.94923,-0.67455,-0.53843,-38.17897
20260926-133259,20260926-133259-4,1,58548.59,0.54523,0.14168,0.40525,0.6152,-0.12998,0.41857,0.1897,0.2147,0.0369,0.03792,0.00826,0.20786,0.23175,0.02358,0.187,0.11928,0.37861,0.5085,3.17681,4.127,1.17805,-0.71246,-0.37995,-38.19808
20260926-133259,20260926-133259-4,1,58548.622,0.54622,0.14153,0.40553,0.61439,-0.13014,0.41932,0.19165,0.21677,0.03656,0.03747,0.00863,0.20199,0.22686,0.02418,0.1863,0.11859,0.37833,0.51053,3.18092,4.13672,1.16064,-0.70885,-0.38209,-38.19852
20260926-133259,20260926-133259-4,1,58548.656,0.54774,0.14144,0.40523,0.613,-0.1304,0.41933,0.19415,0.21938,0.03612,0.03698,0.00915,0.19412,0.22034,0.02504,0.18594,0.1186,0.37939,0.51232,3.18564,4.13773,1.13389,-0.70189,-0.38438,-38.19712
20260926-133259,20260926-133259-4,1,58548.687,0.54821,0.14099,0.40488,0.6122,-0.13002,0.41911,0.19453,0.21965,0.036,0.03688,0.00934,0.19092,0.21804,0.0254,0.18559,0.11836,0.37966,0.51211,3.19659,4.14044,1.11632,-0.69621,-0.38556,-38.19704
20260926-133259,20260926-133259-4,1,58548.734,0.54871,0.14077,0.40435,0.6123,-0.12999,0.41802,0.19652,0.22169,0.0357,0.03662,0.00947,0.18935,0.21674,0.02557,0.18667,0.11875,0.38258,0.51381,3.19583,4.14783,1.08525,-0.68838,-0.38813,-38.19566
20260926-133259,20260926-133259-4,1,58548.766,0.54954,0.14042,0.40359,0.61254,-0.12996,0.41853,0.19921,0.22457,0.03517,0.03596,0.00956,0.18738,0.21546,0.0258,0.18609,0.11848,0.38061,0.51618,3.21506,4.16108,1.07362,-0.68181,-0.38864,-38.19519
20260926-133259,20260926-133259-4,1,58548.798,0.54975,0.14033,0.40354,0.61315,-0.12989,0.41903,0.20061,0.22613,0.03497,0.03565,0.00954,0.18743,0.2156,0.0258,0.18578,0.11833,0.37919,0.51747,3.21705,4.16412,1.06145,-0.67624,-0.39016,-38.19418
20260926-133259,20260926-133259-4,1,58548.83,0.55053,0.14016,0.40288,0.61405,-0.1296,0.4186,0.20188,0.22776,0.03482,0.03529,0.0095,0.18696,0.21572,0.02592,0.18687,0.1182,0.37816,0.52016,3.2272,4.17803,1.05377,-0.66969,-0.39162,-38.19613
20260926-133259,20260926-133259-4,1,58548.86,0.55093,0.14004,0.40246,0.61444,-0.12952,0.41883,0.20256,0.22828,0.03472,0.03519,0.00955,0.18562,0.21516,0.02615,0.18658,0.11856,0.37796,0.52058,3.23712,4.18839,1.05034,-0.66465,-0.39288,-38.19166
20260926-133259,20260926-133259-4,1,58548.893,0.54971,0.13981,0.40206,0.61648,-0.12909,0.41791,0.20229,0.22754,0.0348,0.03541,0.00909,0.19142,0.22037,0.02554,0.18702,0.11869,0.38171,0.52152,3.24746,4.22244,1.04205,-0.66083,-0.39522,-38.18972
20260926-133259,20260926-133259-4,1,58548.925,0.54812,0.13987,0.40141,0.61882,-0.12857,0.4179,0.20324,0.22889,0.03469,0.03512,0.00852,0.19978,0.22712,0.02457,0.18714,0.11904,0.38071,0.52396,3.25132,4.26326,1.03902,-0.65739,-0.39623,-38.18497
20260926-133259,20260926-133259-4,1,58548.957,0.54522,0.1394,0.40086,0.62209,-0.12765,0.41801,0.20146,0.22667,0.03512,0.0356,0.00774,0.21263,0.23775,0.02324,0.18646,0.11966,0.3801,0.52332,3.2671,4.29636,1.04699,-0.65394,-0.39688,-38.17731
20260926-133259,20260926-133259-4,1,58548.988,0.54316,0.14012,0.40073,0.62386,-0.12769,0.41786,0.20338,0.22891,0.03477,0.03514,0.00724,0.22328,0.24548,0.02216,0.18721,0.12077,0.38157,0.52409,3.2634,4.34158,1.0461,-0.65097,-0.39868,-38.17216
20260926-133259,20260926-133259-4,1,58549.021,0.54101,0.14004,0.40053,0.62595,-0.12683,0.41831,0.20222,0.22779,0.03503,0.03534,0.00679,0.23311,0.25329,0.02127,0.1863,0.12083,0.38099,0.52508,3.27591,4.42184,1.05222,-0.64979,-0.39872,-38.16635
20260926-133259,20260926-133259-4,1,58549.053,0.53882,0.13974,0.40031,0.6282,-0.12595,0.41806,0.19992,0.22539,0.03552,0.03586,0.00633,0.24373,0.26186,0.02035,0.18651,0.1211,0.38089,0.52481,3.28171,4.45398,1.06132,-0.64895,-0.39973,-38.15976
20260926-133259,20260926-133259-4,1,58549.1,0.53775,0.14028,0.40111,0.62892,-0.126,0.4184,0.1988,0.2247,0.03567,0.03601,0.00615,0.24868,0.2657,0.01991,0.18723,0.12148,0.37849,0.52288,3.27757,4.46007,1.06403,-0.6475,-0.40362,-38.15768
20260926-133259,20260926-133259-4,1,58549.134,0.53731,0.1401,0.40121,0.62924,-0.12561,0.4181,0.19745,0.2237,0.03592,0.03628,0.00606,0.25078,0.26753,0.01972,0.18748,0.12143,0.37836,0.52275,3.28093,4.46769,1.0648,-0.64675,-0.40478,-38.15599
20260926-133259,20260926-133259-4,1,58549.164,0.53651,0.14008,0.4013,0.63027,-0.12539,0.41784,0.19665,0.22307,0.03608,0.03643,0.00587,0.25534,0.27145,0.01939,0.18786,0.12141,0.37791,0.52256,3.27954,4.46595,1.06743,-0.64607,-0.40601,-38.15408
20260926-133259,20260926-133259-4,1,58549.2,0.51274,0.14201,0.40264,0.6464,-0.12292,0.41887,0.18979,0.21598,0.03771,0.03757,0.00331,0.36815,0.35274,0.01226,0.18276,0.1174,0.37411,0.52797,3.27859,4.46248,1.07088,-0.64507,-0.40929,-38.15741
20260926-133259,20260926-133259-4,1,58549.23,0.49878,0.14311,0.40258,0.65672,-0.12118,0.4189,0.18592,0.21132,0.03837,0.03801,0.00252,0.43293,0.41294,0.00893,0.18025,0.11545,0.37272,0.53226,3.26688,4.44809,1.06596,-0.64317,-0.4116,-38.16012
20260926-133259,20260926-133259-4,1,58549.26,0.49151,0.14325,0.40367,0.66327,-0.11914,0.41945,0.18089,0.20602,0.03948,0.03892,0.00219,0.4678,0.44747,0.00753,0.17804,0.11311,0.37023,0.53267,3.26644,4.44734,1.06446,-0.64265,-0.41547,-38.15746
20260926-133259,20260926-133259-4,1,58549.294,0.48645,0.1434,0.40542,0.66702,-0.11762,0.42152,0.17806,0.20336,0.04018,0.03926,0.00203,0.48936,0.46934,0.0067,0.17441,0.11018,0.36618,0.53332,3.25866,4.46025,1.06296,-0.64219,-0.41887,-38.1574
20260926-133259,20260926-133259-4,1,58549.326,0.4846,0.14377,0.40749,0.66847,-0.1169,0.42325,0.17794,0.20362,0.04028,0.03897,0.00197,0.49759,0.47742,0.00639,0.17212,0.10779,0.36246,0.53228,3.25667,4.46589,1.06248,-0.6425,-0.42302,-38.15827
20260926-133259,20260926-133259-4,1,58549.359,0.48391,0.1445,0.41043,0.66942,-0.1167,0.42475,0.17977,0.20554,0.03983,0.03823,0.00193,0.50225,0.48193,0.00625,0.17006,0.10524,0.3605,0.52937,3.25073,4.47461,1.06276,-0.64261,-0.42802,-38.15919
20260926-133259,20260926-133259-4,1,58549.391,0.48378,0.14517,0.41186,0.66983,-0.11676,0.42553,0.18211,0.20821,0.0393,0.03745,0.00191,0.50503,0.48458,0.00615,0.16921,0.10391,0.35925,0.52926,3.24136,4.48955,1.06014,-0.64324,-0.431,-38.15961
20260926-133259,20260926-133259-4,1,58549.422,0.48389,0.1458,0.41297,0.67043,-0.11699,0.42612,0.18475,0.21106,0.03868,0.03668,0.00189,0.50775,0.48719,0.0061,0.16861,0.10303,0.35883,0.52917,3.23323,4.49267,1.06056,-0.64374,-0.43409,-38.15819
20260926-133259,20260926-133259-4,1,58549.471,0.48417,0.14622,0.41366,0.6714,-0.11687,0.42621,0.18643,0.2132,0.03835,0.03618,0.00184,0.51173,0.49063,0.00606,0.16866,0.10229,0.35878,0.5303,3.22376,4.50912,1.06219,-0.64436,-0.43657,-38.15589
20260926-133259,20260926-133259-4,1,58549.502,0.48435,0.14652,0.41412,0.67181,-0.11698,0.42617,0.18797,0.21485,0.03799,0.03574,0.00181,0.51392,0.49254,0.00605,0.16879,0.10196,0.35907,0.53033,3.2159,4.50844,1.06419,-0.64477,-0.4384,-38.15393
20260926-133259,20260926-133259-4,1,58549.532,0.48419,0.14658,0.4144,0.67213,-0.11694,0.42621,0.18832,0.21526,0.03793,0.03561,0.00179,0.51589,0.49427,0.00601,0.16886,0.10161,0.35934,0.53041,3.21406,4.50819,1.06732,-0.64535,-0.43977,-38.15143
20260926-133259,20260926-133259-4,1,58549.566,0.48411,0.14647,0.41468,0.67228,-0.11679,0.42631,0.18882,0.21566,0.0378,0.0355,0.00178,0.51713,0.49525,0.00598,0.16837,0.10111,0.36036,0.53033,3.20643,4.52913,1.06721,-0.64554,-0.44026,-38.14576
20260926-133259,20260926-133259-4,1,58549.597,0.48408,0.14653,0.41472,0.67264,-0.11671,0.42667,0.18917,0.21603,0.03779,0.03538,0.00177,0.51869,0.49644,0.00597,0.1681,0.10091,0.3597,0.531,3.20638,4.53767,1.0655,-0.6457,-0.44109,-38.14011
20260926-133259,20260926-133259-4,1,58549.631,0.48406,0.14675,0.41474,0.67286,-0.11694,0.4269,0.19017,0.21711,0.0376,0.03509,0.00176,0.51937,0.4969,0.00596,0.16808,0.10073,0.35922,0.53194,3.20341,4.53732,1.06233,-0.64562,-0.44336,-38.13396
20260926-133259,20260926-133259-4,1,58549.662,0.48399,0.14675,0.41443,0.67328,-0.11682,0.42684,0.19013,0.21717,0.03764,0.03507,0.00175,0.52105,0.49824,0.00594,0.16815,0.10079,0.35917,0.53328,3.20316,4.55629,1.06139,-0.64554,-0.4439,-38.12722
20260926-133259,20260926-133259-4,1,58549.695,0.48407,0.14702,0.41477,0.67353,-0.11698,0.42701,0.19133,0.21839,0.03741,0.03473,0.00174,0.52163,0.49874,0.00594,0.16842,0.10065,0.35842,0.53302,3.20113,4.56899,1.0613,-0.64528,-0.44512,-38.12407
20260926-133259,20260926-133259-4,1,58549.727,0.4839,0.14708,0.41495,0.67383,-0.11691,0.42722,0.19115,0.21837,0.03744,0.03469,0.00173,0.52294,0.50002,0.0059,0.16799,0.10011,0.35821,0.53393,3.19782,4.5788,1.05558,-0.64523,-0.4463,-38.12278
20260926-133259,20260926-133259-4,1,58549.757,0.48378,0.14726,0.41546,0.67404,-0.11707,0.42742,0.19129,0.21851,0.03739,0.0346,0.00172,0.52375,0.50093,0.0059,0.16853,0.09989,0.35659,0.53217,3.19814,4.57841,1.05588,-0.6454,-0.44776,-38.11935
20260926-133259,20260926-133259-4,1,58549.789,0.48379,0.14736,0.41563,0.67408,-0.11713,0.42739,0.19113,0.21843,0.03739,0.0346,0.00172,0.52413,0.5014,0.00588,0.16883,0.09982,0.35602,0.53154,3.19467,4.57547,1.05881,-0.64558,-0.44902,-38.11788
20260926-133259,20260926-133259-4,1,58549.839,0.48368,0.14731,0.41606,0.67413,-0.11705,0.42766,0.19086,0.21801,0.03738,0.03464,0.00171,0.52524,0.50274,0.00585,0.16827,0.09956,0.35555,0.5305,3.19039,4.58166,1.06277,-0.64612,-0.44947,-38.11913
20260926-133259,20260926-133259-4,1,58549.872,0.48381,0.14731,0.41605,0.6739,-0.11705,0.42755,0.19076,0.21795,0.03738,0.03463,0.00171,0.52468,0.50228,0.00586,0.1684,0.09957,0.3554,0.53048,3.18941,4.57852,1.06307,-0.64616,-0.44993,-38.12069
20260926-133259,20260926-133259-4,1,58549.903,0.48389,0.14727,0.41596,0.67365,-0.11707,0.42747,0.19045,0.21763,0.03743,0.03468,0.00171,0.52428,0.50212,0.00586,0.16849,0.09957,0.35532,0.53067,3.19,4.57249,1.06243,-0.6467,-0.45063,-38.12245
20260926-133259,20260926-133259-4,1,58549.934,0.48357,0.14725,0.416,0.67353,-0.11706,0.42743,0.18995,0.21713,0.0375,0.03476,0.00171,0.52446,0.50251,0.00584,0.16844,0.09954,0.35506,0.53062,3.19105,4.57487,1.06367,-0.64713,-0.4507,-38.12214
20260926-133259,20260926-133259-4,1,58549.966,0.48354,0.14723,0.41604,0.67326,-0.11706,0.42753,0.18978,0.21698,0.03751,0.03476,0.00172,0.52391,0.50206,0.00583,0.16838,0.09946,0.35454,0.53034,3.18861,4.57082,1.06374,-0.64734,-0.45119,-38.12283
20260926-133259,20260926-133259-4,1,58549.998,0.48341,0.14704,0.41599,0.67319,-0.11698,0.42755,0.18909,0.21621,0.03765,0.03493,0.00172,0.52412,0.50225,0.00582,0.16816,0.09935,0.35444,0.5303,3.18831,4.5708,1.06493,-0.64749,-0.45144,-38.12255
20260926-133259,20260926-133259-4,1,58550.029,0.48334,0.14667,0.41619,0.67312,-0.1166,0.42755,0.18741,0.21443,0.03802,0.03531,0.00172,0.52429,0.50234,0.0058,0.16787,0.09882,0.35376,0.52948,3.18495,4.56444,1.06948,-0.64756,-0.45299,-38.1244
20260926-133259,20260926-133259-4,1,58550.061,0.4821,0.13365,0.41174,0.66907,-0.10609,0.42478,0.14965,0.17379,0.04885,0.04818,0.00184,0.51871,0.49522,0.00579,0.16037,0.09721,0.35587,0.52464,3.18295,4.54243,1.06805,-0.64925,-0.46045,-38.13654
20260926-133259,20260926-133259-4,1,58550.096,0.48184,0.12269,0.41109,0.66675,-0.09498,0.42775,0.11959,0.14187,0.06221,0.06347,0.00188,0.51795,0.49202,0.0058,0.14934,0.09314,0.34438,0.51401,3.19534,4.44847,1.05301,-0.64978,-0.47615,-38.15146
20260926-133259,20260926-133259-4,1,58550.126,0.48208,0.11586,0.41306,0.66574,-0.08875,0.43174,0.10472,0.124,0.07166,0.07428,0.00189,0.51711,0.48958,0.00587,0.14078,0.08998,0.33459,0.49845,3.20987,4.38476,1.03584,-0.65019,-0.48914,-38.16041
20260926-133259,20260926-133259-4,1,58550.158,0.48218,0.1129,0.41445,0.66513,-0.08572,0.43263,0.09728,0.1143,0.07765,0.08046,0.00191,0.51536,0.48739,0.0059,0.13823,0.0881,0.33103,0.48916,3.20891,4.33171,1.02404,-0.64979,-0.50092,-38.15976
20260926-133259,20260926-133259-4,1,58550.205,0.48245,0.1107,0.41396,0.66453,-0.08353,0.43304,0.09308,0.10899,0.08145,0.08443,0.00191,0.51444,0.48609,0.00592,0.13581,0.0875,0.32801,0.48459,3.22621,4.30816,1.01249,-0.65019,-0.50879,-38.16759
20260926-133259,20260926-133259-4,1,58550.236,0.4825,0.1106,0.41442,0.66432,-0.08334,0.43381,0.09309,0.10889,0.08138,0.08438,0.00193,0.51317,0.48493,0.00591,0.13355,0.08634,0.32684,0.48389,3.22769,4.30134,1.00875,-0.64953,-0.51381,-38.17242
20260926-133259,20260926-133259-4,1,58550.268,0.4827,0.11115,0.41413,0.66403,-0.08409,0.43428,0.09496,0.11134,0.07962,0.08252,0.00195,0.51083,0.4827,0.00593,0.1322,0.08612,0.32515,0.48519,3.23043,4.29878,1.00018,-0.64844,-0.5185,-38.17664
20260926-133259,20260926-133259-4,1,58550.301,0.4826,0.11188,0.41389,0.66405,-0.08485,0.43413,0.09687,0.11394,0.0779,0.08069,0.00198,0.50959,0.48181,0.0059,0.13239,0.08592,0.32506,0.48604,3.23192,4.29915,0.99841,-0.64643,-0.52139,-38.17801
20260926-133259,20260926-133259-4,1,58550.332,0.48262,0.11226,0.41322,0.66402,-0.08532,0.43325,0.09814,0.11553,0.07693,0.07968,0.00199,0.5089,0.48108,0.00591,0.13373,0.08647,0.32647,0.48714,3.23123,4.3029,0.98943,-0.64393,-0.5225,-38.1754
20260926-133259,20260926-133259-4,1,58550.365,0.4829,0.11213,0.41252,0.66386,-0.08533,0.43254,0.09855,0.11596,0.07672,0.07947,0.00199,0.50723,0.47908,0.00598,0.13449,0.08685,0.32756,0.48707,3.24608,4.31974,0.98619,-0.64233,-0.52258,-38.17321
20260926-133259,20260926-133259-4,1,58550.396,0.4835,0.11213,0.41176,0.66396,-0.08533,0.43179,0.09922,0.11653,0.07628,0.07913,0.00199,0.50408,0.4752,0.00616,0.13506,0.08739,0.32981,0.48648,3.25615,4.32452,0.97685,-0.64017,-0.52282,-38.16827
20260926-133259,20260926-133259-4,1,58550.429,0.48392,0.11198,0.41129,0.66397,-0.085,0.43136,0.09929,0.11654,0.07641,0.07921,0.00199,0.50262,0.47335,0.00625,0.13514,0.0876,0.33062,0.48654,3.27304,4.34756,0.9721,-0.63983,-0.52168,-38.16354
20260926-133259,20260926-133259-4,1,58550.462,0.48415,0.112,0.4108,0.66381,-0.08511,0.43112,0.09937,0.11665,0.07636,0.07918,0.002,0.50103,0.47149,0.00633,0.13562,0.08797,0.33043,0.48731,3.27732,4.34748,0.97134,-0.63909,-0.52179,-38.16275
20260926-133259,20260926-133259-4,1,58550.492,0.48411,0.11228,0.41042,0.66374,-0.0852,0.43107,0.09896,0.11626,0.07671,0.07939,0.00201,0.49936,0.46952,0.0064,0.13635,0.08864,0.32961,0.48671,3.28128,4.35217,0.97177,-0.63858,-0.52137,-38.15821
20260926-133259,20260926-133259-4,1,58550.526,0.48439,0.11255,0.41014,0.66367,-0.08548,0.42997,0.09953,0.11699,0.07635,0.07898,0.00201,0.49919,0.4689,0.00642,0.13772,0.08925,0.33166,0.48766,3.26861,4.37537,0.97147,-0.63744,-0.51952,-38.15333
20260926-133259,20260926-133259-4,1,58550.574,0.4845,0.11325,0.4096,0.6636,-0.08573,0.42976,0.10005,0.11786,0.07592,0.07839,0.00202,0.4973,0.46662,0.0065,0.13873,0.09035,0.33137,0.48797,3.27643,4.38163,0.96761,-0.63713,-0.51896,-38.14888
20260926-133259,20260926-133259-4,1,58550.605,0.48463,0.11343,0.40955,0.66358,-0.08583,0.42965,0.10026,0.11819,0.07577,0.0782,0.00202,0.4971,0.46626,0.00652,0.13896,0.09049,0.33157,0.48829,3.28012,4.38407,0.96743,-0.63722,-0.51887,-38.14862
20260926-133259,20260926-133259-4,1,58550.64,0.50345,0.1139,0.40608,0.65554,-0.08891,0.42615,0.10711,0.12714,0.07179,0.07482,0.00246,0.43162,0.39699,0.01002,0.14586,0.09533,0.33942,0.49851,3.28451,4.38739,0.97677,-0.63851,-0.51831,-38.14752
20260926-133259,20260926-133259-4,1,58550.669,0.52217,0.11412,0.40372,0.63647,-0.09311,0.42187,0.11153,0.13393,0.06858,0.07226,0.0044,0.31695,0.30556,0.01533,0.15306,0.10037,0.35196,0.49815,3.29065,4.39141,0.98622,-0.64201,-0.51773,-38.1417
20260926-133259,20260926-133259-4,1,58550.701,0.53354,0.11402,0.40374,0.62225,-0.096,0.42078,0.11318,0.13588,0.06756,0.07189,0.00673,0.24726,0.25377,0.01983,0.15628,0.10275,0.358,0.49576,3.29425,4.42186,0.99721,-0.64636,-0.51583,-38.12855
20260926-133259,20260926-133259-4,1,58550.734,0.54133,0.11439,0.40321,0.61504,-0.09833,0.42015,0.11644,0.13979,0.06561,0.07045,0.00861,0.21077,0.2274,0.02324,0.15865,0.10482,0.36167,0.49702,3.29015,4.43158,1.0074,-0.6499,-0.51517,-38.12434
20260926-133259,20260926-133259-4,1,58550.766,0.54488,0.11448,0.40211,0.61,-0.10004,0.41925,0.11829,0.14202,0.06461,0.06951,0.00999,0.19228,0.21196,0.02516,0.16105,0.10619,0.36457,0.49801,3.29635,4.42916,1.01747,-0.65417,-0.51534,-38.12026
20260926-133259,20260926-133259-4,1,58550.801,0.54586,0.11467,0.40138,0.60631,-0.1008,0.4192,0.11905,0.14325,0.0644,0.06902,0.01095,0.18311,0.20251,0.02604,0.16188,0.10696,0.36617,0.49862,3.30888,4.43245,1.02629,-0.66115,-0.5155,-38.11699
20260926-133259,20260926-133259-4,1,58550.832,0.54701,0.11512,0.4004,0.60678,-0.10106,0.41907,0.12109,0.14562,0.06349,0.06788,0.01111,0.1812,0.20124,0.02631,0.16235,0.10818,0.36778,0.50239,3.31482,4.44264,1.04297,-0.66969,-0.51586,-38.11674
20260926-133259,20260926-133259-4,1,58550.86,0.54639,0.11569,0.39951,0.60794,-0.10109,0.41821,0.12248,0.14757,0.0628,0.06685,0.01065,0.18684,0.20523,0.02554,0.16296,0.10906,0.36911,0.5057,3.29627,4.45605,1.05771,-0.67907,-0.51628,-38.11137
20260926-133259,20260926-133259-4,1,58550.892,0.54317,0.11708,0.39853,0.61097,-0.10143,0.41753,0.12437,0.15002,0.06179,0.06531,0.00956,0.20135,0.21583,0.02372,0.16424,0.11022,0.37034,0.50899,3.2802,4.47666,1.06173,-0.68651,-0.51705,-38.10834
20260926-133259,20260926-133259-4,1,58550.944,0.53867,0.11852,0.39808,0.61425,-0.10176,0.41684,0.12578,0.15147,0.06082,0.06394,0.00839,0.2188,0.22891,0.02183,0.16574,0.11078,0.37101,0.50969,3.28734,4.47555,1.06033,-0.69537,-0.52018,-38.11145
20260926-133259,20260926-133259-4,1,58550.963,0.53773,0.1187,0.39815,0.61543,-0.10175,0.41688,0.12632,0.15192,0.06047,0.06362,0.00812,0.22305,0.23247,0.02145,0.16562,0.11073,0.37149,0.51001,3.29376,4.487,1.05591,-0.69805,-0.52015,-38.10916
20260926-133259,20260926-133259-4,1,58551.006,0.537,0.11931,0.39844,0.61807,-0.10227,0.41725,0.12955,0.15522,0.05889,0.06182,0.00765,0.23024,0.23895,0.02089,0.1653,0.11029,0.37229,0.51302,3.29652,4.50895,1.04649,-0.70174,-0.52091,-38.10776
20260926-133259,20260926-133259-4,1,58551.038,0.53516,0.11965,0.39857,0.62044,-0.10228,0.4172,0.1307,0.1561,0.05841,0.06112,0.00712,0.24057,0.24696,0.02005,0.16527,0.10988,0.37311,0.51408,3.28598,4.51175,1.04492,-0.70304,-0.522,-38.10298
20260926-133259,20260926-133259-4,1,58551.072,0.53414,0.12023,0.3986,0.62235,-0.10304,0.41749,0.13339,0.15891,0.05714,0.0597,0.00676,0.24786,0.25268,0.01949,0.16522,0.10984,0.37325,0.5161,3.28737,4.52558,1.03881,-0.70372,-0.52292,-38.10141
20260926-133259,20260926-133259-4,1,58551.102,0.53209,0.12068,0.39898,0.62523,-0.10328,0.41779,0.13544,0.16089,0.05625,0.05857,0.00624,0.25995,0.262,0.0186,0.16489,0.10922,0.37313,0.51748,3.27758,4.54393,1.03671,-0.70318,-0.52337,-38.09914
20260926-133259,20260926-133259-4,1,58551.136,0.52942,0.12152,0.39939,0.62877,-0.10371,0.41786,0.13719,0.16271,0.05545,0.05747,0.00565,0.27543,0.27354,0.01754,0.16523,0.10859,0.37291,0.51895,3.27464,4.55474,1.03651,-0.70286,-0.52518,-38.0974
20260926-133259,20260926-133259-4,1,58551.168,0.52729,0.12208,0.39957,0.63103,-0.10402,0.41817,0.13878,0.16442,0.05476,0.05655,0.00526,0.28773,0.28206,0.01674,0.16494,0.10813,0.37256,0.52086,3.27154,4.56047,1.03435,-0.702,-0.52647,-38.09561
20260926-133259,20260926-133259-4,1,58551.196,0.52538,0.12253,0.39961,0.63348,-0.10406,0.41808,0.14013,0.16596,0.05418,0.05574,0.00489,0.29975,0.29087,0.01602,0.16476,0.10767,0.37295,0.52287,3.26522,4.56457,1.03451,-0.70048,-0.5274,-38.09406
20260926-133259,20260926-133259-4,1,58551.228,0.52149,0.12299,0.39974,0.6365,-0.10402,0.41789,0.14078,0.16632,0.05389,0.05523,0.00439,0.31996,0.30618,0.01472,0.16458,0.10713,0.37238,0.52456,3.26488,4.56044,1.03377,-0.69767,-0.52858,-38.08622
20260926-133259,20260926-133259-4,1,58551.279,0.51641,0.12396,0.40007,0.64119,-0.10379,0.41784,0.14182,0.16695,0.05361,0.05471,0.0038,0.34813,0.32864,0.01313,0.16464,0.10662,0.37221,0.52715,3.2681,4.56579,1.02708,-0.69345,-0.52882,-38.08282
20260926-133259,20260926-133259-4,1,58551.31,0.5159,0.12435,0.40052,0.64246,-0.10392,0.41813,0.14323,0.16833,0.05321,0.05419,0.00368,0.35401,0.33326,0.0129,0.16499,0.10665,0.37228,0.52774,3.26717,4.56685,1.01444,-0.6889,-0.52914,-38.08091
20260926-133259,20260926-133259-4,1,58551.328,0.51553,0.12448,0.40061,0.6435,-0.10397,0.41818,0.14359,0.16861,0.05312,0.0541,0.00361,0.35725,0.33596,0.0128,0.16525,0.10665,0.37237,0.52779,3.27158,4.56395,1.00743,-0.68702,-0.52957,-38.08089
20260926-133259,20260926-133259-4,1,58551.343,0.51582,0.12466,0.40067,0.64356,-0.10403,0.41821,0.14406,0.16911,0.05292,0.05388,0.00361,0.35672,0.3357,0.01286,0.16549,0.1069,0.37258,0.52751,3.27156,4.56652,0.99855,-0.68419,-0.52938,-38.08031
20260926-133259,20260926-133259-4,1,58551.406,0.51732,0.1246,0.40018,0.6439,-0.10416,0.41805,0.14484,0.16997,0.05253,0.05354,0.00367,0.35061,0.33174,0.01332,0.16621,0.10731,0.37298,0.52694,3.27742,4.57326,0.98513,-0.67477,-0.52919,-38.07793
20260926-133259,20260926-133259-4,1,58551.44,0.51859,0.12435,0.39995,0.6435,-0.10413,0.41788,0.14463,0.16982,0.05257,0.05364,0.00378,0.34326,0.32651,0.0138,0.16659,0.1076,0.37325,0.52627,3.28171,4.57401,0.98128,-0.67014,-0.52888,-38.07779
20260926-133259,20260926-133259-4,1,58551.468,0.51891,0.12432,0.39962,0.64422,-0.10404,0.41776,0.14476,0.17003,0.05254,0.0536,0.00375,0.34363,0.32726,0.01384,0.16683,0.10775,0.37339,0.52683,3.28759,4.57368,0.98068,-0.66752,-0.52862,-38.07949
20260926-133259,20260926-133259-4,1,58551.5,0.51976,0.1243,0.39916,0.64352,-0.10418,0.41789,0.14454,0.17002,0.05263,0.05369,0.00386,0.338,0.32302,0.01414,0.16701,0.10814,0.37291,0.52785,3.29935,4.57105,0.97838,-0.66469,-0.52825,-38.0777
20260926-133259,20260926-133259-4,1,58551.535,0.52019,0.12423,0.39893,0.64338,-0.10408,0.41769,0.14427,0.16992,0.05273,0.05377,0.00389,0.33595,0.32165,0.01427,0.16738,0.10845,0.37258,0.52797,3.30422,4.56553,0.97256,-0.66335,-0.528,-38.0781
20260926-133259,20260926-133259-4,1,58551.564,0.52053,0.12424,0.39871,0.643,-0.10407,0.41761,0.14406,0.16985,0.05283,0.05381,0.00394,0.33357,0.31972,0.0144,0.16778,0.10862,0.37212,0.52812,3.31108,4.56094,0.96832,-0.66186,-0.52773,-38.07663
20260926-133259,20260926-133259-4,1,58551.598,0.5204,0.12441,0.39833,0.64331,-0.10411,0.41747,0.14421,0.17013,0.05281,0.05371,0.00393,0.33425,0.32038,0.01436,0.16817,0.10882,0.37202,0.52892,3.31744,4.55935,0.96493,-0.66052,-0.52728,-38.07732
20260926-133259,20260926-133259-4,1,58551.646,0.52041,0.12493,0.39818,0.64281,-0.10456,0.41697,0.14532,0.17147,0.05237,0.05304,0.00395,0.33377,0.31967,0.01434,0.1697,0.10931,0.37157,0.5282,3.32063,4.56422,0.96366,-0.65866,-0.52583,-38.07279
20260926-133259,20260926-133259-4,1,58551.677,0.5211,0.1254,0.39834,0.64261,-0.10485,0.4172,0.14626,0.17252,0.05203,0.05246,0.00401,0.32966,0.31708,0.01457,0.1704,0.10912,0.37082,0.52831,3.3313,4.56437,0.96049,-0.65728,-0.52515,-38.07228
20260926-133259,20260926-133259-4,1,58551.695,0.52126,0.12564,0.39868,0.64269,-0.10492,0.41743,0.1465,0.17275,0.05194,0.05227,0.00403,0.32856,0.31659,0.01464,0.17041,0.10879,0.37053,0.5283,3.33459,4.56594,0.95821,-0.65675,-0.52483,-38.07184
20260926-133259,20260926-133259-4,1,58551.71,0.52123,0.12585,0.39898,0.64289,-0.10501,0.41761,0.14685,0.17315,0.0518,0.05207,0.00401,0.32911,0.31704,0.01461,0.17045,0.10862,0.37034,0.52824,3.33449,4.56739,0.95569,-0.65619,-0.52442,-38.07158
20260926-133259,20260926-133259-4,1,58551.743,0.521,0.12614,0.3991,0.64313,-0.10512,0.4178,0.14627,0.1724,0.05202,0.05221,0.00401,0.32857,0.31711,0.01465,0.17083,0.10865,0.3693,0.52725,3.3405,4.55966,0.95383,-0.65526,-0.52442,-38.07183
20260926-133259,20260926-133259-4,1,58551.809,0.52127,0.12641,0.39939,0.64339,-0.10526,0.41799,0.14697,0.17307,0.05181,0.05194,0.00402,0.32789,0.31689,0.01471,0.171,0.10847,0.36934,0.52753,3.35812,4.5627,0.95145,-0.65491,-0.52408,-38.07257
20260926-133259,20260926-133259-4,1,58551.839,0.5214,0.12643,0.39943,0.64321,-0.10539,0.41803,0.14714,0.17316,0.05174,0.05191,0.00404,0.32712,0.31645,0.01475,0.17116,0.10857,0.36932,0.52722,3.35755,4.56262,0.95011,-0.65445,-0.52407,-38.0725
20260926-133259,20260926-133259-4,1,58551.868,0.52132,0.12652,0.39939,0.64325,-0.10541,0.41812,0.14719,0.17321,0.05171,0.05189,0.00404,0.3273,0.31666,0.01474,0.17111,0.10862,0.36931,0.52723,3.36177,4.56654,0.94945,-0.65443,-0.52404,-38.07123
20260926-133259,20260926-133259-4,1,58551.9,0.52131,0.12658,0.39941,0.64311,-0.10549,0.41802,0.14701,0.17296,0.05176,0.05196,0.00404,0.32706,0.31657,0.01476,0.1713,0.10888,0.36919,0.52657,3.36158,4.56486,0.95098,-0.65402,-0.52414,-38.07156
20260926-133259,20260926-133259-4,1,58551.933,0.52131,0.12662,0.39941,0.64306,-0.10548,0.41812,0.14713,0.17306,0.05174,0.05192,0.00404,0.327,0.31649,0.01476,0.17115,0.10888,0.36925,0.52667,3.36586,4.57069,0.95184,-0.65399,-0.52382,-38.06976
20260926-133259,20260926-133259-4,1,58551.966,0.52155,0.12644,0.399,0.64296,-0.10538,0.41787,0.14673,0.17264,0.05189,0.05215,0.00406,0.32608,0.31598,0.01482,0.17138,0.10921,0.36955,0.52679,3.3639,4.56775,0.95031,-0.65371,-0.52414,-38.06911
20260926-133259,20260926-133259-4,1,58552.014,0.52164,0.12613,0.39855,0.64276,-0.1051,0.41744,0.1457,0.17152,0.0523,0.05266,0.00407,0.32566,0.31564,0.01484,0.17177,0.10952,0.37031,0.52676,3.36098,4.57051,0.94627,-0.65347,-0.52417,-38.06736
20260926-133259,20260926-133259-4,1,58552.046,0.52165,0.12578,0.39802,0.64265,-0.1048,0.41705,0.1447,0.17035,0.05265,0.05322,0.00408,0.32541,0.31559,0.01486,0.17173,0.11001,0.37121,0.5265,3.36177,4.56325,0.94386,-0.65332,-0.52486,-38.06748
20260926-133259,20260926-133259-4,1,58552.06,0.52165,0.12565,0.39789,0.64261,-0.1047,0.41695,0.14438,0.16997,0.05277,0.05339,0.00408,0.32537,0.31559,0.01487,0.1717,0.1101,0.37141,0.52643,3.36159,4.56151,0.94322,-0.65326,-0.525,-38.06759
20260926-133259,20260926-133259-4,1,58552.076,0.52156,0.12537,0.39758,0.64262,-0.10445,0.41684,0.14367,0.16918,0.05305,0.05378,0.00407,0.32568,0.31581,0.01485,0.17143,0.11029,0.37176,0.52651,3.36265,4.56452,0.94259,-0.65323,-0.5251,-38.06732
20260926-133259,20260926-133259-4,1,58552.11,0.52152,0.1251,0.39732,0.64256,-0.10439,0.41653,0.14321,0.16859,0.05322,0.05408,0.00408,0.32559,0.31581,0.01486,0.17191,0.11067,0.37194,0.52598,3.36264,4.5757,0.94195,-0.65303,-0.52469,-38.06472
20260926-133259,20260926-133259-4,1,58552.144,0.52154,0.12478,0.39709,0.64248,-0.10418,0.41615,0.14245,0.16764,0.05349,0.05452,0.00408,0.32526,0.31568,0.01489,0.17191,0.11086,0.37262,0.52563,3.36262,4.57492,0.94099,-0.65288,-0.5251,-38.06332
20260926-133259,20260926-133259-4,1,58552.208,0.5216,0.12457,0.397,0.64218,-0.10407,0.41603,0.14194,0.16713,0.05368,0.05482,0.00411,0.32411,0.31464,0.01494,0.17161,0.11098,0.37277,0.52545,3.36383,4.57379,0.93711,-0.65235,-0.52607,-38.06324
20260926-133259,20260926-133259-4,1,58552.239,0.52107,0.12436,0.39669,0.64237,-0.10378,0.41617,0.14085,0.166,0.05413,0.05531,0.00408,0.3258,0.31556,0.01485,0.17124,0.11108,0.37203,0.52514,3.36796,4.57412,0.9393,-0.65268,-0.5264,-38.06121
20260926-133259,20260926-133259-4,1,58552.273,0.52116,0.1243,0.39678,0.64231,-0.10375,0.41629,0.14122,0.16626,0.05395,0.05523,0.00409,0.32526,0.31532,0.01489,0.17073,0.11104,0.37257,0.5252,3.368,4.59729,0.93755,-0.65255,-0.52535,-38.05723
20260926-133259,20260926-133259-4,1,58552.302,0.52102,0.12429,0.39669,0.64234,-0.10385,0.41628,0.14091,0.16595,0.05408,0.05535,0.00408,0.32552,0.31539,0.01488,0.17081,0.11095,0.37209,0.52538,3.37025,4.58909,0.93884,-0.6526,-0.52676,-38.05694
20260926-133259,20260926-133259-4,1,58552.334,0.52103,0.12419,0.39661,0.6422,-0.10391,0.41636,0.14121,0.16619,0.05397,0.05528,0.00409,0.32508,0.31512,0.0149,0.17073,0.11108,0.37207,0.52531,3.36475,4.58622,0.93542,-0.65209,-0.52741,-38.05702
20260926-133259,20260926-133259-4,1,58552.381,0.51996,0.12463,0.39666,0.64236,-0.10398,0.41632,0.14161,0.16667,0.05386,0.05502,0.00402,0.32959,0.31743,0.01463,0.17076,0.11129,0.37235,0.52484,3.35978,4.5838,0.93784,-0.65181,-0.52797,-38.05706
20260926-133259,20260926-133259-4,1,58552.417,0.51957,0.12535,0.39718,0.64197,-0.10519,0.4166,0.14414,0.16915,0.0527,0.05383,0.00401,0.33045,0.31769,0.01454,0.17164,0.11159,0.37151,0.52396,3.35643,4.60287,0.9391,-0.65111,-0.52666,-38.05171
20260926-133259,20260926-133259-4,1,58552.445,0.51961,0.1255,0.39737,0.64164,-0.10544,0.41691,0.14449,0.16948,0.05248,0.05363,0.00402,0.3297,0.31711,0.01458,0.17148,0.11159,0.37125,0.5237,3.36369,4.6176,0.93926,-0.6509,-0.52594,-38.04974
20260926-133259,20260926-133259-4,1,58552.461,0.51941,0.12611,0.39802,0.64155,-0.10653,0.41769,0.14736,0.17239,0.05129,0.05234,0.00401,0.33049,0.31743,0.01451,0.17154,0.11148,0.36994,0.52341,3.35986,4.62599,0.94366,-0.65033,-0.5251,-38.04705
20260926-133259,20260926-133259-4,1,58552.479,0.51951,0.12691,0.39857,0.64155,-0.10767,0.41842,0.15023,0.17533,0.05015,0.05107,0.00401,0.33,0.31716,0.01452,0.17202,0.1116,0.36857,0.5229,3.35779,4.64512,0.94754,-0.64994,-0.52347,-38.04354
20260926-133259,20260926-133259-4,1,58552.51,0.5193,0.12766,0.39905,0.64166,-0.10881,0.41924,0.15329,0.17847,0.04896,0.04978,0.004,0.33093,0.31791,0.01444,0.17213,0.11169,0.36782,0.52305,3.35827,4.68385,0.95162,-0.64954,-0.52108,-38.04007
20260926-133259,20260926-133259-4,1,58552.543,0.51956,0.12919,0.40017,0.64143,-0.11044,0.41959,0.15841,0.18389,0.04718,0.04762,0.004,0.33046,0.31773,0.01442,0.17357,0.11169,0.36711,0.52245,3.34659,4.69401,0.95626,-0.6482,-0.51988,-38.03341
20260926-133259,20260926-133259-4,1,58552.604,0.51936,0.12983,0.40071,0.64152,-0.11121,0.41986,0.16068,0.18606,0.0464,0.04681,0.004,0.33054,0.31772,0.01438,0.17358,0.1114,0.36768,0.52254,3.35696,4.69182,0.95553,-0.64825,-0.52007,-38.03392
20260926-133259,20260926-133259-4,1,58552.636,0.51934,0.13052,0.4016,0.64158,-0.11263,0.4204,0.16532,0.19056,0.04484,0.04526,0.00397,0.33157,0.31882,0.01428,0.17374,0.11125,0.36759,0.52206,3.3565,4.69567,0.96479,-0.64852,-0.51899,-38.03273
20260926-133259,20260926-133259-4,1,58552.668,0.51926,0.13157,0.40189,0.64163,-0.11339,0.4203,0.16794,0.1935,0.04409,0.04424,0.00394,0.33339,0.32031,0.01415,0.17486,0.11141,0.36738,0.52283,3.35262,4.70035,0.96585,-0.64918,-0.5186,-38.03156
20260926-133259,20260926-133259-4,1,58552.702,0.51913,0.13178,0.40199,0.64156,-0.11364,0.42023,0.16848,0.19408,0.04392,0.04403,0.00393,0.33424,0.32094,0.01407,0.17521,0.11149,0.36732,0.52296,3.35228,4.70267,0.96771,-0.64954,-0.5185,-38.03072
20260926-133259,20260926-133259-4,1,58552.748,0.51959,0.13248,0.40184,0.64125,-0.1143,0.41974,0.17054,0.19639,0.04331,0.04331,0.00396,0.3327,0.31979,0.01415,0.17655,0.1121,0.36789,0.52314,3.34703,4.70626,0.96859,-0.64944,-0.5182,-38.02921
20260926-133259,20260926-133259-4,1,58552.784,0.51958,0.13258,0.40185,0.64134,-0.11453,0.41956,0.17107,0.19692,0.04314,0.04314,0.00395,0.33299,0.32008,0.01414,0.17692,0.11215,0.36823,0.5232,3.34976,4.71022,0.97005,-0.64956,-0.51797,-38.02959
20260926-133259,20260926-133259-4,1,58552.809,0.51967,0.1331,0.40183,0.64128,-0.11487,0.41927,0.1724,0.19842,0.04278,0.04264,0.00395,0.3329,0.3201,0.01413,0.17777,0.11241,0.36846,0.52324,3.34819,4.71062,0.96963,-0.64937,-0.51774,-38.02877
20260926-133259,20260926-133259-4,1,58552.827,0.51965,0.13317,0.40181,0.64128,-0.11505,0.4193,0.17258,0.1986,0.04271,0.04258,0.00395,0.33306,0.3202,0.01413,0.17795,0.11249,0.36839,0.5231,3.35169,4.70863,0.97026,-0.64917,-0.51791,-38.02869
20260926-133259,20260926-133259-4,1,58552.845,0.51981,0.13338,0.40181,0.64135,-0.11513,0.41933,0.1732,0.19933,0.04254,0.04237,0.00395,0.33291,0.32018,0.01414,0.17804,0.11262,0.3685,0.52339,3.35106,4.70915,0.97012,-0.64855,-0.518,-38.02859
20260926-133259,20260926-133259-4,1,58552.877,0.50664,0.13448,0.40191,0.65124,-0.11413,0.41951,0.17064,0.19512,0.04314,0.04294,0.00283,0.40138,0.37526,0.01075,0.17627,0.1113,0.36646,0.52768,3.35462,4.70583,0.96916,-0.64689,-0.5192,-38.02921
20260926-133259,20260926-133259-4,1,58552.909,0.49183,0.13574,0.40231,0.6626,-0.11282,0.41915,0.16834,0.19166,0.04319,0.04301,0.0022,0.46522,0.43964,0.00765,0.17452,0.10932,0.36591,0.52976,3.35019,4.7121,0.96107,-0.64395,-0.51961,-38.0254
20260926-133259,20260926-133259-4,1,58552.943,0.48532,0.1364,0.40267,0.66817,-0.11218,0.41922,0.16779,0.1907,0.04306,0.04291,0.00193,0.49607,0.47076,0.0066,0.1736,0.10853,0.36603,0.53051,3.35667,4.71951,0.94811,-0.64006,-0.51997,-38.02428
20260926-133259,20260926-133259-4,1,58553.007,0.48129,0.13757,0.4035,0.6717,-0.11172,0.42008,0.17112,0.1944,0.0421,0.04142,0.00178,0.51735,0.49216,0.00589,0.17125,0.10655,0.36681,0.53451,3.35675,4.73474,0.9409,-0.63458,-0.52065,-38.02391
20260926-133259,20260926-133259-4,1,58553.041,0.48062,0.13822,0.40408,0.67314,-0.11155,0.42081,0.17331,0.19688,0.04149,0.04055,0.00171,0.52506,0.49948,0.00573,0.16979,0.10567,0.3666,0.53608,3.36145,4.74082,0.93575,-0.63206,-0.52052,-38.02409
20260926-133259,20260926-133259-4,1,58553.069,0.48046,0.13835,0.40454,0.6735,-0.11132,0.42149,0.17336,0.19701,0.04144,0.04043,0.00169,0.52678,0.50092,0.0057,0.16833,0.10507,0.36589,0.53608,3.36921,4.74067,0.93445,-0.63113,-0.52039,-38.02175
20260926-133259,20260926-133259-4,1,58553.119,0.4803,0.13877,0.40529,0.67361,-0.11117,0.42231,0.17441,0.19836,0.04119,0.03997,0.00169,0.52761,0.50209,0.00565,0.167,0.10415,0.36491,0.53672,3.37938,4.74803,0.92734,-0.63095,-0.51917,-38.02081
20260926-133259,20260926-133259-4,1,58553.151,0.48054,0.13884,0.40551,0.67349,-0.11099,0.42279,0.17449,0.19859,0.0412,0.03992,0.0017,0.52687,0.50124,0.00568,0.1662,0.10394,0.36418,0.53672,3.38833,4.74901,0.92646,-0.63144,-0.51866,-38.0188
20260926-133259,20260926-133259-4,1,58553.176,0.48063,0.13873,0.40559,0.67337,-0.11079,0.42298,0.17405,0.19822,0.04134,0.04004,0.0017,0.52638,0.50063,0.0057,0.16572,0.10374,0.36391,0.5369,3.39678,4.75995,0.9255,-0.6319,-0.51745,-38.0172
20260926-133259,20260926-133259-4,1,58553.195,0.4804,0.13878,0.40571,0.6734,-0.11081,0.42309,0.17377,0.19794,0.0414,0.04011,0.0017,0.52672,0.50098,0.00568,0.16582,0.10377,0.36349,0.53661,3.4015,4.76656,0.92271,-0.63284,-0.51697,-38.01617
20260926-133259,20260926-133259-4,1,58553.212,0.4799,0.13889,0.40603,0.67354,-0.11074,0.42342,0.1734,0.19762,0.04148,0.04018,0.0017,0.5279,0.50229,0.00564,0.1655,0.10355,0.36309,0.53641,3.40525,4.77617,0.92134,-0.63423,-0.51668,-38.01549
20260926-133259,20260926-133259-4,1,58553.256,0.47996,0.13932,0.40655,0.67338,-0.11092,0.42373,0.17433,0.19867,0.04123,0.0399,0.00169,0.52893,0.50345,0.00561,0.16538,0.10363,0.36292,0.53628,3.38528,4.80864,0.91795,-0.63665,-0.51545,-38.01085
20260926-133259,20260926-133259-4,1,58553.278,0.48007,0.13959,0.40675,0.67369,-0.11102,0.42379,0.17517,0.19973,0.0411,0.0397,0.00169,0.52978,0.50401,0.00561,0.16576,0.1036,0.36301,0.53699,3.3816,4.81978,0.91499,-0.63871,-0.51551,-38.00882
20260926-133259,20260926-133259-4,1,58553.31,0.47965,0.14005,0.40715,0.67398,-0.11115,0.42413,0.17557,0.20027,0.04104,0.03959,0.00168,0.53128,0.50594,0.00556,0.16563,0.10364,0.36265,0.53716,3.37643,4.8243,0.92185,-0.64139,-0.51629,-38.01055
20260926-133259,20260926-133259-4,1,58553.341,0.47914,0.14045,0.40761,0.67428,-0.11126,0.42454,0.17545,0.20029,0.0411,0.03962,0.00167,0.53364,0.50808,0.00552,0.16557,0.1037,0.36272,0.53726,3.36421,4.83027,0.92369,-0.64457,-0.51665,-38.01193
20260926-133259,20260926-133259-4,1,58553.408,0.47893,0.14138,0.40708,0.67514,-0.11166,0.42428,0.17832,0.20368,0.04054,0.03881,0.00164,0.5384,0.51272,0.00543,0.16688,0.10463,0.36361,0.53891,3.34909,4.84728,0.93153,-0.6516,-0.51834,-38.01815
20260926-133259,20260926-133259-4,1,58553.437,0.47899,0.14155,0.40728,0.67483,-0.11181,0.42413,0.17974,0.20537,0.0402,0.03836,0.00165,0.53792,0.5125,0.00539,0.16711,0.10412,0.36435,0.5398,3.33684,4.85034,0.93298,-0.65418,-0.51942,-38.02296
20260926-133259,20260926-133259-4,1,58553.488,0.48008,0.1416,0.4077,0.67353,-0.11205,0.42404,0.18198,0.20774,0.03964,0.03778,0.0017,0.53299,0.50766,0.00547,0.16701,0.10387,0.36462,0.53934,3.32845,4.84501,0.92939,-0.65687,-0.52085,-38.0266
20260926-133259,20260926-133259-4,1,58553.518,0.48074,0.14145,0.40779,0.67324,-0.11195,0.42414,0.1823,0.20806,0.03958,0.03774,0.0017,0.53113,0.50548,0.00555,0.16668,0.10381,0.36477,0.53915,3.32571,4.845,0.9261,-0.65788,-0.52151,-38.02744
20260926-133259,20260926-133259-4,1,58553.542,0.48136,0.14128,0.40778,0.67302,-0.11183,0.42411,0.18221,0.20794,0.03962,0.03781,0.00171,0.52946,0.50354,0.00562,0.16654,0.10386,0.36509,0.53891,3.32538,4.84436,0.92263,-0.65845,-0.52205,-38.02805
20260926-133259,20260926-133259-4,1,58553.56,0.48141,0.14126,0.40776,0.67286,-0.11183,0.42406,0.1822,0.20793,0.03961,0.03781,0.00171,0.52914,0.50327,0.00562,0.16651,0.10386,0.3653,0.53897,3.32275,4.84788,0.92199,-0.65886,-0.52214,-38.0271
20260926-133259,20260926-133259-4,1,58553.581,0.48153,0.14128,0.4078,0.67263,-0.11185,0.42412,0.18249,0.20822,0.03955,0.03774,0.00172,0.52817,0.50237,0.00564,0.16636,0.10382,0.36547,0.53908,3.31918,4.85136,0.92171,-0.65874,-0.52221,-38.0271
20260926-133259,20260926-133259-5,0,58558.238,0.57284,0.14847,0.52288,0.51832,-0.15392,0.45348,0.04282,0.041,0.14638,0.16783,0.01187,0.17294,0.20633,0.03066,0.07298,0.05014,0.11047,0.0795,-12.71392,-12.307,6.12162,-1.17261,1.78461,-39.07233
20260926-133259,20260926-133259-5,0,58558.27,0.57905,0.15081,0.523,0.52766,-0.15421,0.4566,0.0494,0.0474,0.13118,0.15089,0.01177,0.17318,0.20811,0.03115,0.06995,0.05143,0.1214,0.08702,-12.55207,-11.72238,5.54041,-1.05627,1.71884,-39.32491
20260926-133259,20260926-133259-5,0,58558.302,0.57627,0.15395,0.52307,0.53896,-0.1551,0.45184,0.05344,0.05286,0.12264,0.14051,0.00939,0.19995,0.23268,0.02775,0.07268,0.0509,0.1256,0.09214,-12.52286,-11.55601,5.2527,-0.98082,1.65706,-39.4722
20260926-133259,20260926-133259-5,0,58558.336,0.58721,0.15797,0.52322,0.52992,-0.16167,0.45375,0.06159,0.06107,0.10799,0.12553,0.01388,0.15582,0.19449,0.03511,0.07387,0.05372,0.13507,0.09783,-12.39265,-11.23743,4.7491,-0.91124,1.62843,-39.56614
20260926-133259,20260926-133259-5,0,58558.364,0.59282,0.16594,0.5247,0.53474,-0.17052,0.45785,0.07723,0.07769,0.08737,0.10181,0.01481,0.14749,0.19099,0.03789,0.07683,0.05516,0.13722,0.10671,-12.26263,-11.01395,4.54087,-0.83735,1.61024,-39.68475
20260926-133259,20260926-133259-5,0,58558.397,0.60344,0.1706,0.52589,0.52664,-0.17562,0.46085,0.09021,0.09251,0.07531,0.08596,0.02176,0.11065,0.14911,0.0483,0.07649,0.05141,0.14357,0.10867,-12.05438,-10.81008,4.45906,-0.75685,1.60457,-39.81106
20260926-133259,20260926-133259-5,0,58558.429,0.60823,0.16771,0.52526,0.52391,-0.17284,0.46445,0.08834,0.09265,0.07766,0.08571,0.02679,0.09419,0.12864,0.05465,0.07396,0.04628,0.14353,0.10849,-11.69681,-10.44504,4.43667,-0.67756,1.6218,-39.86701
20260926-133259,20260926-133259-5,0,58558.461,0.60945,0.16635,0.52443,0.52286,-0.17022,0.46701,0.08642,0.09223,0.08042,0.08611,0.03158,0.08338,0.11436,0.05959,0.07301,0.04497,0.1469,0.11097,-11.31316,-10.1275,4.46979,-0.6113,1.63095,-39.90374
20260926-133259,20260926-133259-5,0,58558.496,0.60782,0.16304,0.52084,0.52081,-0.168,0.46978,0.08348,0.08777,0.08362,0.08974,0.03481,0.07859,0.10719,0.06198,0.07196,0.04841,0.15209,0.11607,-10.9075,-9.6775,4.39255,-0.56611,1.62492,-39.9667
20260926-133259,20260926-133259-5,0,58558.527,0.60763,0.15915,0.51629,0.52633,-0.16583,0.46568,0.08762,0.09048,0.08097,0.08886,0.03303,0.08144,0.11327,0.06136,0.07389,0.04897,0.17642,0.12473,-10.64207,-9.16478,4.40477,-0.54268,1.60999,-39.97713
20260926-133259,20260926-133259-5,0,58558.557,0.59791,0.15762,0.52776,0.52513,-0.16499,0.47712,0.08476,0.08778,0.08215,0.09086,0.02915,0.09367,0.12185,0.05346,0.0615,0.04274,0.1654,0.11547,-10.59408,-9.01202,4.39307,-0.52719,1.58462,-39.93136
20260926-133259,20260926-133259-5,0,58558.607,0.59455,0.15966,0.53939,0.52571,-0.16768,0.48366,0.09008,0.09298,0.07562,0.08485,0.02681,0.10076,0.12886,0.05047,0.05484,0.03594,0.1597,0.09872,-10.6818,-9.04072,4.43818,-0.52125,1.55849,-39.87404
20260926-133259,20260926-133259-5,0,58558.641,0.5971,0.16285,0.54115,0.52754,-0.17076,0.48694,0.09812,0.10102,0.06902,0.07842,0.02631,0.10052,0.13158,0.05145,0.05288,0.03521,0.15706,0.09695,-10.73718,-9.07303,4.50689,-0.51818,1.54455,-39.86812
20260926-133259,20260926-133259-5,0,58558.671,0.6,0.16793,0.54362,0.52672,-0.17468,0.48955,0.10475,0.10769,0.06364,0.07318,0.02686,0.09709,0.13007,0.05349,0.05148,0.03545,0.1522,0.09496,-10.80891,-9.17222,4.57657,-0.52399,1.53332,-39.85929
20260926-133259,20260926-133259-5,0,58558.702,0.60574,0.17037,0.54092,0.5237,-0.17737,0.48897,0.11078,0.11425,0.05968,0.06897,0.0307,0.08538,0.11911,0.05975,0.0508,0.03589,0.15071,0.09679,-10.85758,-9.2165,4.67917,-0.53265,1.52002,-39.84521
20260926-133259,20260926-133259-5,0,58558.737,0.71266,0.15784,0.52814,0.43861,-0.1747,0.47912,0.09123,0.09702,0.07318,0.07807,0.37969,0.00467,0.01386,0.37823,0.05494,0.03202,0.18017,0.09065,-10.79628,-9.21761,4.81595,-0.55178,1.50394,-39.7985
20260926-133259,20260926-133259-5,0,58558.764,0.76472,0.14064,0.50775,0.37778,-0.16763,0.47543,0.07881,0.08116,0.08017,0.08475,0.66685,0.00119,0.00368,0.67414,0.05975,0.02967,0.18144,0.09226,-10.64313,-9.15375,4.92638,-0.57405,1.5002,-39.71774
20260926-133259,20260926-133259-5,0,58558.798,0.7743,0.12945,0.5045,0.34153,-0.16531,0.47694,0.07217,0.07215,0.08574,0.09041,0.76159,0.00078,0.00195,0.76568,0.05553,0.02502,0.17033,0.08476,-10.54992,-9.08405,5.03974,-0.61035,1.48848,-39.57339
20260926-133259,20260926-133259-5,0,58558.83,0.75699,0.12596,0.51158,0.3414,-0.16398,0.47868,0.06769,0.06718,0.09119,0.09665,0.71975,0.00105,0.00225,0.72334,0.05129,0.02103,0.15406,0.07059,-10.53483,-9.11565,5.16109,-0.67222,1.45338,-39.38823
20260926-133259,20260926-133259-5,0,58558.864,0.74405,0.12423,0.51845,0.35435,-0.16114,0.48124,0.06516,0.06549,0.09727,0.10191,0.64614,0.00158,0.00326,0.65031,0.04485,0.01951,0.14392,0.07233,-10.77087,-9.11707,5.1314,-0.73536,1.41631,-39.27446
20260926-133259,20260926-133259-5,0,58558.894,0.74126,0.1236,0.51958,0.35495,-0.1597,0.48302,0.06581,0.06642,0.09636,0.10136,0.63932,0.00167,0.00336,0.64268,0.04308,0.01945,0.14579,0.07561,-10.8631,-9.1411,5.00607,-0.79273,1.38769,-39.19494
20260926-133259,20260926-133259-5,0,58558.926,0.73549,0.12209,0.52349,0.36483,-0.15597,0.48321,0.06241,0.06313,0.10222,0.10747,0.59823,0.002,0.00415,0.59914,0.04154,0.01887,0.14187,0.07401,-10.97303,-9.3043,4.97071,-0.83597,1.34289,-39.12665
20260926-133259,20260926-133259-5,0,58558.976,0.7309,0.12242,0.52745,0.36692,-0.15526,0.48349,0.06101,0.06153,0.10384,0.10899,0.57637,0.00219,0.00462,0.57652,0.0413,0.01834,0.14012,0.07039,-11.01229,-9.36885,4.92691,-0.88721,1.3079,-39.06812
20260926-133259,20260926-133259-5,0,58559.006,0.72911,0.12344,0.52756,0.36945,-0.15606,0.48136,0.06334,0.06366,0.10106,0.10605,0.56805,0.0023,0.00477,0.56781,0.04248,0.01867,0.14591,0.07078,-11.04079,-9.36898,4.90394,-0.92891,1.29059,-39.03611
20260926-133259,20260926-133259-5,0,58559.038,0.73453,0.12312,0.53029,0.37087,-0.15457,0.48384,0.06332,0.06351,0.10215,0.10677,0.57447,0.00219,0.00479,0.57499,0.04044,0.01794,0.1432,0.06759,-11.10991,-9.37768,4.85393,-0.97546,1.27294,-39.03932
20260926-133259,20260926-133259-5,0,58559.07,0.73044,0.12117,0.52813,0.37128,-0.15144,0.48058,0.05976,0.06087,0.10822,0.11139,0.56394,0.00234,0.00491,0.56226,0.04186,0.01817,0.14429,0.07104,-11.2616,-9.3107,4.90594,-1.01606,1.25326,-39.02577
20260926-133259,20260926-133259-5,0,58559.102,0.73135,0.12061,0.52386,0.36502,-0.1511,0.47752,0.05908,0.06026,0.10869,0.11205,0.57928,0.00221,0.00452,0.57611,0.04404,0.01955,0.14773,0.07674,-11.4192,-9.20397,4.97085,-1.04616,1.23147,-39.01897
20260926-133259,20260926-133259-5,0,58559.135,0.72783,0.12204,0.52351,0.36977,-0.15282,0.47701,0.06216,0.06386,0.10376,0.10654,0.5609,0.00241,0.00492,0.55818,0.04473,0.01972,0.15225,0.07824,-11.49577,-9.06322,5.00584,-1.07332,1.21802,-38.97826
20260926-133259,20260926-133259-5,0,58559.165,0.72642,0.12675,0.52505,0.37594,-0.157,0.47668,0.06918,0.07278,0.09357,0.09566,0.53934,0.00265,0.00543,0.53839,0.04471,0.01991,0.15155,0.08164,-11.64481,-8.97557,5.04636,-1.08611,1.19875,-38.97283
20260926-133259,20260926-133259-5,0,58559.198,0.72785,0.12435,0.52394,0.37342,-0.15539,0.47598,0.06882,0.07213,0.09489,0.09669,0.54989,0.00254,0.00517,0.54852,0.04555,0.01943,0.15394,0.08145,-11.72254,-8.87563,5.09275,-1.0936,1.19188,-38.98306
20260926-133259,20260926-133259-5,0,58559.231,0.72866,0.12595,0.52196,0.37229,-0.1564,0.4751,0.07213,0.07543,0.09167,0.09307,0.55124,0.00256,0.00516,0.5514,0.04678,0.02086,0.1571,0.08732,-11.83343,-8.72273,5.0873,-1.09494,1.17985,-38.99736
20260926-133259,20260926-133259-5,0,58559.264,0.72678,0.12052,0.51682,0.37476,-0.15065,0.47347,0.06242,0.06349,0.10713,0.10944,0.534,0.00274,0.00576,0.52982,0.04831,0.02423,0.15713,0.09206,-11.95053,-8.64621,5.17841,-1.0966,1.15285,-39.03924
20260926-133259,20260926-133259-5,0,58559.295,0.72301,0.11429,0.51471,0.38092,-0.14235,0.4755,0.05364,0.05467,0.12575,0.12657,0.5102,0.00301,0.00657,0.50259,0.04667,0.02419,0.14682,0.09311,-12.0015,-8.4605,5.18288,-1.10092,1.13022,-39.07956
20260926-133259,20260926-133259-5,0,58559.343,0.72191,0.11461,0.50701,0.38644,-0.14044,0.47533,0.05346,0.05384,0.12867,0.129,0.49635,0.00317,0.00721,0.48788,0.04795,0.02862,0.14395,0.1051,-12.07704,-8.18336,5.07502,-1.10395,1.1091,-39.13005
20260926-133259,20260926-133259-5,0,58559.374,0.72143,0.11409,0.51004,0.38907,-0.13993,0.47678,0.05518,0.05558,0.12654,0.12686,0.48919,0.00328,0.00744,0.48212,0.04587,0.02648,0.14733,0.09899,-12.07159,-7.98151,5.03951,-1.10637,1.09115,-39.1393
20260926-133259,20260926-133259-5,0,58559.409,0.72196,0.1141,0.51007,0.38962,-0.13965,0.47514,0.05656,0.05716,0.12423,0.12426,0.48945,0.00328,0.00747,0.48275,0.04703,0.02618,0.15506,0.09901,-12.10787,-7.76196,5.01,-1.10589,1.07298,-39.11697
20260926-133259,20260926-133259-5,0,58559.439,0.72335,0.11244,0.50947,0.39092,-0.13821,0.47365,0.05669,0.05748,0.12447,0.12426,0.49075,0.00323,0.0075,0.48414,0.04703,0.02536,0.16167,0.09966,-12.15294,-7.66182,5.00624,-1.10615,1.05916,-39.12859
20260926-133259,20260926-133259-5,0,58559.473,0.7248,0.11146,0.5088,0.39151,-0.13687,0.4722,0.05641,0.05736,0.12575,0.12499,0.4946,0.00318,0.00744,0.48786,0.04778,0.02519,0.16938,0.10088,-12.18568,-7.58084,5.02218,-1.10629,1.04659,-39.1312
20260926-133259,20260926-133259-5,0,58559.503,0.7261,0.11147,0.50753,0.39216,-0.13624,0.47099,0.05665,0.05826,0.12503,0.12378,0.4964,0.00314,0.00744,0.48924,0.04899,0.02564,0.17153,0.10487,-12.20184,-7.55884,5.04526,-1.10744,1.03125,-39.13146
20260926-133259,20260926-133259-5,0,58559.534,0.72621,0.11232,0.50814,0.39345,-0.13651,0.47033,0.05717,0.05945,0.12352,0.12169,0.49222,0.00319,0.0076,0.48567,0.04942,0.0256,0.17241,0.10605,-12.22593,-7.54087,5.05972,-1.11036,1.02189,-39.12624
20260926-133259,20260926-133259-5,0,58559.564,0.72573,0.11352,0.50803,0.39381,-0.13753,0.46939,0.05784,0.06031,0.12156,0.11973,0.48992,0.0032,0.00771,0.48301,0.05052,0.02586,0.17464,0.10606,-12.22731,-7.55516,5.0646,-1.11417,1.01544,-39.11314
20260926-133259,20260926-133259-5,0,58559.596,0.72783,0.11576,0.50909,0.38812,-0.13932,0.46949,0.0595,0.06223,0.11669,0.11517,0.50628,0.00299,0.00709,0.50018,0.05116,0.0256,0.17807,0.10523,-12.27228,-7.59193,5.08345,-1.11794,1.01147,-39.08881
20260926-133259,20260926-133259-5,0,58559.631,0.73038,0.11808,0.50993,0.38209,-0.14069,0.46858,0.06116,0.06448,0.11204,0.11064,0.52414,0.00277,0.00643,0.51949,0.05149,0.02497,0.18055,0.10142,-12.3326,-7.65542,5.10319,-1.11937,1.00418,-39.06465
20260926-133259,20260926-133259-5,0,58559.662,0.73196,0.12009,0.51123,0.37899,-0.14126,0.467,0.06257,0.0666,0.10845,0.10703,0.53162,0.00268,0.00618,0.52827,0.05173,0.02427,0.18297,0.09665,-12.37237,-7.65818,5.11384,-1.12366,1.0015,-39.05332
20260926-133259,20260926-133259-5,0,58559.711,0.731,0.12362,0.51505,0.37894,-0.14294,0.46641,0.0649,0.07013,0.1031,0.10158,0.52457,0.00274,0.00635,0.52178,0.05122,0.02294,0.18193,0.09041,-12.43042,-7.69898,5.14835,-1.12995,0.9935,-39.0355
20260926-133259,20260926-133259-5,0,58559.743,0.72676,0.12532,0.51884,0.38123,-0.14429,0.46669,0.06662,0.07277,0.09981,0.09836,0.5043,0.00301,0.00687,0.50131,0.05042,0.0216,0.17857,0.08572,-12.46157,-7.73713,5.19164,-1.13516,0.98677,-39.01878
20260926-133259,20260926-133259-5,0,58559.76,0.72463,0.12592,0.51996,0.38185,-0.14526,0.46701,0.0673,0.07392,0.0984,0.09695,0.49536,0.00314,0.0071,0.49236,0.05004,0.02118,0.17588,0.08555,-12.4784,-7.7705,5.21442,-1.13728,0.98224,-39.01072
20260926-133259,20260926-133259-5,0,58559.806,0.7197,0.12852,0.52382,0.38488,-0.14849,0.46937,0.07241,0.08019,0.09101,0.08972,0.47427,0.00347,0.00774,0.47113,0.04843,0.02026,0.17066,0.08517,-12.49781,-7.73977,5.24274,-1.14345,0.9745,-38.99625
20260926-133259,20260926-133259-5,0,58559.837,0.71474,0.13016,0.52504,0.39743,-0.14914,0.4695,0.07476,0.08376,0.08914,0.08744,0.43112,0.00412,0.00971,0.42622,0.04657,0.01996,0.1723,0.08776,-12.5193,-7.72196,5.24701,-1.14551,0.9694,-38.99529
20260926-133259,20260926-133259-5,0,58559.871,0.70746,0.1335,0.52567,0.41048,-0.15208,0.46983,0.07916,0.08926,0.08444,0.08311,0.38049,0.00511,0.0125,0.37516,0.04555,0.02043,0.17367,0.09033,-12.57881,-7.7153,5.23164,-1.14456,0.96373,-38.9926
20260926-133259,20260926-133259-5,0,58559.901,0.70288,0.13665,0.52687,0.41705,-0.15781,0.47131,0.08685,0.09682,0.07588,0.07617,0.35056,0.00579,0.01427,0.34816,0.04667,0.02078,0.17053,0.08976,-12.63206,-7.75977,5.2417,-1.14274,0.95851,-38.98243
20260926-133259,20260926-133259-5,0,58559.933,0.69706,0.13947,0.52808,0.42454,-0.16314,0.4754,0.09542,0.1049,0.06811,0.06995,0.31658,0.00677,0.01656,0.31761,0.04534,0.02144,0.16514,0.09041,-12.64243,-7.7574,5.22797,-1.14432,0.95773,-38.98231
20260926-133259,20260926-133259-5,0,58559.966,0.69345,0.14245,0.52927,0.4278,-0.16747,0.47741,0.10256,0.11211,0.06236,0.06521,0.29935,0.00743,0.01775,0.30182,0.04529,0.02198,0.16138,0.09051,-12.67674,-7.78547,5.22721,-1.1438,0.95472,-38.9786
20260926-133259,20260926-133259-5,0,58559.998,0.69122,0.14456,0.53028,0.43109,-0.17049,0.48009,0.10865,0.1179,0.0582,0.06185,0.28402,0.00797,0.01879,0.29319,0.04418,0.02232,0.15794,0.09069,-12.69415,-7.79224,5.22204,-1.14515,0.95396,-38.97715
20260926-133259,20260926-133259-5,0,58560.031,0.68902,0.14699,0.53173,0.43358,-0.17245,0.48082,0.1135,0.12308,0.0553,0.05923,0.27085,0.00856,0.01974,0.28385,0.04411,0.02279,0.15658,0.09054,-12.71293,-7.80357,5.21707,-1.14426,0.95274,-38.97723
20260926-133259,20260926-133259-5,0,58560.081,0.58322,0.16044,0.53521,0.5237,-0.16535,0.47995,0.11374,0.12106,0.05421,0.06079,0.01271,0.1713,0.20371,0.03209,0.04278,0.03109,0.1476,0.11136,-12.816,-7.89591,5.12067,-1.14237,0.94663,-39.00776
20260926-133259,20260926-133259-5,0,58560.111,0.51129,0.16214,0.54274,0.58748,-0.15699,0.47999,0.10308,0.10681,0.059,0.06541,0.00199,0.52069,0.4951,0.00691,0.03959,0.03136,0.13942,0.12118,-13.05508,-8.09014,5.04941,-1.12789,0.93821,-39.02787
20260926-133259,20260926-133259-5,0,58560.129,0.4978,0.16417,0.54534,0.60099,-0.15571,0.47979,0.10601,0.10877,0.05721,0.0637,0.00149,0.58869,0.56433,0.00507,0.03927,0.03251,0.14094,0.1247,-13.12261,-8.11384,4.987,-1.12473,0.93602,-39.03876
20260926-133259,20260926-133259-5,0,58560.144,0.49125,0.16594,0.54923,0.60886,-0.15516,0.48009,0.10936,0.11233,0.05513,0.0613,0.00127,0.62489,0.60146,0.00428,0.03927,0.03187,0.14104,0.12272,-13.16225,-8.11971,4.94722,-1.12324,0.93615,-39.04597
20260926-133259,20260926-133259-5,0,58560.206,0.49138,0.168,0.56324,0.6148,-0.15779,0.48547,0.11804,0.12249,0.0499,0.05507,0.0011,0.64428,0.62068,0.00413,0.03898,0.02614,0.13327,0.10709,-13.27997,-8.24825,4.90237,-1.12106,0.93358,-39.04717
20260926-133259,20260926-133259-5,0,58560.238,0.49466,0.16865,0.56856,0.61591,-0.15847,0.48671,0.12297,0.12742,0.0479,0.05246,0.00107,0.64226,0.61872,0.0043,0.03886,0.02403,0.13276,0.09996,-13.29344,-8.25029,4.87391,-1.12049,0.93468,-39.04819
20260926-133259,20260926-133259-5,0,58560.269,0.49435,0.16789,0.57353,0.61818,-0.15846,0.48906,0.12412,0.12875,0.04731,0.05162,0.00102,0.6499,0.62687,0.00419,0.03796,0.02182,0.12868,0.09365,-13.29799,-8.26322,4.85673,-1.1203,0.93599,-39.04541
20260926-133259,20260926-133259-5,0,58560.301,0.49733,0.16738,0.57673,0.61731,-0.1589,0.49045,0.12634,0.13111,0.0464,0.05049,0.00103,0.64357,0.6205,0.00438,0.0374,0.0205,0.12618,0.08927,-13.30367,-8.28276,4.84556,-1.12061,0.93632,-39.04497
20260926-133259,20260926-133259-5,0,58560.334,0.49729,0.16931,0.57767,0.6188,-0.16037,0.49208,0.13279,0.13743,0.04396,0.04745,0.00101,0.6463,0.62391,0.00434,0.0369,0.02031,0.12309,0.09113,-13.30911,-8.2784,4.81901,-1.12181,0.93923,-39.04593
20260926-133259,20260926-133259-5,0,58560.366,0.49727,0.17217,0.57718,0.61938,-0.16282,0.49253,0.14099,0.14559,0.04112,0.04388,0.00101,0.64568,0.62404,0.00435,0.03729,0.02053,0.12258,0.09578,-13.30437,-8.29617,4.7941,-1.12575,0.9418,-39.04544
20260926-133259,20260926-133259-5,0,58560.399,0.49769,0.17475,0.58012,0.62014,-0.16502,0.49511,0.15043,0.15481,0.03825,0.04044,0.001,0.6453,0.62448,0.00437,0.03608,0.01966,0.1187,0.09526,-13.30145,-8.2986,4.75954,-1.13001,0.94532,-39.04433
20260926-133259,20260926-133259-5,0,58560.448,0.50048,0.17846,0.58283,0.62074,-0.16743,0.49659,0.16284,0.16741,0.03515,0.03654,0.001,0.64042,0.61977,0.00454,0.03575,0.01878,0.11789,0.09429,-13.28072,-8.31148,4.71123,-1.13828,0.94844,-39.03926
20260926-133259,20260926-133259-5,0,58560.477,0.50143,0.18095,0.58611,0.62158,-0.16937,0.49854,0.17079,0.17493,0.03314,0.03431,0.001,0.63968,0.61967,0.00458,0.03493,0.01809,0.11619,0.09101,-13.27977,-8.31134,4.68568,-1.14476,0.95282,-39.03552
20260926-133259,20260926-133259-5,0,58560.495,0.50191,0.18196,0.58737,0.62194,-0.17028,0.49991,0.17523,0.17898,0.03211,0.03322,0.00099,0.63892,0.61937,0.0046,0.03426,0.01787,0.11486,0.08983,-13.27486,-8.30334,4.6762,-1.14711,0.95515,-39.03595
20260926-133259,20260926-133259-5,0,58560.51,0.50176,0.18236,0.58822,0.62238,-0.17074,0.50061,0.17629,0.17996,0.0317,0.03287,0.00098,0.64067,0.62129,0.00456,0.03399,0.01781,0.11367,0.08882,-13.27058,-8.30399,4.67276,-1.15102,0.95596,-39.03603
20260926-133259,20260926-133259-5,0,58560.543,0.50133,0.18238,0.58963,0.62286,-0.17085,0.5013,0.1782,0.18194,0.03115,0.03226,0.00097,0.64243,0.62374,0.00448,0.03318,0.01724,0.1116,0.08646,-13.26979,-8.29579,4.65785,-1.15624,0.95756,-39.03443
20260926-133259,20260926-133259-5,0,58560.607,0.51073,0.18914,0.58375,0.62079,-0.17776,0.49532,0.19717,0.2,0.02762,0.02838,0.00108,0.60883,0.58854,0.00553,0.03893,0.02017,0.12836,0.09488,-13.22893,-8.31534,4.66236,-1.17403,0.96111,-39.0176
20260926-133259,20260926-133259-5,0,58560.638,0.55492,0.20215,0.57841,0.57883,-0.19476,0.49263,0.2509,0.25229,0.0205,0.02013,0.00339,0.35919,0.3654,0.01491,0.04655,0.02469,0.14479,0.10033,-13.13224,-8.33829,4.71057,-1.19533,0.96075,-38.97898
20260926-133259,20260926-133259-5,0,58560.669,0.57824,0.21524,0.58392,0.55585,-0.20842,0.49622,0.30197,0.29912,0.01599,0.01507,0.00704,0.23212,0.26708,0.024,0.04919,0.02566,0.14615,0.09792,-13.07925,-8.38296,4.74914,-1.21235,0.95992,-38.95799
20260926-133259,20260926-133259-5,0,58560.703,0.58933,0.22309,0.58908,0.54494,-0.21647,0.4994,0.33657,0.33199,0.01357,0.01236,0.0101,0.18245,0.22444,0.03017,0.04917,0.02409,0.14583,0.094,-13.05949,-8.36928,4.79293,-1.23057,0.9641,-38.92886
20260926-133259,20260926-133259-5,0,58560.736,0.58997,0.22421,0.59287,0.53913,-0.21813,0.50156,0.34259,0.33852,0.01315,0.01177,0.01115,0.17228,0.21229,0.03132,0.04738,0.02196,0.14115,0.09014,-13.06069,-8.33279,4.80894,-1.251,0.96682,-38.90353
20260926-133259,20260926-133259-5,0,58560.768,0.5854,0.22235,0.59174,0.53916,-0.21701,0.50063,0.34032,0.33665,0.01341,0.01195,0.01033,0.18421,0.21961,0.02907,0.04676,0.02129,0.14063,0.09124,-13.05721,-8.24071,4.81173,-1.26949,0.96922,-38.86949
20260926-133259,20260926-133259-5,0,58560.815,0.58293,0.22156,0.59217,0.54066,-0.216,0.5007,0.34146,0.33775,0.0136,0.01213,0.00979,0.19401,0.22589,0.02767,0.04563,0.0211,0.14124,0.09279,-13.087,-8.18753,4.80479,-1.28217,0.96847,-38.85143
20260926-133259,20260926-133259-5,0,58560.846,0.649,0.21775,0.59024,0.47854,-0.22635,0.50153,0.35391,0.34971,0.01277,0.01161,0.08938,0.03045,0.05067,0.13124,0.04599,0.01909,0.14583,0.08229,-13.04785,-8.25389,4.89813,-1.28976,0.95751,-38.82349
20260926-133259,20260926-133259-5,0,58560.86,0.66422,0.21696,0.58829,0.47106,-0.22695,0.50232,0.35452,0.3498,0.01265,0.01149,0.12734,0.02071,0.03815,0.17591,0.04533,0.01871,0.14529,0.08007,-13.03335,-8.26659,4.92247,-1.29285,0.95512,-38.81143
20260926-133259,20260926-133259-5,0,58560.876,0.73417,0.20686,0.57743,0.39728,-0.23599,0.50156,0.3529,0.3525,0.01152,0.01045,0.4735,0.00315,0.00737,0.48802,0.04818,0.01638,0.1456,0.07504,-12.98745,-8.26586,4.97164,-1.30213,0.95338,-38.772
20260926-133259,20260926-133259-5,0,58560.908,0.76047,0.17949,0.56356,0.34377,-0.23016,0.50137,0.29805,0.28825,0.0145,0.01425,0.67462,0.00123,0.00271,0.69892,0.04595,0.01249,0.14438,0.07103,-12.89415,-8.25024,5.06139,-1.31999,0.9538,-38.70108
20260926-133259,20260926-133259-5,0,58560.944,0.76168,0.16914,0.55886,0.32832,-0.22075,0.50067,0.25821,0.25167,0.01767,0.01743,0.71036,0.00105,0.00214,0.73237,0.04149,0.01113,0.14305,0.07133,-12.83291,-8.0919,5.07952,-1.33555,0.96294,-38.64137
20260926-133259,20260926-133259-5,0,58561.007,0.75855,0.15868,0.56084,0.32197,-0.2068,0.50359,0.2175,0.21626,0.02263,0.0222,0.7103,0.0011,0.00205,0.72916,0.0345,0.00908,0.13793,0.06693,-12.75181,-7.95135,5.08173,-1.3547,0.96968,-38.62299
20260926-133259,20260926-133259-5,0,58561.037,0.75953,0.15617,0.56317,0.31864,-0.20539,0.50568,0.21147,0.21032,0.02333,0.02304,0.71543,0.00107,0.00199,0.73446,0.03255,0.00843,0.13242,0.06316,-12.75196,-7.93523,5.10594,-1.35726,0.96845,-38.6164
20260926-133259,20260926-133259-5,0,58561.071,0.75305,0.15555,0.56355,0.32962,-0.20105,0.5069,0.19857,0.2005,0.02562,0.02508,0.67893,0.00126,0.00251,0.69771,0.02977,0.00827,0.12557,0.06263,-12.74477,-8.00053,5.14349,-1.35554,0.96531,-38.59594
20260926-133259,20260926-133259-5,0,58561.1,0.74521,0.15468,0.56528,0.33749,-0.19823,0.50856,0.18847,0.1925,0.02772,0.02705,0.64116,0.00154,0.00304,0.65831,0.02861,0.00815,0.12211,0.06215,-12.64771,-7.88965,5.12467,-1.35355,0.97091,-38.58893
20260926-133259,20260926-133259-5,0,58561.135,0.74058,0.15401,0.5657,0.33278,-0.19819,0.50887,0.17874,0.18291,0.02902,0.02853,0.6375,0.0016,0.00294,0.65387,0.02885,0.0081,0.11619,0.06179,-12.53025,-7.83887,5.12336,-1.33874,0.97127,-38.54992
20260926-133259,20260926-133259-5,0,58561.184,0.73764,0.15305,0.56371,0.32428,-0.19901,0.50962,0.17464,0.17806,0.02898,0.02866,0.65771,0.00149,0.00248,0.6744,0.029,0.00803,0.11466,0.05992,-12.38296,-7.75431,5.07244,-1.32076,0.9743,-38.51909
20260926-133259,20260926-133259-5,0,58561.21,0.73767,0.15268,0.56333,0.32275,-0.19857,0.50953,0.17279,0.1762,0.02912,0.02883,0.66533,0.00144,0.00236,0.68217,0.02884,0.00804,0.11499,0.05963,-12.30239,-7.62916,5.04708,-1.31479,0.98137,-38.50905
20260926-133259,20260926-133259-5,0,58561.227,0.73746,0.15244,0.56305,0.32171,-0.19824,0.50937,0.17157,0.17502,0.0292,0.02891,0.66904,0.00142,0.0023,0.68604,0.02876,0.00803,0.11434,0.05921,-12.27676,-7.6238,5.04256,-1.31022,0.98135,-38.50462
20260926-133259,20260926-133259-5,0,58561.244,0.73737,0.15211,0.5629,0.32208,-0.1975,0.51006,0.17072,0.17432,0.02937,0.02901,0.67104,0.0014,0.00228,0.6881,0.02827,0.008,0.11376,0.05894,-12.23352,-7.59742,5.03875,-1.30853,0.98253,-38.50674
20260926-133259,20260926-133259-5,0,58561.279,0.73877,0.14543,0.56256,0.32035,-0.18928,0.51196,0.14902,0.15511,0.03463,0.03421,0.67822,0.00135,0.00223,0.69436,0.02588,0.00742,0.10725,0.05631,-12.19766,-7.60932,5.04811,-1.3038,0.98093,-38.52013
20260926-133259,20260926-133259-5,0,58561.311,0.74067,0.14136,0.56254,0.31829,-0.18036,0.51606,0.13155,0.141,0.0404,0.03899,0.68589,0.00131,0.00215,0.7017,0.02346,0.00692,0.09676,0.05576,-12.15347,-7.48774,5.01003,-1.30069,0.9853,-38.52554
20260926-133259,20260926-133259-5,0,58561.343,0.74402,0.13718,0.55985,0.31606,-0.17618,0.51568,0.12322,0.13332,0.0436,0.04226,0.69897,0.00122,0.00203,0.71429,0.02297,0.00682,0.09527,0.05546,-12.10099,-7.45425,4.99296,-1.29894,0.98634,-38.54707
20260926-133259,20260926-133259-5,0,58561.407,0.74605,0.1314,0.55901,0.31336,-0.17102,0.51598,0.11253,0.12311,0.04834,0.04734,0.70855,0.00117,0.00195,0.72333,0.02213,0.00655,0.09183,0.0538,-12.10181,-7.4269,4.99623,-1.29283,0.986,-38.55575
20260926-133259,20260926-133259-5,0,58561.439,0.74658,0.12807,0.55856,0.31279,-0.16726,0.51621,0.10432,0.11561,0.05251,0.05131,0.71054,0.00116,0.00194,0.72494,0.02188,0.00644,0.08801,0.05373,-12.09352,-7.42893,5.0124,-1.29021,0.98307,-38.56232
20260926-133259,20260926-133259-5,0,58561.469,0.74726,0.12412,0.5596,0.31261,-0.16346,0.51611,0.09629,0.10806,0.05726,0.0561,0.7111,0.00116,0.00194,0.72496,0.02143,0.00616,0.08632,0.05244,-12.09503,-7.43071,5.01725,-1.28939,0.98026,-38.56568
20260926-133259,20260926-133259-5,0,58561.517,0.74778,0.12093,0.55891,0.31273,-0.16132,0.5149,0.09095,0.10274,0.06074,0.05999,0.71131,0.00116,0.00195,0.72461,0.02157,0.00616,0.08661,0.05286,-12.09262,-7.42843,5.03365,-1.28838,0.97672,-38.56945
20260926-133259,20260926-133259-5,0,58561.549,0.74797,0.11989,0.5587,0.31303,-0.1608,0.51517,0.08877,0.10091,0.06217,0.06118,0.70933,0.00117,0.00197,0.72248,0.02165,0.00612,0.08433,0.05356,-12.10889,-7.44323,5.05761,-1.2867,0.97229,-38.57191
20260926-133259,20260926-133259-5,0,58561.56,0.74805,0.11974,0.55915,0.31324,-0.16071,0.51561,0.08846,0.10076,0.06239,0.06123,0.7082,0.00118,0.00199,0.72139,0.02159,0.00607,0.08325,0.05355,-12.11537,-7.44053,5.06342,-1.28616,0.97139,-38.57332
20260926-133259,20260926-133259-5,0,58561.58,0.74791,0.1192,0.55936,0.31379,-0.16034,0.51541,0.08753,0.09998,0.0631,0.06194,0.7057,0.00119,0.00202,0.7187,0.02165,0.00606,0.08314,0.05362,-12.11962,-7.42363,5.06536,-1.28622,0.97099,-38.57339
20260926-133259,20260926-133259-5,0,58561.615,0.74792,0.11853,0.55753,0.31439,-0.15993,0.51358,0.08544,0.09771,0.06468,0.06357,0.70335,0.0012,0.00205,0.71567,0.02245,0.00633,0.0842,0.05533,-12.12756,-7.45934,5.10748,-1.28506,0.96549,-38.57741
20260926-133259,20260926-133259-5,0,58561.646,0.74581,0.1202,0.55287,0.32047,-0.15947,0.51276,0.08527,0.09779,0.06526,0.06397,0.68699,0.00129,0.00229,0.69839,0.02285,0.00715,0.08563,0.05979,-12.1284,-7.4959,5.13862,-1.28523,0.96199,-38.58463
20260926-133259,20260926-133259-5,0,58561.679,0.74311,0.12277,0.54972,0.32996,-0.15905,0.51207,0.08639,0.09965,0.06525,0.06357,0.66133,0.00143,0.00271,0.67208,0.02311,0.00789,0.08793,0.06357,-12.12057,-7.51483,5.15029,-1.28635,0.95894,-38.59384
20260926-133259,20260926-133259-5,0,58561.711,0.74335,0.12606,0.54741,0.3312,-0.16149,0.50962,0.08993,0.10355,0.06269,0.0607,0.65808,0.00145,0.00277,0.66873,0.02464,0.00863,0.09095,0.06884,-12.14838,-7.70699,5.18549,-1.28448,0.94529,-38.61846
20260926-133259,20260926-133259-5,0,58561.741,0.7414,0.12666,0.54737,0.33524,-0.16125,0.50977,0.08983,0.1036,0.06311,0.06099,0.6448,0.00154,0.003,0.65481,0.02461,0.00873,0.09181,0.06929,-12.14846,-7.71081,5.18496,-1.28549,0.94463,-38.62223
20260926-133259,20260926-133259-5,0,58561.806,0.73873,0.12863,0.54752,0.34129,-0.16259,0.50867,0.09146,0.10587,0.06216,0.05946,0.62176,0.00169,0.00342,0.63106,0.02577,0.00897,0.0923,0.07166,-12.18042,-7.76131,5.2245,-1.28605,0.93758,-38.63225
20260926-133259,20260926-133259-5,0,58561.836,0.71933,0.1328,0.5499,0.37105,-0.16107,0.50826,0.09198,0.10799,0.06384,0.06037,0.49893,0.00291,0.0062,0.50357,0.02457,0.00941,0.09525,0.07228,-12.21707,-7.69391,5.20968,-1.28576,0.93724,-38.64498
20260926-133259,20260926-133259-5,0,58561.885,0.69144,0.14281,0.55798,0.40049,-0.16439,0.50789,0.10038,0.11736,0.06032,0.05648,0.35027,0.00602,0.0118,0.35119,0.02379,0.01006,0.0969,0.07321,-12.33729,-7.75445,5.1791,-1.28005,0.92541,-38.68998
20260926-133259,20260926-133259-5,0,58561.918,0.68623,0.14809,0.56149,0.41429,-0.16674,0.50741,0.10957,0.12633,0.05578,0.05197,0.30164,0.00746,0.01509,0.30646,0.02363,0.0103,0.09887,0.07099,-12.36882,-7.76343,5.1715,-1.2798,0.92175,-38.7035
20260926-133259,20260926-133259-5,0,58561.943,0.68411,0.15166,0.56395,0.41836,-0.16882,0.50711,0.11622,0.13279,0.05256,0.04887,0.28566,0.0081,0.01622,0.29226,0.02365,0.01042,0.10025,0.06967,-12.39969,-7.78381,5.16681,-1.27885,0.91824,-38.71512
20260926-133259,20260926-133259-5,0,58561.961,0.68357,0.15439,0.56614,0.42118,-0.17004,0.50711,0.12161,0.13826,0.05033,0.04662,0.27581,0.00852,0.01705,0.28345,0.02356,0.01047,0.10095,0.06862,-12.42514,-7.80611,5.16633,-1.27776,0.91515,-38.72591
20260926-133259,20260926-133259-5,0,58561.98,0.68458,0.15777,0.56824,0.42369,-0.173,0.50707,0.13033,0.14673,0.04687,0.04333,0.27075,0.0087,0.01758,0.27925,0.02374,0.01059,0.10269,0.06737,-12.47234,-7.83262,5.14767,-1.27456,0.91147,-38.73472
20260926-133259,20260926-133259-5,0,58562.015,0.68783,0.16288,0.56985,0.42513,-0.17774,0.50714,0.14432,0.16066,0.04193,0.03838,0.27351,0.00846,0.01746,0.28308,0.02422,0.01094,0.10492,0.06641,-12.51553,-7.8482,5.11604,-1.27148,0.90792,-38.74577
20260926-133259,20260926-133259-5,0,58562.045,0.68442,0.16581,0.57172,0.42978,-0.17973,0.50731,0.15302,0.16899,0.03946,0.03611,0.25459,0.00941,0.01906,0.2658,0.02416,0.01108,0.10597,0.0651,-12.53035,-7.84626,5.0979,-1.27012,0.90505,-38.75768
20260926-133259,20260926-133259-5,0,58562.078,0.65632,0.16853,0.57216,0.45185,-0.1797,0.50283,0.15616,0.16889,0.03919,0.03654,0.14791,0.01918,0.03269,0.17376,0.02607,0.01216,0.10949,0.06908,-12.55925,-7.83347,5.07412,-1.27017,0.89908,-38.76976
20260926-133259,20260926-133259-5,0,58562.11,0.64371,0.16953,0.57178,0.4652,-0.17971,0.5007,0.15802,0.17012,0.03837,0.03603,0.09789,0.02887,0.0463,0.12985,0.0277,0.01285,0.1111,0.07115,-12.55865,-7.81491,5.05458,-1.27351,0.89475,-38.77228
20260926-133259,20260926-133259-5,0,58562.143,0.63609,0.1708,0.57382,0.47313,-0.18013,0.49943,0.16058,0.17262,0.03775,0.03533,0.07613,0.03668,0.05674,0.10907,0.02985,0.01321,0.11243,0.07392,-12.56566,-7.76924,5.03877,-1.27816,0.88949,-38.77132
20260926-133259,20260926-133259-5,0,58562.209,0.62957,0.17249,0.57662,0.47969,-0.18031,0.49838,0.16526,0.17709,0.03656,0.03399,0.06111,0.04501,0.06746,0.09363,0.03226,0.01361,0.11468,0.07722,-12.6072,-7.64253,5.00879,-1.28686,0.88612,-38.77255
20260926-133259,20260926-133259-5,0,58562.254,0.62439,0.17337,0.57731,0.48453,-0.18027,0.49719,0.16691,0.17878,0.03612,0.03352,0.05143,0.05268,0.0768,0.08275,0.03356,0.01398,0.1159,0.07962,-12.65208,-7.57,4.99103,-1.29294,0.88451,-38.76036
20260926-133259,20260926-133259-5,0,58562.287,0.62051,0.17289,0.57728,0.4906,-0.17906,0.49679,0.16733,0.17859,0.03611,0.03367,0.04308,0.06132,0.08775,0.0736,0.03381,0.01412,0.11687,0.08022,-12.66641,-7.47586,4.95756,-1.29668,0.88772,-38.75261
20260926-133259,20260926-133259-5,0,58562.31,0.6174,0.173,0.5771,0.49378,-0.17884,0.4963,0.16887,0.1796,0.03578,0.03345,0.03863,0.06742,0.09499,0.06813,0.0341,0.01427,0.11768,0.08093,-12.67643,-7.44004,4.93802,-1.29808,0.88725,-38.74341
20260926-133259,20260926-133259-5,0,58562.329,0.61592,0.17313,0.57721,0.49574,-0.17878,0.49643,0.1709,0.18137,0.03533,0.03302,0.03657,0.07074,0.0988,0.0655,0.03418,0.01437,0.11828,0.08159,-12.68809,-7.38941,4.92058,-1.30014,0.88771,-38.73766
20260926-133259,20260926-133259-5,0,58562.35,0.61469,0.17358,0.57751,0.49896,-0.17905,0.49678,0.17505,0.18511,0.03442,0.03219,0.03414,0.07487,0.10382,0.06261,0.03413,0.01441,0.11886,0.08232,-12.69958,-7.33844,4.89884,-1.30323,0.8878,-38.7361
20260926-133259,20260926-133259-5,0,58562.38,0.61472,0.17421,0.57776,0.50179,-0.17989,0.49708,0.18092,0.19034,0.03321,0.03109,0.03277,0.07723,0.10712,0.06127,0.03416,0.01448,0.11982,0.08252,-12.70295,-7.30051,4.87273,-1.30764,0.88655,-38.7326
20260926-133259,20260926-133259-5,0,58562.412,0.61377,0.17481,0.57711,0.50458,-0.18021,0.49661,0.18402,0.19308,0.03259,0.03053,0.03101,0.08081,0.11145,0.05913,0.03464,0.01478,0.12201,0.08349,-12.70094,-7.26232,4.8589,-1.31259,0.88677,-38.7276
20260926-133259,20260926-133259-5,0,58562.444,0.61191,0.1748,0.57666,0.50644,-0.18025,0.4968,0.18486,0.1936,0.03239,0.03039,0.02919,0.08493,0.11609,0.05668,0.03457,0.01482,0.12164,0.08379,-12.69767,-7.2419,4.84871,-1.31671,0.88614,-38.72142
20260926-133259,20260926-133259-5,0,58562.477,0.60869,0.17458,0.57603,0.50876,-0.17977,0.49675,0.18331,0.19193,0.03265,0.03063,0.02624,0.09263,0.12518,0.05279,0.03491,0.01489,0.12083,0.08477,-12.69968,-7.21388,4.85644,-1.32222,0.88651,-38.72165
20260926-133259,20260926-133259-5,0,58562.511,0.57381,0.17358,0.57693,0.52841,-0.17741,0.49786,0.17388,0.18171,0.03367,0.03264,0.01054,0.19655,0.21515,0.02608,0.03378,0.01507,0.11521,0.08611,-12.71346,-7.21963,4.81754,-1.3259,0.88513,-38.74729
20260926-133259,20260926-133259-5,0,58562.542,0.50179,0.17442,0.57734,0.5844,-0.16788,0.48805,0.15715,0.16253,0.03681,0.03769,0.00228,0.52062,0.5061,0.00537,0.03575,0.01731,0.12267,0.10047,-12.82123,-7.26582,4.74709,-1.32011,0.88229,-38.79382
20260926-133259,20260926-133259-5,0,58562.621,0.47294,0.17593,0.57856,0.61189,-0.16459,0.48492,0.1555,0.15851,0.03725,0.03959,0.00125,0.66241,0.64864,0.00281,0.03797,0.02012,0.1311,0.11228,-12.92939,-7.4213,4.69082,-1.31546,0.87337,-38.85019
20260926-133259,20260926-133259-5,0,58562.654,0.47235,0.17516,0.57767,0.61602,-0.1634,0.48531,0.15325,0.15639,0.03788,0.04051,0.00114,0.67576,0.66131,0.00275,0.03825,0.0208,0.13211,0.11607,-12.95764,-7.42611,4.68421,-1.31474,0.87418,-38.85942
20260926-133259,20260926-133259-5,0,58562.677,0.47225,0.1747,0.57745,0.61777,-0.16294,0.48558,0.15259,0.15573,0.03807,0.04091,0.00109,0.68116,0.66648,0.00272,0.03828,0.02121,0.13268,0.11817,-12.97389,-7.42243,4.67553,-1.31407,0.87497,-38.86499
20260926-133259,20260926-133259-5,0,58562.696,0.47508,0.1746,0.57718,0.61776,-0.16282,0.48602,0.15194,0.15519,0.03825,0.04113,0.00109,0.67669,0.66113,0.00288,0.03851,0.02148,0.13292,0.11819,-12.98576,-7.44582,4.6743,-1.31414,0.87466,-38.86539
20260926-133259,20260926-133259-5,0,58562.718,0.4777,0.17375,0.57727,0.61836,-0.1623,0.48691,0.15011,0.15347,0.03878,0.04179,0.00107,0.67418,0.65771,0.00303,0.03838,0.02155,0.13208,0.11812,-12.9904,-7.44707,4.65862,-1.31453,0.87582,-38.86483
20260926-133259,20260926-133259-5,0,58562.749,0.48113,0.17193,0.57839,0.61833,-0.16144,0.48881,0.14778,0.15134,0.03935,0.04278,0.00106,0.6693,0.65215,0.00323,0.03744,0.02114,0.13048,0.11567,-12.9883,-7.47103,4.63554,-1.31522,0.87939,-38.86492
20260926-133259,20260926-133259-5,0,58562.784,0.48295,0.17156,0.58118,0.61804,-0.16192,0.49123,0.14583,0.15,0.0396,0.04335,0.00105,0.66575,0.64746,0.00338,0.03674,0.02066,0.12817,0.10986,-12.95539,-7.60418,4.64528,-1.31643,0.88277,-38.86107
20260926-133259,20260926-133259-5,0,58562.815,0.48496,0.17181,0.58581,0.61713,-0.16265,0.495,0.14686,0.1517,0.03888,0.04323,0.00108,0.65734,0.6394,0.0036,0.035,0.01968,0.12682,0.09964,-12.84211,-7.71727,4.70137,-1.31855,0.89561,-38.85899
20260926-133259,20260926-133259-5,0,58562.847,0.48575,0.16903,0.5916,0.61646,-0.15884,0.49971,0.13681,0.14269,0.04156,0.04697,0.00108,0.65428,0.63593,0.0037,0.03203,0.01805,0.12096,0.08893,-12.74552,-7.81798,4.79583,-1.31793,0.90966,-38.85023
20260926-133259,20260926-133259-5,0,58562.876,0.48733,0.16736,0.59363,0.61735,-0.15605,0.50253,0.13369,0.13996,0.04272,0.04838,0.00108,0.65257,0.63407,0.00378,0.03002,0.01717,0.11641,0.0844,-12.69919,-7.80544,4.86902,-1.31348,0.92521,-38.83815
20260926-133259,20260926-133259-5,0,58562.91,0.48607,0.16573,0.59462,0.61709,-0.15449,0.50475,0.13079,0.13684,0.04385,0.04955,0.00107,0.65611,0.6382,0.00367,0.02891,0.0167,0.10972,0.08254,-12.71035,-7.78465,4.95599,-1.30061,0.93508,-38.80109
20260926-133259,20260926-133259-5,0,58562.94,0.48379,0.16486,0.59373,0.6182,-0.15383,0.50378,0.12968,0.13584,0.04436,0.05005,0.00105,0.66437,0.64709,0.00342,0.02882,0.01679,0.10676,0.08235,-12.74968,-7.73699,4.95035,-1.27172,0.93745,-38.73563
20260926-133259,20260926-133259-5,0,58563.024,0.47584,0.16597,0.59556,0.62018,-0.15245,0.50447,0.13266,0.13737,0.04288,0.04918,0.00109,0.67583,0.66035,0.00287,0.02596,0.0179,0.10483,0.08385,-12.90127,-7.60572,4.67437,-1.16078,0.91986,-38.52509
20260926-133259,20260926-133259-5,0,58563.043,0.47894,0.16581,0.59417,0.62156,-0.15234,0.50499,0.13423,0.13897,0.04296,0.04889,0.00113,0.66622,0.64928,0.0031,0.02608,0.01799,0.10683,0.08457,-12.87833,-7.64813,4.68106,-1.14928,0.91432,-38.4953
20260926-133259,20260926-133259-5,0,58563.061,0.47865,0.16617,0.59454,0.62026,-0.15299,0.50489,0.13738,0.14211,0.04216,0.04801,0.00118,0.66357,0.64668,0.00305,0.02614,0.01837,0.11055,0.08641,-12.92879,-7.61134,4.54851,-1.12379,0.90089,-38.45506
20260926-133259,20260926-133259-5,0,58563.084,0.48437,0.1654,0.58981,0.62085,-0.14973,0.50345,0.1385,0.1459,0.04332,0.04762,0.00121,0.65505,0.6362,0.00331,0.02742,0.01888,0.11821,0.09992,-13.0206,-7.38407,4.36762,-1.0986,0.88094,-38.42842
20260926-133259,20260926-133259-5,0,58563.117,0.50286,0.132,0.5234,0.61364,-0.12055,0.45679,0.06487,0.06701,0.1071,0.11175,0.00154,0.59755,0.57244,0.00475,0.05609,0.04155,0.17229,0.18801,-13.01288,-7.328,4.21448,-1.08561,0.78359,-38.53701
20260926-133259,20260926-133259-5,0,58563.151,0.52523,0.07826,0.43508,0.58733,-0.07054,0.37848,0.01893,0.01945,0.32492,0.33043,0.00314,0.45451,0.4337,0.00849,0.16145,0.11186,0.22846,0.30153,-13.07135,-7.44156,4.16634,-1.06861,0.66658,-38.68988
20260926-133259,20260926-133259-5,0,58563.18,0.5464,0.05105,0.38493,0.58136,-0.04499,0.34409,0.01143,0.01139,0.46576,0.48024,0.00408,0.38162,0.36965,0.01353,0.22696,0.18187,0.2314,0.30215,-13.16297,-7.46233,4.20167,-1.04163,0.56418,-38.85094
20260926-133259,20260926-133259-5,0,58563.211,0.56183,0.04278,0.35609,0.57646,-0.03553,0.31361,0.01011,0.00988,0.51038,0.52463,0.00603,0.31141,0.30892,0.0188,0.2817,0.23985,0.26209,0.30472,-13.19337,-6.96676,4.21533,-1.01918,0.49493,-38.94488
20260926-133259,20260926-133259-6,0,58565.629,0.58723,0.17579,0.55519,0.53985,-0.17417,0.49014,0.25246,0.25567,0.02221,0.0213,0.0117,0.17667,0.2075,0.03075,0.04186,0.02556,0.21331,0.17583,-13.74711,-5.07567,4.91031,-1.15518,0.47711,-38.33474
20260926-133259,20260926-133259-6,0,58565.662,0.58951,0.17594,0.55436,0.5391,-0.17555,0.49004,0.25656,0.25888,0.02166,0.02077,0.01221,0.16934,0.20241,0.032,0.04204,0.02535,0.21624,0.17492,-13.69102,-5.01001,4.86974,-1.1639,0.46385,-38.30977
20260926-133259,20260926-133259-6,0,58565.696,0.59537,0.17734,0.55362,0.53669,-0.1782,0.48886,0.26458,0.26589,0.0209,0.01984,0.01376,0.15302,0.1899,0.03517,0.04427,0.02567,0.22245,0.17412,-13.66416,-4.95599,4.83935,-1.18105,0.45688,-38.28258
20260926-133259,20260926-133259-6,0,58565.728,0.59551,0.17755,0.5529,0.53443,-0.17971,0.48768,0.26243,0.26276,0.02093,0.01994,0.01411,0.14944,0.18761,0.03591,0.04624,0.02603,0.2247,0.17274,-13.66957,-4.93484,4.86831,-1.21,0.45255,-38.25983
20260926-133259,20260926-133259-6,0,58565.761,0.59877,0.17657,0.55161,0.53326,-0.17961,0.48629,0.25977,0.25923,0.02114,0.02033,0.01482,0.14134,0.18247,0.0379,0.04652,0.02605,0.2275,0.16936,-13.67186,-4.906,4.89439,-1.23994,0.45168,-38.2434
20260926-133259,20260926-133259-6,0,58565.794,0.59956,0.17782,0.55188,0.53251,-0.18025,0.48463,0.26325,0.26148,0.02068,0.01998,0.0144,0.14381,0.18491,0.03728,0.04656,0.02653,0.22707,0.16916,-13.75074,-4.86841,4.91925,-1.26794,0.45093,-38.23389
20260926-133259,20260926-133259-6,0,58565.824,0.60048,0.17745,0.55039,0.5334,-0.18027,0.4831,0.26362,0.26065,0.02056,0.02006,0.01421,0.14376,0.18646,0.03755,0.04725,0.02718,0.23025,0.16932,-13.79475,-4.85637,4.93639,-1.29307,0.45014,-38.23445
20260926-133259,20260926-133259-6,0,58565.852,0.59982,0.17617,0.55016,0.53446,-0.17999,0.48257,0.2628,0.25904,0.02061,0.02041,0.01383,0.14698,0.19017,0.03703,0.04746,0.02752,0.23283,0.16806,-13.85079,-4.85229,4.97719,-1.31394,0.4493,-38.22969
20260926-133259,20260926-133259-6,0,58565.886,0.59913,0.17534,0.54933,0.53548,-0.17976,0.48233,0.26229,0.25811,0.02071,0.0206,0.01357,0.14897,0.19214,0.03669,0.04767,0.02759,0.23439,0.16804,-13.86257,-4.84749,5.01763,-1.3334,0.44832,-38.22723
20260926-133259,20260926-133259-6,0,58565.934,0.59752,0.17623,0.54959,0.53721,-0.17989,0.48249,0.26414,0.26024,0.02051,0.02023,0.01272,0.15632,0.19823,0.03507,0.04778,0.02748,0.23088,0.1682,-13.91024,-4.89055,5.0471,-1.35014,0.44388,-38.23735
20260926-133259,20260926-133259-6,0,58565.966,0.59722,0.17682,0.54905,0.53733,-0.17985,0.48179,0.26382,0.2595,0.02048,0.02017,0.0125,0.15713,0.20003,0.03502,0.04809,0.02792,0.22997,0.16965,-13.96534,-4.94844,5.06001,-1.36004,0.44032,-38.24727
20260926-133259,20260926-133259-6,0,58565.999,0.59814,0.17703,0.54831,0.53739,-0.17949,0.48075,0.26385,0.25954,0.02047,0.02011,0.01247,0.15582,0.20025,0.03541,0.04829,0.02809,0.22913,0.16955,-14.03902,-5.00215,5.07361,-1.36312,0.4374,-38.25414
20260926-133259,20260926-133259-6,0,58566.033,0.59915,0.17722,0.54735,0.53675,-0.1795,0.47948,0.263,0.2584,0.02054,0.02007,0.01241,0.15435,0.20114,0.03597,0.04887,0.02817,0.22494,0.16991,-14.20309,-5.1533,5.09932,-1.36069,0.43038,-38.26062
20260926-133259,20260926-133259-6,0,58566.06,0.59909,0.1768,0.5472,0.53681,-0.17917,0.47892,0.26146,0.25681,0.02083,0.02032,0.01246,0.1539,0.20151,0.03621,0.04976,0.02824,0.2241,0.16925,-14.25413,-5.18886,5.11822,-1.36016,0.43152,-38.26354
20260926-133259,20260926-133259-6,0,58566.094,0.60015,0.17642,0.54695,0.53712,-0.17895,0.47851,0.25864,0.25456,0.0213,0.02067,0.01283,0.15077,0.19874,0.03688,0.05041,0.02816,0.22186,0.16617,-14.2954,-5.24545,5.13915,-1.35884,0.43442,-38.26299
20260926-133259,20260926-133259-6,0,58566.127,0.59971,0.17558,0.54665,0.53769,-0.17808,0.47856,0.25327,0.24955,0.022,0.02143,0.01287,0.15089,0.19845,0.03693,0.05018,0.02823,0.21862,0.16324,-14.3536,-5.4043,5.1772,-1.35597,0.43326,-38.26726
20260926-133259,20260926-133259-6,0,58566.159,0.59937,0.175,0.54735,0.53773,-0.17759,0.48012,0.24446,0.24107,0.02305,0.02263,0.01294,0.15073,0.19827,0.03699,0.04889,0.02801,0.2092,0.15742,-14.39773,-5.60455,5.20644,-1.35392,0.43609,-38.27553
20260926-133259,20260926-133259-6,0,58566.192,0.59863,0.1724,0.54736,0.5381,-0.17523,0.47898,0.22688,0.22495,0.02536,0.0252,0.01299,0.15132,0.19852,0.03695,0.04977,0.02786,0.20804,0.15001,-14.41744,-5.76761,5.24117,-1.35364,0.44572,-38.27767
20260926-133259,20260926-133259-6,0,58566.224,0.57165,0.17811,0.53937,0.55563,-0.17565,0.47174,0.22715,0.22459,0.02501,0.02505,0.00678,0.24569,0.26992,0.02263,0.05532,0.0353,0.21748,0.18331,-14.39526,-5.91184,5.22839,-1.35182,0.46804,-38.27315
20260926-133259,20260926-133259-6,0,58566.255,0.51669,0.18601,0.54696,0.60065,-0.17333,0.47074,0.22602,0.22208,0.02471,0.02567,0.00183,0.5257,0.4994,0.00708,0.05366,0.03771,0.21648,0.19654,-14.46739,-6.05242,5.12505,-1.33775,0.49275,-38.28356
20260926-133259,20260926-133259-6,0,58566.304,0.50093,0.18998,0.55409,0.62033,-0.17427,0.47503,0.22666,0.22224,0.02401,0.02543,0.00116,0.61734,0.59385,0.00489,0.05115,0.03681,0.2061,0.18858,-14.50898,-6.32071,5.07632,-1.32687,0.51292,-38.28883
20260926-133259,20260926-133259-6,0,58566.336,0.49946,0.18837,0.55766,0.62236,-0.17246,0.47813,0.21873,0.21593,0.02477,0.0264,0.00108,0.62953,0.60705,0.00468,0.04727,0.03446,0.19433,0.17906,-14.49805,-6.32627,5.05261,-1.32695,0.54171,-38.29764
20260926-133259,20260926-133259-6,0,58566.366,0.50346,0.18463,0.56626,0.62119,-0.16989,0.48328,0.2143,0.2135,0.02539,0.02684,0.00106,0.62612,0.60345,0.00486,0.04232,0.02809,0.17826,0.15918,-14.49357,-6.30092,4.99279,-1.327,0.56271,-38.30947
20260926-133259,20260926-133259-6,0,58566.399,0.5096,0.18118,0.5731,0.61901,-0.16724,0.48743,0.20963,0.21035,0.02608,0.0275,0.00108,0.61432,0.59055,0.00529,0.03877,0.02397,0.16486,0.14285,-14.48899,-6.27405,4.94351,-1.32898,0.57923,-38.32238
20260926-133259,20260926-133259-6,0,58566.43,0.51251,0.18059,0.57589,0.61691,-0.16678,0.48966,0.20946,0.21093,0.026,0.02727,0.00111,0.6055,0.58089,0.0055,0.03782,0.02279,0.1568,0.13565,-14.48399,-6.27585,4.93961,-1.33283,0.58652,-38.34378
20260926-133259,20260926-133259-6,0,58566.46,0.51405,0.17979,0.57494,0.61539,-0.166,0.49011,0.20634,0.20831,0.02649,0.02749,0.00112,0.60169,0.57638,0.00562,0.03782,0.02244,0.15122,0.1359,-14.48498,-6.26894,4.92992,-1.33797,0.59547,-38.36484
20260926-133259,20260926-133259-6,0,58566.495,0.51437,0.17931,0.57702,0.61474,-0.16572,0.49204,0.20517,0.20709,0.02637,0.02754,0.00111,0.60111,0.57603,0.00564,0.03668,0.02169,0.1457,0.13002,-14.46006,-6.27187,4.93318,-1.34335,0.60125,-38.38884
20260926-133259,20260926-133259-6,0,58566.528,0.5043,0.17887,0.57631,0.61665,-0.16529,0.49194,0.20049,0.20217,0.02658,0.02783,0.00102,0.62818,0.60524,0.00464,0.03664,0.02176,0.14123,0.13299,-14.46118,-6.25847,4.89648,-1.34999,0.60769,-38.42856
20260926-133259,20260926-133259-6,0,58566.559,0.49912,0.17927,0.57634,0.61799,-0.1654,0.4919,0.20056,0.20217,0.02634,0.02757,0.00098,0.64226,0.62058,0.00417,0.03662,0.02166,0.14014,0.1331,-14.43686,-6.24391,4.88727,-1.35305,0.61048,-38.43983
20260926-133259,20260926-133259-6,0,58566.592,0.49773,0.17839,0.57749,0.61881,-0.16488,0.49331,0.20103,0.2025,0.02618,0.02757,0.00097,0.64771,0.62676,0.004,0.03537,0.02077,0.13916,0.12913,-14.38818,-6.19737,4.85976,-1.35714,0.6157,-38.45233
20260926-133259,20260926-133259-6,0,58566.642,0.49829,0.1779,0.57747,0.61942,-0.16463,0.49333,0.20322,0.20454,0.02593,0.02742,0.00097,0.64857,0.6276,0.00398,0.03505,0.02056,0.1408,0.12736,-14.34233,-6.14827,4.83955,-1.36337,0.61761,-38.45115
20260926-133259,20260926-133259-6,0,58566.671,0.49743,0.17767,0.57633,0.62031,-0.16401,0.49323,0.20372,0.20535,0.02597,0.02743,0.00096,0.65345,0.63285,0.00382,0.03488,0.02066,0.14166,0.12771,-14.30777,-6.11598,4.82886,-1.3706,0.6186,-38.43679
20260926-133259,20260926-133259-6,0,58566.7,0.49623,0.1772,0.5749,0.62156,-0.162,0.49349,0.20207,0.2042,0.02638,0.02775,0.00095,0.65889,0.63849,0.00368,0.03387,0.02059,0.14256,0.12735,-14.27185,-6.07145,4.81287,-1.37756,0.62029,-38.42825
20260926-133259,20260926-133259-6,0,58566.736,0.49379,0.1759,0.57354,0.62267,-0.16033,0.49348,0.19758,0.20011,0.02705,0.0284,0.00093,0.66528,0.64501,0.00351,0.03311,0.02025,0.14194,0.12793,-14.26259,-6.06289,4.8186,-1.38428,0.61955,-38.42519
20260926-133259,20260926-133259-6,0,58566.765,0.49256,0.17494,0.57349,0.62335,-0.15961,0.4939,0.19566,0.19834,0.02739,0.02881,0.00092,0.6684,0.6484,0.00342,0.03259,0.01985,0.14216,0.12767,-14.24246,-6.04789,4.81344,-1.38839,0.61818,-38.42
20260926-133259,20260926-133259-6,0,58566.798,0.46818,0.17364,0.57437,0.6358,-0.15724,0.49391,0.18595,0.18693,0.02835,0.03071,0.00071,0.73832,0.72303,0.00211,0.03147,0.01963,0.14141,0.12891,-14.22914,-6.05911,4.80349,-1.39153,0.61432,-38.42974
20260926-133259,20260926-133259-6,0,58566.831,0.43619,0.17274,0.57314,0.66807,-0.15156,0.49328,0.17523,0.17439,0.03025,0.03335,0.00038,0.83659,0.82725,0.0011,0.03016,0.01982,0.14168,0.13356,-14.20932,-6.04163,4.78183,-1.39554,0.61409,-38.42846
20260926-133259,20260926-133259-6,0,58566.862,0.42369,0.17188,0.57556,0.68218,-0.14705,0.49797,0.16659,0.16581,0.03216,0.03535,0.00028,0.86806,0.86095,0.00086,0.02709,0.01885,0.12805,0.13238,-14.16768,-6.03709,4.7501,-1.40034,0.6094,-38.4423
20260926-133259,20260926-133259-6,0,58566.894,0.41829,0.17088,0.57582,0.68886,-0.14353,0.49989,0.15992,0.15978,0.03381,0.03699,0.00024,0.88142,0.87525,0.00077,0.02561,0.0186,0.12201,0.13375,-14.13213,-5.98529,4.71981,-1.40409,0.60945,-38.44837
20260926-133259,20260926-133259-6,0,58566.929,0.4142,0.17052,0.57588,0.69406,-0.1421,0.49966,0.15664,0.15651,0.03456,0.03798,0.00022,0.89074,0.88529,0.00071,0.02525,0.01855,0.12138,0.13318,-14.11786,-5.99293,4.70194,-1.40482,0.60771,-38.449
20260926-133259,20260926-133259-6,0,58566.959,0.41228,0.17003,0.5761,0.69535,-0.14159,0.49953,0.154,0.15403,0.03505,0.03865,0.00021,0.89432,0.88911,0.00068,0.02511,0.0183,0.12012,0.13192,-14.08429,-5.97195,4.68684,-1.40756,0.60826,-38.45342
20260926-133259,20260926-133259-6,0,58567.006,0.41208,0.1699,0.57629,0.69538,-0.14115,0.49968,0.15285,0.15309,0.03525,0.03879,0.0002,0.89487,0.8897,0.00068,0.02483,0.01813,0.1182,0.13072,-14.07298,-6.04501,4.68445,-1.40844,0.60286,-38.46716
20260926-133259,20260926-133259-6,0,58567.038,0.41196,0.16958,0.57695,0.69526,-0.14115,0.4996,0.15241,0.15267,0.0353,0.03901,0.0002,0.89499,0.88994,0.00068,0.02483,0.01791,0.1184,0.1282,-14.04393,-6.02486,4.67135,-1.41096,0.60379,-38.46209
20260926-133259,20260926-133259-6,0,58567.068,0.41162,0.1698,0.57912,0.69571,-0.14093,0.49945,0.1508,0.15145,0.03566,0.03934,0.00019,0.89649,0.89168,0.00068,0.02457,0.0173,0.11686,0.12447,-14.03785,-6.09122,4.67298,-1.41027,0.60057,-38.46065
20260926-133259,20260926-133259-6,0,58567.103,0.41253,0.17133,0.57802,0.69366,-0.14288,0.498,0.15402,0.15493,0.0348,0.03817,0.0002,0.89371,0.88886,0.00069,0.02598,0.01784,0.1207,0.1281,-14.025,-6.09297,4.66093,-1.40961,0.60364,-38.45359
20260926-133259,20260926-133259-6,0,58567.134,0.41488,0.1725,0.57935,0.694,-0.14377,0.49846,0.15763,0.1585,0.03396,0.03731,0.0002,0.89142,0.88656,0.00073,0.02603,0.01779,0.12187,0.1275,-13.99992,-6.1201,4.63742,-1.40731,0.60567,-38.45917
20260926-133259,20260926-133259-6,0,58567.17,0.41605,0.17386,0.58101,0.69259,-0.14531,0.49945,0.16171,0.16278,0.03313,0.03621,0.00022,0.88755,0.88268,0.00075,0.02631,0.01758,0.12247,0.1262,-13.96658,-6.11308,4.61339,-1.40403,0.61064,-38.45119
20260926-133259,20260926-133259-6,0,58567.197,0.41676,0.17446,0.5833,0.69122,-0.14633,0.50036,0.1637,0.16481,0.03264,0.03572,0.00022,0.88475,0.8799,0.00077,0.02629,0.01715,0.12275,0.1226,-13.93887,-6.11806,4.59963,-1.40207,0.61407,-38.44196
20260926-133259,20260926-133259-6,0,58567.231,0.41754,0.17441,0.5855,0.69031,-0.14696,0.50077,0.16577,0.16664,0.03215,0.03528,0.00023,0.88353,0.87872,0.00077,0.02604,0.01654,0.12325,0.11882,-13.93501,-6.12021,4.5946,-1.40155,0.61639,-38.44051
20260926-133259,20260926-133259-6,0,58567.262,0.41779,0.17387,0.58647,0.68974,-0.1469,0.50069,0.16519,0.1661,0.03234,0.03551,0.00023,0.88307,0.87829,0.00078,0.02612,0.01624,0.12337,0.11669,-13.93135,-6.12109,4.58523,-1.40173,0.61778,-38.43763
20260926-133259,20260926-133259-6,0,58567.294,0.41804,0.17362,0.58821,0.6894,-0.14705,0.50137,0.16576,0.16669,0.03218,0.03537,0.00023,0.88263,0.87793,0.00078,0.02588,0.01577,0.12255,0.11379,-13.92697,-6.11807,4.57832,-1.40183,0.61846,-38.43606
20260926-133259,20260926-133259-6,0,58567.327,0.43991,0.17378,0.58797,0.67576,-0.14953,0.50163,0.17346,0.17515,0.0309,0.03373,0.0003,0.84631,0.839,0.00117,0.02666,0.01577,0.12301,0.11163,-13.91904,-6.10996,4.58919,-1.40161,0.61903,-38.42992
20260926-133259,20260926-133259-6,0,58567.375,0.53233,0.1756,0.58054,0.60221,-0.16332,0.4997,0.20577,0.21223,0.02628,0.02686,0.00143,0.52715,0.50243,0.00822,0.03208,0.01782,0.13296,0.11497,-13.86696,-6.08458,4.65627,-1.40843,0.61881,-38.3981
20260926-133259,20260926-133259-6,0,58567.408,0.65489,0.17893,0.55905,0.50791,-0.18364,0.4915,0.27099,0.27303,0.01964,0.01896,0.03956,0.04115,0.11122,0.11963,0.04652,0.02674,0.18296,0.13702,-13.87092,-5.9966,4.73785,-1.40998,0.62124,-38.38655
20260926-133259,20260926-133259-6,0,58567.437,0.70517,0.17046,0.53833,0.44373,-0.19477,0.48308,0.26283,0.27038,0.02045,0.01949,0.2569,0.00769,0.02179,0.31456,0.0533,0.02944,0.21537,0.15407,-13.83335,-5.98001,4.87767,-1.41719,0.62266,-38.36209
20260926-133259,20260926-133259-6,0,58567.469,0.72092,0.17062,0.53651,0.40735,-0.20148,0.47958,0.26574,0.27228,0.01996,0.01867,0.41615,0.00435,0.01031,0.42431,0.05716,0.02834,0.22916,0.15318,-13.80906,-6.06633,4.9775,-1.42646,0.61879,-38.34734
20260926-133259,20260926-133259-6,0,58567.503,0.73914,0.16874,0.53279,0.3772,-0.2024,0.47914,0.26701,0.26839,0.01931,0.01818,0.5346,0.0026,0.00572,0.54815,0.05339,0.0277,0.23419,0.14695,-13.85785,-6.1444,5.04063,-1.43532,0.62396,-38.32314
20260926-133259,20260926-133259-6,0,58567.534,0.743,0.16667,0.53219,0.36874,-0.19815,0.4831,0.24974,0.25127,0.02097,0.01994,0.56097,0.00231,0.005,0.57571,0.04474,0.02665,0.22513,0.13981,-14.00548,-6.25616,5.1017,-1.44534,0.62849,-38.27896
20260926-133259,20260926-133259-6,0,58567.564,0.74135,0.16493,0.53483,0.37299,-0.19386,0.48669,0.2284,0.23257,0.0237,0.02277,0.53469,0.00256,0.00577,0.54817,0.03912,0.02546,0.21512,0.13407,-14.19608,-6.3775,5.16807,-1.45924,0.62901,-38.24162
20260926-133259,20260926-133259-6,0,58567.598,0.73782,0.16322,0.53698,0.37913,-0.19009,0.48918,0.21205,0.21866,0.02624,0.02538,0.50142,0.00295,0.00682,0.51319,0.03523,0.02419,0.20782,0.12924,-14.35889,-6.47056,5.22493,-1.47243,0.63204,-38.22977
20260926-133259,20260926-133259-6,0,58567.629,0.73599,0.16291,0.53861,0.3812,-0.18858,0.49013,0.20589,0.21314,0.02738,0.02648,0.4893,0.00312,0.00721,0.50051,0.03363,0.02329,0.20289,0.12584,-14.45512,-6.50535,5.24985,-1.48089,0.63563,-38.23132
20260926-133259,20260926-133259-6,0,58567.66,0.73296,0.16217,0.53926,0.38651,-0.18647,0.48989,0.19812,0.2067,0.02893,0.02803,0.46551,0.00345,0.00819,0.47541,0.03315,0.02309,0.20231,0.12567,-14.50366,-6.52685,5.29267,-1.49054,0.63959,-38.22773
20260926-133259,20260926-133259-6,0,58567.692,0.73058,0.16181,0.53992,0.38881,-0.18601,0.48808,0.19389,0.20306,0.02981,0.02896,0.45233,0.00367,0.00873,0.4617,0.03417,0.02276,0.20641,0.12487,-14.54136,-6.56084,5.32478,-1.49686,0.64009,-38.21994
20260926-133259,20260926-133259-6,0,58567.744,0.72884,0.16188,0.5404,0.39053,-0.18639,0.48712,0.19116,0.2011,0.03034,0.02945,0.44164,0.00384,0.00929,0.45061,0.03539,0.02248,0.20633,0.12511,-14.5731,-6.56152,5.35656,-1.50164,0.64162,-38.21391
20260926-133259,20260926-133259-6,0,58567.774,0.72601,0.16168,0.54058,0.3911,-0.18625,0.48639,0.18798,0.19823,0.03094,0.03004,0.43041,0.00405,0.00974,0.43881,0.03603,0.02214,0.20475,0.12519,-14.60041,-6.577,5.38471,-1.5046,0.64177,-38.21
20260926-133259,20260926-133259-6,0,58567.805,0.72449,0.16162,0.54049,0.39322,-0.18608,0.48618,0.18714,0.19778,0.0312,0.03022,0.42165,0.00421,0.01018,0.42971,0.0362,0.02181,0.20381,0.12509,-14.61737,-6.59207,5.3997,-1.50708,0.64101,-38.20905
20260926-133259,20260926-133259-6,0,58567.839,0.72311,0.16126,0.54063,0.39462,-0.18584,0.48583,0.18569,0.19645,0.03157,0.03062,0.41605,0.00433,0.01044,0.42377,0.03641,0.02151,0.20456,0.12495,-14.62961,-6.61436,5.41032,-1.50841,0.64013,-38.21051
20260926-133259,20260926-133259-6,0,58567.868,0.72307,0.16011,0.53934,0.39387,-0.18603,0.48569,0.18335,0.19378,0.03197,0.0313,0.42021,0.00426,0.01025,0.42773,0.03666,0.02153,0.20432,0.12612,-14.63471,-6.61427,5.42863,-1.51078,0.64036,-38.21108
20260926-133259,20260926-133259-6,0,58567.903,0.74033,0.14179,0.52832,0.36846,-0.17529,0.48187,0.14088,0.15143,0.04255,0.0441,0.53145,0.00264,0.00628,0.5394,0.03658,0.02071,0.20386,0.13183,-14.6183,-6.60932,5.52173,-1.52042,0.63721,-38.21204
20260926-133259,20260926-133259-6,0,58567.935,0.75792,0.1144,0.52362,0.3366,-0.1492,0.47705,0.08098,0.08868,0.0794,0.07911,0.64281,0.00167,0.00355,0.65308,0.03463,0.01617,0.18991,0.12826,-14.60355,-6.615,5.5549,-1.52749,0.62241,-38.23251
20260926-133259,20260926-133259-6,0,58567.967,0.76482,0.09982,0.51925,0.31887,-0.13592,0.47414,0.0612,0.06706,0.10667,0.10267,0.69611,0.00135,0.00257,0.70644,0.03611,0.01515,0.18139,0.13106,-14.56521,-6.52121,5.55737,-1.5362,0.61398,-38.2523
20260926-133259,20260926-133259-6,0,58567.996,0.76859,0.09141,0.51997,0.31631,-0.13067,0.4749,0.0539,0.05805,0.12158,0.11683,0.70819,0.00126,0.00244,0.71814,0.03554,0.01439,0.17397,0.12408,-14.50693,-6.44797,5.54364,-1.54303,0.60068,-38.26661
20260926-133259,20260926-133259-6,0,58568.03,0.76842,0.08968,0.52512,0.31664,-0.13083,0.47821,0.05368,0.05789,0.12153,0.11695,0.70344,0.00128,0.00251,0.71324,0.03437,0.01328,0.164,0.11645,-14.51079,-6.40082,5.53021,-1.54582,0.58408,-38.26815
20260926-133259,20260926-133259-6,0,58568.062,0.76873,0.08944,0.52698,0.31668,-0.13166,0.47935,0.05451,0.0586,0.11936,0.11556,0.70231,0.00128,0.00253,0.71218,0.03359,0.01294,0.16125,0.11345,-14.50978,-6.3631,5.51713,-1.54826,0.57241,-38.2768
20260926-133259,20260926-133259-6,0,58568.113,0.77003,0.08777,0.527,0.31401,-0.13099,0.47966,0.05337,0.05742,0.12127,0.1174,0.70892,0.00124,0.00243,0.71884,0.03315,0.01263,0.1585,0.11219,-14.52482,-6.30068,5.50321,-1.54953,0.56304,-38.2796
20260926-133259,20260926-133259-6,0,58568.144,0.77881,0.08705,0.52684,0.302,-0.12987,0.47774,0.05254,0.05632,0.12223,0.11834,0.74967,0.00099,0.0019,0.76042,0.03513,0.01259,0.16061,0.10742,-14.52666,-6.2027,5.4976,-1.55286,0.56153,-38.28978
20260926-133259,20260926-133259-6,0,58568.161,0.78123,0.08662,0.52676,0.29887,-0.12914,0.47671,0.05184,0.05564,0.12355,0.11935,0.75942,0.00094,0.00179,0.77029,0.03599,0.01258,0.16124,0.10615,-14.53333,-6.17774,5.49178,-1.55371,0.55918,-38.29294
20260926-133259,20260926-133259-6,0,58568.207,0.79273,0.08478,0.52683,0.28668,-0.12704,0.47773,0.05082,0.05376,0.12632,0.12243,0.79819,0.00073,0.00141,0.80933,0.03669,0.01236,0.16067,0.10152,-14.53123,-6.15564,5.47546,-1.56046,0.55162,-38.31184
20260926-133259,20260926-133259-6,0,58568.237,0.79661,0.08362,0.52618,0.28345,-0.12601,0.47677,0.05008,0.05241,0.12846,0.12509,0.80886,0.00068,0.00132,0.81996,0.03708,0.0124,0.16314,0.1,-14.54061,-6.13531,5.46819,-1.5625,0.54983,-38.31996
20260926-133259,20260926-133259-6,0,58568.271,0.79813,0.08363,0.52437,0.28439,-0.12536,0.47541,0.04917,0.05096,0.13105,0.12797,0.81048,0.00066,0.00133,0.82154,0.03807,0.01291,0.16621,0.1004,-14.53748,-6.14202,5.46392,-1.56412,0.54671,-38.32654
20260926-133259,20260926-133259-6,0,58568.301,0.79805,0.08298,0.52287,0.28485,-0.12413,0.47389,0.04799,0.04934,0.13455,0.1316,0.81019,0.00066,0.00134,0.8211,0.03872,0.01327,0.16893,0.10085,-14.54047,-6.15575,5.45966,-1.56432,0.54309,-38.3287
20260926-133259,20260926-133259-6,0,58568.334,0.79806,0.08208,0.52115,0.28568,-0.12258,0.47212,0.0466,0.04769,0.13879,0.13567,0.80964,0.00066,0.00135,0.82047,0.03944,0.01356,0.17201,0.10125,-14.54537,-6.15519,5.45909,-1.56473,0.5411,-38.3367
20260926-133259,20260926-133259-6,0,58568.364,0.79763,0.08255,0.52095,0.28654,-0.12264,0.47166,0.04675,0.04789,0.13837,0.13514,0.80801,0.00067,0.00137,0.81883,0.03987,0.01368,0.17311,0.10137,-14.55411,-6.14845,5.4519,-1.56451,0.54037,-38.34046
20260926-133259,20260926-133259-6,0,58568.397,0.80045,0.08364,0.52061,0.28628,-0.12328,0.47155,0.04753,0.0487,0.13638,0.13321,0.81261,0.00064,0.00135,0.82367,0.04042,0.01386,0.17475,0.10149,-14.55975,-6.14633,5.44664,-1.56481,0.53981,-38.34342
20260926-133259,20260926-133259-6,0,58568.43,0.80209,0.0842,0.52035,0.28691,-0.12374,0.47137,0.04823,0.04939,0.13481,0.13169,0.81441,0.00063,0.00136,0.8256,0.04087,0.01401,0.17704,0.10173,-14.55956,-6.13843,5.4433,-1.56618,0.53977,-38.34826
20260926-133259,20260926-133259-6,0,58568.478,0.80276,0.08456,0.5202,0.28664,-0.1239,0.47124,0.04857,0.0497,0.13413,0.13093,0.81618,0.00062,0.00134,0.82726,0.04141,0.0141,0.1793,0.10174,-14.5612,-6.13358,5.42847,-1.5687,0.5388,-38.35692
20260926-133259,20260926-133259-6,0,58568.511,0.80271,0.08418,0.51712,0.28699,-0.12317,0.46819,0.04728,0.04835,0.13811,0.13417,0.8154,0.00062,0.00136,0.82618,0.04355,0.01489,0.18375,0.10622,-14.57235,-6.15823,5.43811,-1.56901,0.53346,-38.35998
20260926-133259,20260926-133259-6,0,58568.527,0.80249,0.08418,0.51597,0.28708,-0.12282,0.4669,0.0466,0.04769,0.14007,0.13569,0.81439,0.00063,0.00138,0.82505,0.04444,0.01523,0.18429,0.10829,-14.58825,-6.18909,5.4511,-1.56847,0.53039,-38.36264
20260926-133259,20260926-133259-6,0,58568.542,0.80106,0.08347,0.51221,0.28733,-0.12112,0.46381,0.04483,0.04568,0.14596,0.14078,0.81308,0.00064,0.00139,0.82323,0.04699,0.01639,0.18871,0.11371,-14.59327,-6.23552,5.46086,-1.5698,0.52444,-38.36907
20260926-133259,20260926-133259-6,0,58568.609,0.79949,0.07767,0.50591,0.28681,-0.11406,0.45901,0.03836,0.03823,0.17183,0.16435,0.81448,0.00065,0.00138,0.82361,0.04971,0.01781,0.19972,0.1215,-14.58098,-6.30166,5.44409,-1.56995,0.50389,-38.36351
20260926-133259,20260926-133259-6,0,58568.638,0.79935,0.07603,0.50243,0.28584,-0.11127,0.45698,0.03599,0.03574,0.18324,0.17362,0.81723,0.00064,0.00135,0.82576,0.05212,0.01898,0.2018,0.12677,-14.57156,-6.31613,5.41721,-1.57118,0.49221,-38.36653
20260926-133259,20260926-133259-6,0,58568.671,0.79871,0.07384,0.50053,0.2847,-0.10807,0.45469,0.03352,0.03308,0.19602,0.18435,0.81886,0.00064,0.00133,0.82663,0.05408,0.01976,0.20541,0.12983,-14.56053,-6.31469,5.38931,-1.57298,0.47729,-38.3666
20260926-133259,20260926-133259-6,0,58568.703,0.79817,0.07139,0.49921,0.28436,-0.10601,0.45362,0.03193,0.03105,0.20511,0.19332,0.81947,0.00064,0.00132,0.82673,0.05512,0.02042,0.21001,0.13089,-14.5478,-6.31946,5.36683,-1.57444,0.46115,-38.36647
20260926-133259,20260926-133259-6,0,58568.734,0.79753,0.0694,0.50108,0.28379,-0.10504,0.4542,0.03089,0.02977,0.21141,0.19958,0.81935,0.00065,0.00132,0.82629,0.05485,0.02001,0.21013,0.12811,-14.53047,-6.3399,5.36482,-1.5765,0.44493,-38.35926
20260926-133259,20260926-133259-6,0,58568.765,0.79646,0.06878,0.50177,0.28467,-0.10546,0.45431,0.03098,0.02978,0.21153,0.19972,0.8174,0.00066,0.00134,0.82418,0.05487,0.01982,0.21151,0.12753,-14.52272,-6.34482,5.35215,-1.58024,0.4327,-38.3647
20260926-133259,20260926-133259-6,0,58568.798,0.7961,0.06797,0.50238,0.28561,-0.10534,0.45452,0.03117,0.02997,0.21157,0.19942,0.81678,0.00067,0.00135,0.82354,0.05505,0.01954,0.21448,0.12757,-14.52178,-6.32558,5.34026,-1.58292,0.42426,-38.3701
20260926-133259,20260926-133259-6,0,58568.847,0.79601,0.06692,0.49908,0.28614,-0.1043,0.44988,0.03045,0.02912,0.21705,0.20406,0.81717,0.00067,0.00135,0.82365,0.05933,0.0207,0.22508,0.13176,-14.51023,-6.30636,5.30863,-1.5853,0.41295,-38.37503
20260926-133259,20260926-133259-6,0,58568.878,0.79452,0.06559,0.49697,0.28705,-0.10238,0.44705,0.02928,0.02791,0.22523,0.21115,0.8143,0.00069,0.00138,0.82043,0.06162,0.02152,0.22921,0.1332,-14.51058,-6.29577,5.28997,-1.58565,0.4052,-38.37627
20260926-133259,20260926-133259-6,0,58568.894,0.79428,0.06503,0.49584,0.28732,-0.10158,0.44627,0.0288,0.02739,0.22883,0.21442,0.8138,0.00069,0.00138,0.81981,0.0622,0.02195,0.22995,0.13413,-14.51107,-6.29273,5.28217,-1.58579,0.4024,-38.37845
20260926-133259,20260926-133259-6,0,58568.91,0.79356,0.06448,0.49462,0.28791,-0.10045,0.44425,0.0281,0.02674,0.23405,0.21855,0.81221,0.0007,0.0014,0.81809,0.06394,0.02248,0.23249,0.13518,-14.51432,-6.28776,5.27549,-1.58569,0.39737,-38.38025
20260926-133259,20260926-133259-6,0,58568.944,0.79194,0.06392,0.49297,0.28824,-0.09905,0.44256,0.02724,0.02595,0.2409,0.22396,0.80972,0.00072,0.00142,0.81525,0.06601,0.02329,0.23318,0.13733,-14.52582,-6.28773,5.26955,-1.58434,0.38715,-38.3774
20260926-133259,20260926-133259-6,0,58569.006,0.79101,0.06396,0.4946,0.28857,-0.0979,0.44261,0.02691,0.02589,0.24363,0.22549,0.80712,0.00074,0.00144,0.81284,0.06636,0.02278,0.23226,0.13538,-14.53378,-6.22928,5.26027,-1.58511,0.37114,-38.37222
20260926-133259,20260926-133259-6,0,58569.039,0.79073,0.06319,0.49342,0.28904,-0.0969,0.4406,0.0267,0.02579,0.24516,0.22718,0.80568,0.00075,0.00145,0.81153,0.06852,0.0232,0.23563,0.13706,-14.56055,-6.17764,5.25329,-1.58599,0.36563,-38.37257
20260926-133259,20260926-133259-6,0,58569.071,0.79053,0.06369,0.49056,0.29039,-0.09623,0.43709,0.0267,0.0259,0.24635,0.22735,0.80446,0.00075,0.00148,0.81025,0.07331,0.02481,0.24426,0.14366,-14.57663,-6.1351,5.25687,-1.58876,0.3603,-38.37547
20260926-133259,20260926-133259-6,0,58569.103,0.78933,0.06457,0.47484,0.29559,-0.09205,0.41856,0.02563,0.025,0.25625,0.23694,0.80264,0.00077,0.00154,0.80782,0.10274,0.03509,0.27883,0.16682,-14.54093,-6.05224,5.27479,-1.60041,0.34403,-38.40678
20260926-133259,20260926-133259-6,0,58569.134,0.78879,0.0667,0.46894,0.29972,-0.09099,0.41213,0.02533,0.02446,0.26224,0.2423,0.79919,0.00079,0.00164,0.80345,0.1164,0.04147,0.29319,0.17581,-14.56719,-6.02723,5.28967,-1.61003,0.32438,-38.40596
20260926-133259,20260926-133259-6,0,58569.165,0.78797,0.06844,0.46744,0.30407,-0.09116,0.41219,0.02563,0.0246,0.26361,0.2425,0.79334,0.00082,0.00174,0.79703,0.12028,0.04464,0.29278,0.18071,-14.59262,-6.00274,5.30936,-1.62018,0.30528,-38.39523
20260926-133259,20260926-133259-6,0,58569.216,0.78725,0.07023,0.46729,0.30939,-0.09203,0.41275,0.02688,0.02563,0.26074,0.23723,0.78672,0.00086,0.00186,0.78987,0.1204,0.04631,0.30164,0.18501,-14.61242,-5.91843,5.30738,-1.63124,0.28419,-38.40211
20260926-133259,20260926-133259-6,0,58569.248,0.78688,0.07049,0.46725,0.31268,-0.09241,0.41211,0.02796,0.02659,0.25484,0.23265,0.78127,0.0009,0.00195,0.78423,0.11944,0.04683,0.31255,0.18903,-14.61938,-5.82,5.30452,-1.63943,0.27398,-38.40376
20260926-133259,20260926-133259-6,0,58569.262,0.78672,0.07041,0.46639,0.31422,-0.09239,0.41156,0.02816,0.02674,0.25425,0.2324,0.77936,0.00091,0.00198,0.78217,0.11924,0.0474,0.31722,0.1909,-14.62051,-5.77777,5.289,-1.64343,0.2723,-38.39944
20260926-133259,20260926-133259-6,0,58569.28,0.78768,0.07031,0.46642,0.31593,-0.09234,0.411,0.02846,0.02692,0.25338,0.232,0.77948,0.0009,0.00201,0.78207,0.11766,0.04722,0.32648,0.19116,-14.61001,-5.69649,5.28144,-1.6502,0.26608,-38.39328
20260926-133259,20260926-133259-6,0,58569.311,0.78716,0.06914,0.46563,0.31921,-0.09128,0.40914,0.02812,0.02656,0.25782,0.23547,0.77514,0.00093,0.00209,0.77725,0.11712,0.04699,0.33422,0.19487,-14.64112,-5.57015,5.25627,-1.66516,0.26259,-38.36444
20260926-133259,20260926-133259-6,0,58569.344,0.78794,0.06912,0.46578,0.32102,-0.09148,0.40926,0.02858,0.02703,0.25484,0.23267,0.77348,0.00093,0.00215,0.77563,0.11632,0.04674,0.33449,0.19441,-14.66044,-5.51458,5.26807,-1.68514,0.2514,-38.34635
20260926-133259,20260926-133259-6,0,58569.405,0.7887,0.06913,0.46915,0.32085,-0.09314,0.41249,0.0292,0.0277,0.24925,0.22808,0.7706,0.00094,0.00219,0.77352,0.11178,0.04434,0.32566,0.19016,-14.72742,-5.54557,5.27496,-1.70753,0.23566,-38.32056
20260926-133259,20260926-133259-6,0,58569.439,0.78859,0.06912,0.46922,0.32041,-0.09339,0.41332,0.0293,0.02786,0.24806,0.22728,0.76891,0.00095,0.0022,0.77201,0.11076,0.04403,0.32165,0.19122,-14.78689,-5.58778,5.27931,-1.71329,0.22865,-38.30893
20260926-133259,20260926-133259-6,0,58569.472,0.78844,0.06913,0.46961,0.31984,-0.09368,0.41385,0.02942,0.02803,0.2469,0.22604,0.76835,0.00095,0.0022,0.77147,0.11022,0.04376,0.31895,0.19206,-14.81817,-5.59,5.28448,-1.71624,0.22521,-38.30475
20260926-133259,20260926-133259-6,0,58569.501,0.78809,0.0692,0.47055,0.31913,-0.09401,0.41467,0.02947,0.0282,0.24583,0.22485,0.76707,0.00096,0.00221,0.77028,0.10943,0.04301,0.31521,0.19183,-14.85066,-5.60949,5.29704,-1.71899,0.22037,-38.29681
20260926-133259,20260926-133259-6,0,58569.535,0.78711,0.06942,0.4711,0.31819,-0.09461,0.4148,0.02951,0.0284,0.24432,0.22333,0.76354,0.00098,0.00223,0.76655,0.10964,0.04269,0.31203,0.19447,-14.9002,-5.60938,5.31257,-1.72064,0.21494,-38.28456
20260926-133259,20260926-133259-6,0,58569.581,0.78698,0.07006,0.47149,0.31724,-0.09523,0.41536,0.02972,0.02869,0.24205,0.2212,0.76326,0.00098,0.00223,0.76631,0.10992,0.04252,0.30863,0.1953,-14.93262,-5.63517,5.33017,-1.72336,0.20874,-38.28415
20260926-133259,20260926-133259-6,0,58569.615,0.78683,0.07065,0.47159,0.31713,-0.09569,0.41571,0.03,0.029,0.24021,0.21944,0.76324,0.00098,0.00223,0.76634,0.10998,0.04276,0.30769,0.19647,-14.94348,-5.64293,5.3339,-1.72541,0.20568,-38.28088
20260926-133259,20260926-133259-6,0,58569.627,0.78676,0.07077,0.47162,0.31708,-0.0958,0.41576,0.0301,0.02911,0.23959,0.21885,0.7633,0.00098,0.00222,0.76641,0.11,0.04278,0.30776,0.19691,-14.94763,-5.64421,5.3341,-1.72607,0.2047,-38.27848
20260926-133259,20260926-133259-6,0,58569.648,0.78678,0.07081,0.47163,0.31677,-0.09584,0.416,0.03016,0.02918,0.23895,0.21834,0.7635,0.00098,0.00221,0.76664,0.10981,0.04277,0.30701,0.1968,-14.96574,-5.64208,5.33088,-1.7255,0.20371,-38.27356
20260926-133259,20260926-133259-6,0,58569.68,0.78669,0.07083,0.47133,0.31667,-0.09583,0.41573,0.03017,0.02918,0.23878,0.21821,0.7632,0.00098,0.00221,0.76626,0.10995,0.04292,0.30722,0.19744,-15.00167,-5.6391,5.32674,-1.72406,0.20327,-38.2663
20260926-133259,20260926-133259-6,0,58569.711,0.78636,0.07125,0.47095,0.31716,-0.0968,0.4158,0.03068,0.02966,0.23519,0.21535,0.76211,0.00099,0.00222,0.7652,0.11032,0.04318,0.30638,0.19856,-15.01288,-5.6439,5.32916,-1.72365,0.20309,-38.26373
20260926-133259,20260926-133259-6,0,58569.744,0.78293,0.0749,0.46934,0.32271,-0.09947,0.41372,0.03266,0.03197,0.22231,0.20347,0.74488,0.00108,0.00246,0.74771,0.11124,0.04572,0.30519,0.20653,-15.04146,-5.65909,5.32704,-1.71882,0.20362,-38.25015
20260926-133259,20260926-133259-6,0,58569.807,0.76641,0.07982,0.46564,0.34525,-0.10396,0.41046,0.03592,0.03559,0.20611,0.18954,0.66809,0.00161,0.0037,0.66764,0.11326,0.05101,0.30682,0.22535,-15.09215,-5.66753,5.29516,-1.70511,0.20754,-38.23462
20260926-133259,20260926-133259-6,0,58569.838,0.76208,0.08177,0.46394,0.35053,-0.10603,0.41017,0.03747,0.0372,0.1984,0.18324,0.64838,0.00176,0.00404,0.64733,0.11343,0.05307,0.30762,0.23137,-15.10118,-5.66038,5.27429,-1.69829,0.20938,-38.22807
20260926-133259,20260926-133259-6,0,58569.869,0.76001,0.08267,0.46296,0.35176,-0.10686,0.41004,0.03782,0.03749,0.19598,0.18155,0.64067,0.00183,0.00415,0.63941,0.1135,0.05445,0.30721,0.23352,-15.10435,-5.65484,5.24148,-1.68993,0.20969,-38.22315
20260926-133259,20260926-133259-6,0,58569.902,0.75647,0.08231,0.46243,0.35344,-0.10647,0.40935,0.03746,0.03714,0.19684,0.18247,0.62996,0.00193,0.00429,0.62822,0.11322,0.05427,0.30774,0.23378,-15.08717,-5.6405,5.22315,-1.68086,0.2096,-38.21133
20260926-133259,20260926-133259-6,0,58569.95,0.75474,0.08218,0.46167,0.35443,-0.10638,0.40891,0.03727,0.03688,0.19764,0.18314,0.62468,0.00197,0.00439,0.62264,0.1133,0.05441,0.308,0.23475,-15.06459,-5.6156,5.20698,-1.67308,0.21017,-38.20527
20260926-133259,20260926-133259-6,0,58569.98,0.75503,0.08223,0.46184,0.35311,-0.1068,0.40894,0.03753,0.03706,0.19589,0.18185,0.62699,0.00195,0.00432,0.62503,0.1128,0.05415,0.30783,0.23448,-15.0719,-5.61183,5.19095,-1.66779,0.20929,-38.20238
20260926-133259,20260926-133259-6,0,58569.993,0.75532,0.08228,0.46181,0.35252,-0.10701,0.40909,0.03769,0.03719,0.19491,0.18103,0.62884,0.00193,0.00428,0.62702,0.11252,0.05407,0.30712,0.23484,-15.07461,-5.60729,5.18294,-1.66545,0.20884,-38.20295
20260926-133259,20260926-133259-6,0,58570.015,0.75514,0.08229,0.4617,0.35274,-0.10704,0.40911,0.03777,0.03731,0.19443,0.18048,0.62806,0.00193,0.0043,0.62603,0.11247,0.05403,0.30685,0.23593,-15.07202,-5.59561,5.18428,-1.66322,0.20894,-38.20306
20260926-133259,20260926-133259-6,0,58570.045,0.75491,0.08232,0.46169,0.35226,-0.10719,0.40909,0.03786,0.03738,0.19416,0.18006,0.6286,0.00193,0.00427,0.62634,0.11247,0.05403,0.30675,0.23699,-15.07095,-5.58339,5.18615,-1.66009,0.20893,-38.19968
20260926-133259,20260926-133259-6,0,58570.078,0.75473,0.0825,0.46151,0.35158,-0.10736,0.40881,0.03784,0.03741,0.19401,0.17961,0.62986,0.00192,0.00424,0.62743,0.11298,0.05412,0.30574,0.23848,-15.07113,-5.58134,5.19234,-1.65676,0.20804,-38.19769
20260926-133259,20260926-133259-6,0,58570.111,0.75424,0.08269,0.46154,0.35108,-0.10744,0.40856,0.03782,0.03745,0.1938,0.17929,0.62876,0.00193,0.00424,0.6263,0.11308,0.05421,0.30458,0.23908,-15.0739,-5.58241,5.20066,-1.65254,0.20741,-38.19482
20260926-133259,20260926-133259-6,0,58570.144,0.75485,0.08287,0.46141,0.35055,-0.10761,0.40853,0.03794,0.03757,0.19327,0.1787,0.63159,0.0019,0.00419,0.62928,0.11318,0.05431,0.30474,0.23972,-15.07915,-5.58564,5.20741,-1.64897,0.20699,-38.19433
20260926-133259,20260926-133259-6,0,58570.207,0.75451,0.08332,0.46053,0.35098,-0.10762,0.40787,0.03821,0.03792,0.19225,0.1774,0.63062,0.00191,0.00421,0.62799,0.11453,0.0554,0.30611,0.24338,-15.07558,-5.57085,5.21312,-1.64744,0.2059,-38.19361
20260926-133259,20260926-133259-6,0,58570.239,0.72156,0.0833,0.45102,0.40487,-0.10134,0.39695,0.03439,0.03438,0.22108,0.20504,0.41377,0.00495,0.0118,0.40408,0.11973,0.07202,0.3139,0.27873,-15.14541,-5.66728,5.25602,-1.63862,0.19503,-38.24711
20260926-133259,20260926-133259-6,0,58570.271,0.61173,0.07693,0.44785,0.51402,-0.0879,0.38381,0.02911,0.02646,0.25763,0.26314,0.0211,0.11567,0.15613,0.05139,0.13716,0.08738,0.2996,0.30174,-15.19424,-5.69746,5.23036,-1.63756,0.18178,-38.31438
20260926-133259,20260926-133259-6,0,58570.316,0.58186,0.07798,0.44464,0.55015,-0.085,0.37695,0.02907,0.02655,0.2543,0.25854,0.00757,0.23009,0.26485,0.02744,0.15031,0.09465,0.28736,0.31252,-15.22658,-5.65652,5.1502,-1.63716,0.17243,-38.36301
20260926-133259,20260926-133259-6,0,58570.35,0.58232,0.08075,0.44332,0.55641,-0.0854,0.37509,0.03108,0.02888,0.23833,0.24074,0.00658,0.2347,0.28838,0.0273,0.1562,0.09834,0.28032,0.31915,-15.23665,-5.63441,5.12034,-1.63628,0.16195,-38.38963
20260926-133259,20260926-133259-6,0,58570.377,0.58509,0.08402,0.44416,0.55619,-0.08769,0.3758,0.0338,0.03175,0.2217,0.22506,0.00685,0.23122,0.28257,0.02754,0.15825,0.10255,0.27742,0.31714,-15.24754,-5.60789,5.0996,-1.63464,0.15632,-38.413
20260926-133259,20260926-133259-6,0,58570.396,0.58685,0.08585,0.44375,0.55702,-0.08821,0.3754,0.03438,0.03227,0.2173,0.22084,0.00673,0.22539,0.28777,0.02848,0.16037,0.10731,0.27568,0.31475,-15.25382,-5.60861,5.09937,-1.63395,0.15129,-38.42124
20260926-133259,20260926-133259-6,0,58570.411,0.58847,0.08652,0.44394,0.56026,-0.08747,0.37646,0.0345,0.03262,0.21429,0.21621,0.00631,0.21866,0.30244,0.0299,0.15948,0.10642,0.27143,0.3157,-15.24922,-5.60179,5.08463,-1.63523,0.14695,-38.42884
20260926-133259,20260926-133259-6,0,58570.445,0.59187,0.08766,0.44211,0.55983,-0.0877,0.37546,0.03453,0.03276,0.21196,0.21346,0.00653,0.20274,0.30252,0.03256,0.16269,0.11038,0.26898,0.31809,-15.24526,-5.59405,5.07096,-1.6367,0.14104,-38.43064
20260926-133259,20260926-133259-6,0,58570.478,0.5951,0.08876,0.44008,0.5629,-0.08719,0.37444,0.03526,0.0337,0.20617,0.20629,0.00627,0.1894,0.31679,0.03561,0.16304,0.11187,0.26971,0.32533,-15.24038,-5.55206,5.06049,-1.63793,0.13541,-38.43402
20260926-133259,20260926-133259-6,0,58570.512,0.59854,0.08856,0.43722,0.55947,-0.08682,0.37165,0.03517,0.03359,0.20721,0.20758,0.00703,0.17585,0.30151,0.03809,0.16691,0.11554,0.27332,0.32691,-15.23802,-5.52292,5.04508,-1.63873,0.13311,-38.43773
20260926-133259,20260926-133259-6,0,58570.544,0.60208,0.08827,0.43263,0.55661,-0.08591,0.36771,0.03514,0.03354,0.20902,0.20922,0.00798,0.16216,0.28584,0.04097,0.17143,0.11996,0.2809,0.33205,-15.24617,-5.49751,5.03587,-1.63964,0.1284,-38.44438
20260926-133259,20260926-133259-6,0,58570.608,0.60525,0.0875,0.42593,0.55518,-0.08421,0.36203,0.03361,0.03173,0.21917,0.21846,0.00886,0.14846,0.27579,0.04467,0.18106,0.12843,0.28673,0.33575,-15.26232,-5.52477,5.05155,-1.64249,0.11889,-38.45663
20260926-133259,20260926-133259-7,0,58573.55,0.53584,0.13824,0.45615,0.6343,-0.11847,0.40831,0.16531,0.17681,0.04725,0.04571,0.00144,0.57948,0.52963,0.00742,0.13413,0.1057,0.37375,0.47491,-14.7691,0.96809,4.4627,-1.89993,-0.48282,-37.57964
20260926-133259,20260926-133259-7,0,58573.598,0.53612,0.13947,0.45661,0.63513,-0.1193,0.40831,0.16945,0.18086,0.04611,0.04434,0.00145,0.57931,0.52934,0.00742,0.13391,0.10497,0.375,0.47614,-14.78589,0.97443,4.50169,-1.9024,-0.48448,-37.58116
20260926-133259,20260926-133259-7,0,58573.631,0.53736,0.14006,0.45694,0.63445,-0.11984,0.40829,0.17159,0.18287,0.04538,0.04353,0.00147,0.5739,0.52365,0.00764,0.13398,0.10453,0.37626,0.47404,-14.80222,0.98625,4.53243,-1.90193,-0.48505,-37.58566
20260926-133259,20260926-133259-7,0,58573.661,0.54108,0.14083,0.45864,0.63296,-0.12083,0.40895,0.17566,0.18653,0.04436,0.04225,0.00152,0.5617,0.50976,0.00823,0.13428,0.10363,0.37755,0.4712,-14.82947,1.03145,4.58607,-1.89701,-0.48326,-37.586
20260926-133259,20260926-133259-7,0,58573.694,0.54449,0.14108,0.46015,0.63153,-0.12171,0.40904,0.18003,0.19002,0.04338,0.0412,0.00157,0.55018,0.49643,0.0088,0.13456,0.10269,0.3805,0.46825,-14.83396,1.07577,4.65505,-1.88633,-0.48246,-37.58994
20260926-133259,20260926-133259-7,0,58573.727,0.55028,0.14058,0.46006,0.62848,-0.12308,0.40934,0.18492,0.19342,0.04202,0.03999,0.00174,0.52303,0.47238,0.00994,0.13526,0.10285,0.38429,0.46365,-14.78812,1.13819,4.71366,-1.87035,-0.48187,-37.60452
20260926-133259,20260926-133259-7,0,58573.758,0.55522,0.13982,0.46077,0.62384,-0.12465,0.40995,0.18831,0.1958,0.0408,0.03875,0.00206,0.48594,0.44443,0.01105,0.13599,0.10149,0.3853,0.46092,-14.72907,1.18683,4.74533,-1.85182,-0.48261,-37.60856
20260926-133259,20260926-133259-7,0,58573.79,0.56117,0.13924,0.46166,0.61808,-0.12627,0.41072,0.1915,0.19862,0.03955,0.03767,0.00253,0.44112,0.41162,0.01258,0.13563,0.09989,0.38743,0.45433,-14.69206,1.21696,4.78537,-1.82975,-0.48514,-37.62799
20260926-133259,20260926-133259-7,0,58573.821,0.56939,0.13806,0.46086,0.6127,-0.12756,0.41057,0.19478,0.20117,0.03846,0.03684,0.00316,0.39077,0.37775,0.01473,0.13566,0.09896,0.39463,0.44944,-14.65293,1.2276,4.79708,-1.80504,-0.48709,-37.64725
20260926-133259,20260926-133259-7,0,58573.856,0.57583,0.13776,0.45988,0.60948,-0.12884,0.41046,0.19818,0.20378,0.03735,0.03585,0.00363,0.35412,0.35956,0.01672,0.13579,0.09854,0.40014,0.44651,-14.58866,1.25553,4.78984,-1.78128,-0.48765,-37.65341
20260926-133259,20260926-133259-7,0,58573.887,0.57964,0.13764,0.45927,0.60746,-0.12938,0.4102,0.19873,0.20344,0.03679,0.03525,0.00389,0.327,0.35349,0.01857,0.13587,0.09862,0.4027,0.44515,-14.56412,1.24443,4.78299,-1.75529,-0.48898,-37.65617
20260926-133259,20260926-133259-7,0,58573.919,0.58006,0.13756,0.45931,0.60845,-0.12912,0.40988,0.197,0.20164,0.03686,0.03538,0.00382,0.32262,0.3584,0.01891,0.13524,0.09829,0.4024,0.44335,-14.56032,1.23851,4.7783,-1.72889,-0.48929,-37.65831
20260926-133259,20260926-133259-7,0,58573.966,0.57939,0.13774,0.46082,0.60755,-0.12936,0.41033,0.19703,0.2014,0.03668,0.03537,0.00386,0.32429,0.35484,0.01864,0.13464,0.09755,0.40241,0.44121,-14.57245,1.22403,4.75204,-1.70069,-0.49033,-37.6703
20260926-133259,20260926-133259-7,0,58573.998,0.57887,0.13752,0.46118,0.60643,-0.12933,0.41027,0.19681,0.20122,0.03671,0.03555,0.00388,0.32731,0.35176,0.01831,0.13432,0.09758,0.401,0.43978,-14.56394,1.22117,4.72246,-1.68522,-0.48924,-37.68328
20260926-133259,20260926-133259-7,0,58574.031,0.57842,0.13758,0.46228,0.60507,-0.12933,0.41007,0.19591,0.20056,0.03687,0.03577,0.00401,0.32778,0.34422,0.01808,0.1343,0.09748,0.3994,0.43828,-14.53859,1.21828,4.70284,-1.66843,-0.48877,-37.68599
20260926-133259,20260926-133259-7,0,58574.061,0.57867,0.13703,0.46248,0.60409,-0.12903,0.40957,0.19371,0.19854,0.03724,0.03614,0.00404,0.32562,0.34215,0.01812,0.134,0.09682,0.39673,0.43654,-14.52826,1.20745,4.68938,-1.65036,-0.48785,-37.68242
20260926-133259,20260926-133259-7,0,58574.094,0.57879,0.137,0.46282,0.60208,-0.12922,0.40955,0.19478,0.20001,0.03727,0.03615,0.00436,0.32134,0.32876,0.01813,0.13424,0.0966,0.39626,0.43425,-14.49168,1.19564,4.654,-1.63111,-0.48614,-37.67597
20260926-133259,20260926-133259-7,0,58574.129,0.57798,0.13609,0.462,0.60023,-0.1291,0.4095,0.19483,0.20038,0.03735,0.03615,0.00458,0.31489,0.32142,0.01837,0.13469,0.09564,0.39792,0.43541,-14.42666,1.18124,4.59809,-1.61268,-0.48388,-37.67705
20260926-133259,20260926-133259-7,0,58574.157,0.5782,0.13505,0.46098,0.60142,-0.12838,0.40871,0.19029,0.19663,0.03839,0.03743,0.00462,0.31263,0.32101,0.01853,0.13444,0.09528,0.39897,0.43131,-14.33613,1.14844,4.57278,-1.59131,-0.47919,-37.67464
20260926-133259,20260926-133259-7,0,58574.189,0.57852,0.13433,0.4627,0.60454,-0.12788,0.4092,0.18893,0.19503,0.03848,0.03797,0.00443,0.31706,0.32718,0.01837,0.1321,0.09173,0.40524,0.4221,-14.25764,1.17214,4.4969,-1.56905,-0.47061,-37.6812
20260926-133259,20260926-133259-7,0,58574.223,0.57644,0.13546,0.46218,0.60638,-0.12816,0.40947,0.18521,0.19163,0.03912,0.03897,0.00416,0.32664,0.33728,0.0178,0.13271,0.09382,0.40516,0.42417,-14.15848,1.20396,4.39161,-1.54735,-0.46079,-37.67975
20260926-133259,20260926-133259-7,0,58574.254,0.57556,0.13552,0.46152,0.60921,-0.12799,0.4088,0.18573,0.19271,0.03921,0.03928,0.00399,0.33648,0.34405,0.01717,0.1324,0.0938,0.40881,0.42632,-14.0808,1.21666,4.29014,-1.51965,-0.45156,-37.67663
20260926-133259,20260926-133259-7,0,58574.287,0.57452,0.1347,0.46267,0.60868,-0.12777,0.40891,0.18205,0.18968,0.04032,0.04073,0.00412,0.33488,0.34078,0.01709,0.1316,0.0931,0.40873,0.42411,-13.96178,1.20158,4.2154,-1.4913,-0.44345,-37.66381
20260926-133259,20260926-133259-7,0,58574.334,0.57369,0.13348,0.4623,0.60798,-0.12714,0.40839,0.1757,0.18403,0.0421,0.0425,0.00418,0.33361,0.33883,0.01703,0.13219,0.0916,0.40849,0.42575,-13.74872,1.16599,4.10931,-1.46682,-0.43455,-37.6585
20260926-133259,20260926-133259-7,0,58574.365,0.57231,0.13351,0.46118,0.60717,-0.12692,0.40747,0.17306,0.18215,0.04284,0.04294,0.00414,0.33686,0.33903,0.0167,0.13279,0.09094,0.40706,0.42878,-13.59042,1.15517,3.99383,-1.44675,-0.42558,-37.65244
20260926-133259,20260926-133259-7,0,58574.397,0.5708,0.13321,0.45936,0.60464,-0.12678,0.4068,0.17154,0.18136,0.04359,0.04332,0.00427,0.3346,0.33398,0.01666,0.13426,0.09096,0.40714,0.43936,-13.38536,1.19909,3.84067,-1.42376,-0.41162,-37.64141
20260926-133259,20260926-133259-7,0,58574.431,0.56818,0.13341,0.45664,0.60311,-0.12727,0.40612,0.17613,0.18754,0.0431,0.04212,0.0044,0.3366,0.32995,0.0162,0.13559,0.09032,0.41488,0.45665,-13.154,1.26649,3.65033,-1.39345,-0.39208,-37.64587
20260926-133259,20260926-133259-7,0,58574.462,0.56973,0.13299,0.45544,0.60289,-0.12719,0.40546,0.18216,0.19397,0.04197,0.04075,0.00473,0.32558,0.31997,0.01674,0.13517,0.08993,0.4226,0.46424,-12.88124,1.35195,3.44049,-1.36508,-0.37309,-37.64988
20260926-133259,20260926-133259-7,0,58574.495,0.57158,0.13091,0.45303,0.60056,-0.12639,0.40587,0.17901,0.19194,0.0431,0.04174,0.00503,0.3129,0.31101,0.0174,0.13391,0.08886,0.42269,0.46631,-12.51287,1.41522,3.26756,-1.32612,-0.3512,-37.63185
20260926-133259,20260926-133259-7,0,58574.526,0.57314,0.13087,0.45396,0.59785,-0.12663,0.40605,0.17955,0.19225,0.04235,0.04128,0.00536,0.30033,0.30119,0.01806,0.1314,0.08824,0.42259,0.45985,-12.26788,1.45614,3.14036,-1.29608,-0.34089,-37.6337
20260926-133259,20260926-133259-7,0,58574.561,0.57091,0.12877,0.45485,0.59708,-0.12563,0.40688,0.17363,0.18637,0.04379,0.04337,0.00514,0.31055,0.30571,0.01731,0.12866,0.08742,0.42172,0.45623,-12.10875,1.44373,3.0358,-1.26516,-0.33054,-37.62381
20260926-133259,20260926-133259-7,0,58574.591,0.57279,0.13075,0.45581,0.59757,-0.12606,0.40801,0.17663,0.1884,0.04311,0.04247,0.00532,0.30308,0.30091,0.01796,0.1287,0.08934,0.42098,0.45826,-12.01654,1.50408,2.91682,-1.24221,-0.3223,-37.63037
20260926-133259,20260926-133259-7,0,58574.623,0.57635,0.13093,0.45603,0.59779,-0.12614,0.40859,0.17547,0.18582,0.04321,0.04301,0.00553,0.29262,0.29584,0.0189,0.12848,0.09126,0.42124,0.45799,-11.96326,1.46913,2.85043,-1.21786,-0.32185,-37.63757
20260926-133259,20260926-133259-7,0,58574.655,0.57882,0.13068,0.45516,0.59633,-0.12615,0.40832,0.17472,0.18452,0.04327,0.04356,0.00606,0.27612,0.28427,0.02006,0.12764,0.09311,0.42334,0.45448,-11.86991,1.51981,2.79568,-1.19372,-0.3158,-37.62764
20260926-133259,20260926-133259-7,0,58574.7,0.58042,0.1303,0.45552,0.59409,-0.12612,0.40836,0.17307,0.18258,0.04335,0.04416,0.00646,0.26506,0.27611,0.02089,0.1265,0.09417,0.42336,0.45155,-11.75554,1.55156,2.73171,-1.16451,-0.31075,-37.62369
20260926-133259,20260926-133259-7,0,58574.732,0.58333,0.12897,0.45448,0.59399,-0.12587,0.40792,0.17437,0.18304,0.04294,0.04414,0.00678,0.25459,0.26934,0.02185,0.12607,0.09443,0.42745,0.45037,-11.62057,1.58008,2.66795,-1.13842,-0.30774,-37.6213
20260926-133259,20260926-133259-7,0,58574.763,0.5848,0.12858,0.45432,0.59375,-0.12583,0.40781,0.17463,0.18327,0.04292,0.04422,0.00705,0.24814,0.2643,0.02243,0.12547,0.09362,0.42936,0.44747,-11.50228,1.57111,2.59284,-1.10591,-0.30626,-37.60461
20260926-133259,20260926-133259-7,0,58574.796,0.58312,0.12813,0.45355,0.59116,-0.12624,0.40865,0.17353,0.18266,0.04312,0.04445,0.0072,0.24974,0.25969,0.02192,0.12458,0.0928,0.42955,0.44867,-11.26485,1.57348,2.45303,-1.07073,-0.30216,-37.57582
20260926-133259,20260926-133259-7,0,58574.831,0.58446,0.12707,0.45468,0.58452,-0.12709,0.40815,0.1771,0.18652,0.04193,0.04372,0.00843,0.2311,0.24038,0.02305,0.12194,0.08933,0.43798,0.43968,-11.03774,1.47242,2.26539,-1.01901,-0.30279,-37.56031
20260926-133259,20260926-133259-7,0,58574.863,0.584,0.12583,0.45422,0.57692,-0.12783,0.41104,0.17856,0.18852,0.04161,0.04327,0.00983,0.21738,0.22059,0.02382,0.12096,0.08729,0.44108,0.42991,-10.602,1.56663,2.07085,-0.95555,-0.29041,-37.53764
20260926-133259,20260926-133259-7,0,58574.893,0.57953,0.12735,0.45218,0.57576,-0.12788,0.41106,0.18122,0.19256,0.04,0.04105,0.01041,0.21001,0.21079,0.02384,0.12048,0.08348,0.44326,0.4284,-10.09905,1.74748,1.87234,-0.88785,-0.27155,-37.54366
20260926-133259,20260926-133259-7,0,58574.925,0.57989,0.12321,0.44983,0.57703,-0.12637,0.41043,0.1767,0.18732,0.04009,0.04257,0.01136,0.19587,0.20148,0.02499,0.11696,0.07946,0.44717,0.42086,-9.56462,1.88225,1.64463,-0.80589,-0.24929,-37.57453
20260926-133259,20260926-133259-7,0,58574.96,0.58887,0.11907,0.44792,0.57239,-0.12642,0.41413,0.16862,0.18079,0.04177,0.04483,0.01573,0.15027,0.16975,0.03203,0.11621,0.07732,0.44133,0.4367,-9.04692,2.03398,1.38892,-0.71571,-0.22009,-37.62425
20260926-133259,20260926-133259-7,0,58574.989,0.5894,0.11558,0.44989,0.56964,-0.12458,0.41555,0.16146,0.17487,0.04325,0.04659,0.01783,0.13731,0.15613,0.03429,0.11397,0.07117,0.44187,0.42471,-8.67172,2.01333,1.22172,-0.63561,-0.20446,-37.70065
20260926-133259,20260926-133259-7,0,58575.026,0.5942,0.11193,0.44642,0.56462,-0.12034,0.41461,0.14407,0.16014,0.0493,0.05253,0.02192,0.11364,0.13719,0.04098,0.11754,0.07096,0.43021,0.43408,-8.223,1.89272,0.98346,-0.56767,-0.17941,-37.73737
20260926-133259,20260926-133259-7,0,58575.071,0.59644,0.10908,0.44431,0.5632,-0.1162,0.41478,0.12935,0.14605,0.05595,0.05887,0.02421,0.10392,0.12864,0.04438,0.11895,0.06987,0.42394,0.42894,-7.86834,1.91868,0.77095,-0.50127,-0.14565,-37.75886
20260926-133259,20260926-133259-7,0,58575.104,0.59795,0.10689,0.44414,0.56182,-0.11392,0.41677,0.11843,0.13508,0.06162,0.06495,0.02627,0.09759,0.12209,0.04722,0.11998,0.07012,0.41461,0.42051,-7.69792,1.73713,0.60363,-0.44163,-0.1348,-37.79588
20260926-133259,20260926-133259-7,0,58575.133,0.59626,0.10573,0.44448,0.56301,-0.1118,0.41652,0.1111,0.12687,0.06607,0.06955,0.02551,0.0997,0.1238,0.04621,0.12076,0.06827,0.41463,0.414,-7.57648,1.58598,0.44932,-0.38247,-0.12427,-37.81894
20260926-133259,20260926-133259-7,0,58575.168,0.59338,0.10524,0.44749,0.56447,-0.11082,0.41818,0.10802,0.12404,0.06744,0.07079,0.02424,0.10396,0.12777,0.04436,0.11957,0.06406,0.41416,0.40493,-7.47227,1.46551,0.27992,-0.32438,-0.11512,-37.85488
20260926-133259,20260926-133259-7,0,58575.199,0.59165,0.10756,0.44716,0.56282,-0.11178,0.41947,0.11134,0.12852,0.06508,0.06779,0.02495,0.10368,0.12384,0.04367,0.1185,0.06553,0.41349,0.40853,-7.39089,1.50773,0.1113,-0.27104,-0.09922,-37.87096
20260926-133259,20260926-133259-7,0,58575.228,0.59203,0.10701,0.44586,0.56307,-0.11108,0.41969,0.11055,0.12617,0.06583,0.06926,0.02529,0.10187,0.12237,0.04413,0.11749,0.06796,0.4167,0.40784,-7.24585,1.5411,-0.05373,-0.22864,-0.08092,-37.90004
20260926-133259,20260926-133259-7,0,58575.26,0.59381,0.1065,0.44685,0.56195,-0.11124,0.42087,0.11256,0.12841,0.06442,0.06802,0.02698,0.09707,0.11649,0.04555,0.11553,0.06589,0.42195,0.4006,-7.09376,1.57917,-0.18308,-0.18192,-0.06846,-37.94917
20260926-133259,20260926-133259-7,0,58575.292,0.59451,0.10568,0.44796,0.55968,-0.11135,0.42353,0.11104,0.12626,0.06547,0.06912,0.03005,0.08937,0.10767,0.04847,0.11406,0.06528,0.42129,0.39377,-6.95128,1.57807,-0.28147,-0.13218,-0.06144,-37.9528
20260926-133259,20260926-133259-7,0,58575.328,0.59437,0.1052,0.44819,0.56177,-0.11089,0.42309,0.11226,0.12631,0.06451,0.06855,0.02985,0.08791,0.10755,0.04916,0.11224,0.06385,0.42842,0.38466,-6.82147,1.56646,-0.32075,-0.08534,-0.06076,-37.97271
20260926-133259,20260926-133259-7,0,58575.357,0.5936,0.10566,0.44772,0.56061,-0.11191,0.42355,0.11571,0.12832,0.06248,0.06718,0.03032,0.0867,0.10573,0.04935,0.10997,0.06588,0.43653,0.38234,-6.74333,1.57663,-0.41435,-0.04908,-0.06026,-37.95944
20260926-133259,20260926-133259-7,0,58575.39,0.59543,0.10601,0.44829,0.56098,-0.1128,0.42385,0.11797,0.12863,0.06089,0.06677,0.0302,0.08559,0.10635,0.05009,0.10847,0.06763,0.44017,0.37567,-6.7103,1.55213,-0.45994,-0.01293,-0.06563,-37.97531
20260926-133259,20260926-133259-7,0,58575.439,0.59452,0.10607,0.44712,0.55887,-0.11382,0.42494,0.11918,0.12867,0.06052,0.0669,0.03063,0.08601,0.10492,0.04919,0.10782,0.07062,0.44292,0.37506,-6.64656,1.5859,-0.54548,0.01938,-0.06678,-37.97707
20260926-133259,20260926-133259-7,0,58575.469,0.59597,0.10631,0.44708,0.55882,-0.11457,0.42529,0.11953,0.12797,0.06042,0.06722,0.03138,0.08376,0.10353,0.05047,0.10849,0.0722,0.44396,0.37332,-6.59585,1.58837,-0.5707,0.0416,-0.06836,-37.97985
20260926-133259,20260926-133259-7,0,58575.501,0.59577,0.10647,0.44676,0.55945,-0.11456,0.42485,0.12022,0.12828,0.06054,0.06773,0.03009,0.08732,0.1072,0.04897,0.11,0.07425,0.44518,0.37753,-6.57778,1.62279,-0.58895,0.05822,-0.06658,-37.97445
20260926-133259,20260926-133259-7,0,58575.535,0.59686,0.10627,0.44575,0.55941,-0.11429,0.42408,0.1206,0.12841,0.06043,0.06788,0.03123,0.08394,0.10475,0.05085,0.11088,0.07554,0.44572,0.3801,-6.54376,1.64869,-0.6022,0.07323,-0.06687,-37.97219
20260926-133259,20260926-133259-7,0,58575.564,0.60166,0.10591,0.44452,0.5591,-0.11486,0.42303,0.12046,0.12885,0.0602,0.0675,0.03413,0.076,0.09894,0.05588,0.11352,0.07529,0.441,0.38579,-6.53613,1.68668,-0.61105,0.08374,-0.06821,-37.98376
20260926-133259,20260926-133259-7,0,58575.598,0.60527,0.10517,0.43909,0.5598,-0.11359,0.41724,0.1168,0.12467,0.06232,0.06987,0.03595,0.07052,0.09621,0.0604,0.12062,0.08051,0.44247,0.40046,-6.53401,1.73775,-0.60513,0.08972,-0.07161,-38.0006
20260926-133259,20260926-133259-7,0,58575.631,0.60649,0.10161,0.42912,0.56231,-0.10788,0.40997,0.10578,0.11258,0.07027,0.07802,0.03494,0.07097,0.09869,0.06108,0.12972,0.09227,0.44057,0.42494,-6.57278,2.05585,-0.55726,0.09233,-0.08409,-38.01331
20260926-133259,20260926-133259-7,0,58575.665,0.60487,0.08328,0.42876,0.56839,-0.08657,0.40429,0.06835,0.0696,0.1147,0.122,0.03008,0.07982,0.10993,0.05691,0.13504,0.09026,0.42468,0.38486,-6.60454,2.42669,-0.42382,0.09382,-0.11713,-38.04159
20260926-133259,20260926-133259-7,0,58575.694,0.60522,0.0785,0.42337,0.57097,-0.0814,0.40425,0.06002,0.06066,0.13244,0.13777,0.02917,0.08133,0.11251,0.05687,0.13854,0.09348,0.40926,0.39378,-6.64007,2.62216,-0.35819,0.09482,-0.14143,-38.05881
20260926-133259,20260926-133259-7,0,58575.728,0.6055,0.07979,0.42197,0.57082,-0.08285,0.40152,0.06333,0.06404,0.12632,0.13086,0.02964,0.08039,0.11107,0.0574,0.14115,0.09374,0.4162,0.40261,-6.68308,2.67501,-0.33668,0.09476,-0.15977,-38.06261
20260926-133259,20260926-133259-7,0,58575.76,0.60553,0.08435,0.42293,0.57085,-0.08769,0.40403,0.07261,0.07382,0.10979,0.11472,0.02948,0.08089,0.11134,0.057,0.13788,0.09322,0.41943,0.40898,-6.71221,2.68592,-0.31265,0.09319,-0.17616,-38.07629
20260926-133259,20260926-133259-7,0,58575.809,0.60574,0.08549,0.41872,0.57027,-0.08953,0.40412,0.07663,0.07758,0.1037,0.10978,0.0295,0.08048,0.11107,0.05697,0.1346,0.09703,0.42608,0.42487,-6.729,2.64607,-0.30366,0.09153,-0.18406,-38.08045
20260926-133259,20260926-133259-7,0,58575.841,0.60564,0.08619,0.41694,0.5701,-0.09068,0.40446,0.07855,0.07958,0.10109,0.10757,0.0295,0.08049,0.11121,0.05701,0.1343,0.09909,0.42558,0.42932,-6.73832,2.63118,-0.30564,0.09068,-0.1866,-38.07864
20260926-133259,20260926-133259-7,0,58575.87,0.60594,0.08695,0.41678,0.56961,-0.09153,0.40496,0.07985,0.08101,0.09944,0.10609,0.02918,0.08118,0.11216,0.05682,0.13467,0.10025,0.42346,0.43077,-6.73896,2.61629,-0.28838,0.08886,-0.18793,-38.07753
20260926-133259,20260926-133259-7,0,58575.903,0.60616,0.08775,0.41761,0.5695,-0.09246,0.40479,0.08221,0.08334,0.09676,0.10373,0.02926,0.08137,0.11228,0.05692,0.13456,0.10073,0.42509,0.43036,-6.75967,2.61521,-0.27279,0.0852,-0.18918,-38.07767
20260926-133259,20260926-133259-7,0,58575.932,0.60733,0.08824,0.41692,0.56828,-0.09311,0.40475,0.08352,0.0848,0.0955,0.10244,0.03009,0.07976,0.1105,0.05815,0.13516,0.10239,0.4235,0.43305,-6.77558,2.60919,-0.25596,0.08173,-0.19029,-38.07838
20260926-133259,20260926-133259-7,0,58575.966,0.60881,0.08894,0.41649,0.56857,-0.0937,0.40413,0.08515,0.08652,0.09415,0.10089,0.03095,0.07786,0.10889,0.05978,0.13681,0.10413,0.42386,0.4355,-6.79537,2.60558,-0.22142,0.07609,-0.19207,-38.07607
20260926-133259,20260926-133259-7,0,58575.999,0.6091,0.08904,0.41574,0.56972,-0.09382,0.40276,0.08592,0.08682,0.09369,0.10081,0.03053,0.0784,0.11039,0.05989,0.13842,0.1065,0.42606,0.43594,-6.82,2.61198,-0.17988,0.06987,-0.1952,-38.07301
20260926-133259,20260926-133259-7,0,58576.033,0.60915,0.08918,0.41364,0.57031,-0.09376,0.39998,0.0864,0.08723,0.09356,0.10067,0.03004,0.07947,0.11184,0.05945,0.14194,0.11017,0.42854,0.43939,-6.84993,2.66451,-0.15567,0.06341,-0.19696,-38.06492
20260926-133259,20260926-133259-7,0,58576.067,0.60941,0.08912,0.41243,0.57105,-0.09344,0.39782,0.08663,0.08706,0.0936,0.1008,0.02953,0.08035,0.11329,0.05915,0.14454,0.11305,0.4311,0.43949,-6.88803,2.71688,-0.11321,0.05502,-0.20297,-38.05762
20260926-133259,20260926-133259-7,0,58576.093,0.60895,0.0889,0.41268,0.57269,-0.09296,0.3965,0.08706,0.08734,0.09328,0.10038,0.02818,0.08332,0.11717,0.05766,0.14562,0.11245,0.43377,0.43995,-6.92784,2.81113,-0.09123,0.04783,-0.20754,-38.04419
20260926-133259,20260926-133259-7,0,58576.127,0.60906,0.0887,0.41341,0.57391,-0.09273,0.39541,0.08644,0.08645,0.09377,0.10092,0.02741,0.08396,0.12011,0.05762,0.14833,0.11215,0.43438,0.43676,-6.95728,2.85149,-0.05631,0.03795,-0.21942,-38.03793
20260926-133259,20260926-133259-7,0,58576.175,0.60894,0.08236,0.40487,0.5783,-0.08533,0.38271,0.07488,0.07251,0.10781,0.11628,0.02231,0.08419,0.14369,0.05944,0.15922,0.12135,0.44376,0.43343,-6.99663,2.91709,-0.00146,0.02852,-0.23714,-38.05183
20260926-133259,20260926-133259-7,0,58576.21,0.60781,0.07746,0.39479,0.58353,-0.07915,0.37202,0.06672,0.06355,0.12078,0.13002,0.01826,0.0872,0.17027,0.05953,0.17107,0.13114,0.45164,0.43642,-6.99093,3.09458,0.01467,0.02151,-0.24333,-38.05716
20260926-133259,20260926-133259-7,0,58576.241,0.60546,0.07457,0.3907,0.58734,-0.07571,0.36677,0.06205,0.05843,0.13032,0.14051,0.01579,0.0934,0.18945,0.05702,0.1768,0.13622,0.45635,0.43551,-6.99244,3.22333,0.03632,0.01632,-0.24987,-38.06762
20260926-133259,20260926-133259-7,0,58576.269,0.60413,0.07351,0.38811,0.59276,-0.07416,0.36411,0.05932,0.05563,0.13485,0.14504,0.01321,0.09737,0.21428,0.05615,0.1821,0.14006,0.45002,0.43327,-6.98627,3.33326,0.05094,0.01016,-0.26391,-38.08106
20260926-133259,20260926-133259-7,0,58576.303,0.60269,0.07191,0.38537,0.59734,-0.07185,0.36261,0.05687,0.05377,0.13988,0.1482,0.01147,0.10026,0.23453,0.05584,0.18514,0.13932,0.44499,0.44143,-7.00934,3.50931,0.0353,0.00511,-0.27186,-38.09254
20260926-133259,20260926-133259-7,0,58576.336,0.60136,0.07197,0.38267,0.60049,-0.07096,0.36222,0.05651,0.05385,0.14042,0.14764,0.01039,0.1036,0.24839,0.05495,0.18568,0.14029,0.44504,0.45053,-7.02666,3.64961,0.04161,-0.00083,-0.28445,-38.09966
20260926-133259,20260926-133259-7,0,58576.366,0.59986,0.07188,0.381,0.60316,-0.07062,0.36306,0.05607,0.05368,0.14109,0.14747,0.00954,0.10642,0.26144,0.05442,0.18618,0.14112,0.44093,0.45649,-7.05103,3.77535,0.03337,-0.00651,-0.29662,-38.10489
20260926-133259,20260926-133259-7,0,58576.397,0.5983,0.07206,0.38049,0.60643,-0.07058,0.3633,0.05578,0.05336,0.14165,0.1482,0.00869,0.11054,0.27591,0.05348,0.18641,0.14175,0.44131,0.45894,-7.07375,3.79338,0.046,-0.01337,-0.31423,-38.11074
20260926-133259,20260926-133259-7,0,58576.43,0.58963,0.07068,0.38143,0.61148,-0.06912,0.36825,0.05338,0.05083,0.14816,0.15584,0.00724,0.13677,0.2908,0.04363,0.17738,0.14135,0.43111,0.45692,-7.10369,3.79031,0.0357,-0.01809,-0.33529,-38.12675
20260926-133259,20260926-133259-7,0,58576.461,0.55435,0.07082,0.37302,0.62693,-0.06563,0.36761,0.05013,0.04842,0.16748,0.17339,0.00413,0.30183,0.32469,0.01807,0.17401,0.15073,0.4266,0.47593,-7.12113,3.81616,0.00284,-0.01841,-0.34925,-38.14263
20260926-133259,20260926-133259-7,0,58576.495,0.53542,0.07215,0.36939,0.64412,-0.06384,0.3693,0.04922,0.0478,0.1731,0.17699,0.00243,0.42736,0.39276,0.01168,0.16944,0.15294,0.42031,0.48906,-7.13225,3.85325,-0.03276,-0.02098,-0.36492,-38.13585
20260926-133259,20260926-133259-7,0,58576.543,0.52451,0.07347,0.37097,0.6582,-0.06229,0.37473,0.04857,0.04754,0.17432,0.17598,0.00156,0.5083,0.4658,0.00923,0.16069,0.14665,0.40848,0.49841,-7.1391,3.929,-0.06887,-0.02449,-0.37823,-38.12951
20260926-133259,20260926-133259-7,0,58576.561,0.52094,0.07385,0.37107,0.66151,-0.06188,0.37561,0.04795,0.04701,0.17628,0.1776,0.00138,0.53428,0.48524,0.00852,0.15921,0.14617,0.40519,0.49953,-7.14916,3.92816,-0.0705,-0.02579,-0.383,-38.12846
20260926-133259,20260926-133259-7,0,58576.607,0.5196,0.07503,0.3683,0.66916,-0.06045,0.37643,0.04749,0.04712,0.17578,0.17407,0.00108,0.5498,0.53755,0.00842,0.15878,0.14383,0.39712,0.51267,-7.08412,4.12925,-0.07811,-0.03404,-0.39527,-38.10017
20260926-133259,20260926-133259-7,0,58576.637,0.51569,0.07515,0.3678,0.67291,-0.0587,0.37379,0.04617,0.04598,0.18077,0.17749,0.00095,0.5752,0.56407,0.00764,0.16178,0.14343,0.39738,0.51558,-7.07242,4.2791,-0.05041,-0.04007,-0.40578,-38.0853
20260926-133259,20260926-133259-7,0,58576.67,0.50343,0.07528,0.36181,0.6812,-0.05492,0.36787,0.04246,0.04286,0.19681,0.19014,0.00082,0.63375,0.60882,0.00557,0.17027,0.14819,0.39212,0.5201,-7.02397,4.40403,-0.01679,-0.04694,-0.42277,-38.09545
20260926-133259,20260926-133259-7,0,58576.705,0.4943,0.07488,0.35561,0.68786,-0.05126,0.36401,0.03934,0.04003,0.21202,0.2022,0.00072,0.67449,0.64341,0.00445,0.17615,0.15296,0.38471,0.52716,-6.9864,4.4985,-0.00468,-0.05346,-0.44316,-38.09146
20260926-133259,20260926-133259-7,0,58576.735,0.49107,0.07505,0.35505,0.69206,-0.05047,0.36192,0.0383,0.03915,0.21745,0.20502,0.00065,0.69087,0.6666,0.00412,0.17999,0.15211,0.37973,0.52918,-6.9177,4.57833,0.01335,-0.0599,-0.46316,-38.0883
20260926-133259,20260926-133259-7,0,58576.764,0.48716,0.0763,0.35689,0.69658,-0.05083,0.36228,0.03882,0.03988,0.21448,0.20183,0.00059,0.70749,0.68829,0.0038,0.17921,0.14869,0.38031,0.53278,-6.87088,4.64739,0.04093,-0.06384,-0.48287,-38.07626
20260926-133259,20260926-133259-7,0,58576.798,0.48608,0.0769,0.35911,0.69897,-0.051,0.36349,0.03981,0.04087,0.20834,0.19651,0.00054,0.71307,0.70175,0.00374,0.17584,0.14465,0.38267,0.53441,-6.78053,4.78243,0.06902,-0.06822,-0.49756,-38.06742
20260926-133259,20260926-133259-7,0,58576.831,0.48637,0.07767,0.36125,0.69932,-0.05136,0.36577,0.04039,0.04206,0.20287,0.19027,0.00051,0.71323,0.71171,0.00377,0.17399,0.14015,0.37363,0.5358,-6.67796,4.89864,0.07514,-0.07029,-0.50958,-38.06504
20260926-133259,20260926-133259-7,0,58576.88,0.48426,0.07864,0.36274,0.70238,-0.05216,0.3662,0.0411,0.04293,0.19693,0.18568,0.00047,0.71987,0.72519,0.00365,0.17239,0.13747,0.37124,0.53555,-6.50275,4.9981,0.08455,-0.0715,-0.52332,-38.048
20260926-133259,20260926-133259-7,0,58576.911,0.48386,0.0794,0.36271,0.70277,-0.05317,0.36495,0.04204,0.04414,0.19161,0.18231,0.00047,0.71696,0.72358,0.00369,0.17425,0.13795,0.37454,0.53627,-6.32985,5.10336,0.10229,-0.07008,-0.52752,-38.03556
20260926-133259,20260926-133259-7,0,58576.929,0.4839,0.07969,0.36271,0.70259,-0.0536,0.36446,0.04244,0.04465,0.18913,0.18082,0.00047,0.71595,0.72297,0.00371,0.17455,0.13808,0.37564,0.53613,-6.2736,5.12794,0.11158,-0.06781,-0.53004,-38.02889
20260926-133259,20260926-133259-7,0,58576.943,0.48394,0.07996,0.36165,0.70248,-0.05434,0.36368,0.04284,0.04527,0.18674,0.17908,0.00047,0.71338,0.72214,0.00376,0.17641,0.13846,0.37506,0.53828,-6.15393,5.18331,0.11869,-0.06378,-0.53118,-38.01492
20260926-133259,20260926-133259-7,0,58577.006,0.48999,0.08146,0.35904,0.69628,-0.05756,0.36499,0.0459,0.04943,0.17457,0.16843,0.00051,0.68833,0.70313,0.00434,0.17758,0.13917,0.37277,0.54605,-5.6732,5.39641,0.06254,-0.03278,-0.5335,-37.96212
20260926-133259,20260926-133259-7,0,58577.037,0.49292,0.08244,0.35834,0.69222,-0.05866,0.36561,0.04755,0.05164,0.17029,0.1649,0.00058,0.6746,0.68047,0.00457,0.17989,0.14125,0.37277,0.54678,-5.44574,5.50493,0.05425,-0.01969,-0.53581,-37.94014
20260926-133259,20260926-133259-7,0,58577.071,0.49572,0.08325,0.35788,0.68948,-0.05944,0.36622,0.04939,0.05399,0.16538,0.1605,0.00064,0.66227,0.66289,0.00482,0.18169,0.14228,0.37419,0.54755,-5.25498,5.58437,0.04174,-0.00532,-0.53871,-37.92296
20260926-133259,20260926-133259-7,0,58577.104,0.49814,0.08445,0.35702,0.68778,-0.06073,0.36601,0.05189,0.05716,0.15877,0.15444,0.00067,0.65306,0.65114,0.00503,0.18527,0.14496,0.37591,0.54905,-5.1256,5.63842,0.01963,0.00435,-0.54412,-37.93306
20260926-133259,20260926-133259-7,0,58577.133,0.4991,0.08511,0.35636,0.68667,-0.06104,0.36583,0.05274,0.05849,0.15687,0.15205,0.0007,0.64658,0.64305,0.00518,0.18765,0.14574,0.37629,0.55149,-5.01642,5.66459,0.00805,0.01153,-0.54802,-37.93323
20260926-133259,20260926-133259-7,0,58577.169,0.50152,0.08513,0.35578,0.68586,-0.06075,0.36515,0.0532,0.0592,0.15534,0.15039,0.0007,0.63543,0.64024,0.00555,0.18797,0.14584,0.37836,0.55249,-4.90949,5.69487,-0.01352,0.01878,-0.54892,-37.92608
20260926-133259,20260926-133259-7,0,58577.2,0.49758,0.0862,0.35452,0.69034,-0.06068,0.36369,0.05324,0.05906,0.15532,0.15058,0.00063,0.6535,0.66238,0.00513,0.1902,0.14857,0.38065,0.55316,-4.87535,5.68322,-0.02716,0.0263,-0.55084,-37.92122
20260926-133259,20260926-133259-7,0,58577.247,0.43487,0.09463,0.34752,0.74202,-0.05726,0.35909,0.04946,0.05428,0.16984,0.16387,0.00026,0.85687,0.84275,0.00129,0.1904,0.15255,0.38038,0.57721,-4.85457,5.63822,-0.06576,0.03822,-0.55329,-37.93488
20260926-133259,20260926-133259-7,0,58577.278,0.38657,0.104,0.34127,0.7686,-0.05535,0.35901,0.04886,0.05442,0.17079,0.16171,0.00016,0.91976,0.91095,0.00052,0.18469,0.1571,0.38359,0.6007,-4.82379,5.58404,-0.08967,0.0443,-0.55447,-37.9495
20260926-133259,20260926-133259-7,0,58577.294,0.37561,0.10679,0.34034,0.7748,-0.05464,0.35964,0.04942,0.05547,0.16831,0.15815,0.00015,0.92996,0.92272,0.00042,0.18186,0.15753,0.38419,0.6075,-4.80647,5.56514,-0.10171,0.04628,-0.55469,-37.95784
20260926-133259,20260926-133259-7,0,58577.31,0.36026,0.11204,0.34963,0.77697,-0.05405,0.36885,0.05175,0.05907,0.15782,0.14606,0.00014,0.939,0.93334,0.00031,0.16564,0.1445,0.38246,0.61346,-4.80383,5.57117,-0.1065,0.04905,-0.55074,-37.95076
20260926-133259,20260926-133259-7,0,58577.344,0.35267,0.11622,0.35667,0.7801,-0.05268,0.37501,0.055,0.06327,0.14687,0.13535,0.00013,0.94474,0.93996,0.00027,0.15047,0.1345,0.38858,0.61658,-4.78173,5.58467,-0.07162,0.0486,-0.5434,-37.9465
20260926-133259,20260926-133259-7,0,58577.405,0.35959,0.12832,0.34409,0.78212,-0.05938,0.37113,0.0659,0.07822,0.12249,0.11252,0.00012,0.94327,0.93843,0.0003,0.15349,0.14139,0.41537,0.65465,-4.75716,5.6264,-0.06247,0.04974,-0.52394,-37.91481
20260926-133259,20260926-133259-7,0,58577.44,0.35559,0.13596,0.34711,0.78921,-0.06458,0.37151,0.07737,0.09174,0.10315,0.09605,0.00011,0.948,0.94403,0.00028,0.14856,0.13729,0.44199,0.6634,-4.7266,5.67616,0.00776,0.04881,-0.50754,-37.89783
20260926-133259,20260926-133259-7,0,58577.468,0.32671,0.1582,0.40391,0.8076,-0.07254,0.4079,0.11642,0.14023,0.06238,0.05783,8e-05,0.96469,0.96297,0.00015,0.10638,0.09063,0.41572,0.64124,-4.66279,5.89669,-0.00811,0.04772,-0.4634,-37.83723
20260926-133259,20260926-133259-7,0,58577.501,0.31903,0.17254,0.46453,0.8144,-0.07339,0.45037,0.15132,0.17457,0.04443,0.0395,7e-05,0.96871,0.9681,0.00012,0.05643,0.04875,0.34273,0.58819,-4.6592,6.15394,-0.00462,0.04995,-0.41562,-37.76975
20260926-133259,20260926-133259-7,0,58577.535,0.31592,0.1755,0.49359,0.81453,-0.0737,0.47651,0.16324,0.18599,0.03944,0.03427,7e-05,0.96927,0.96889,0.00011,0.03828,0.03065,0.28426,0.49589,-4.58668,6.26037,0.06583,0.04495,-0.38438,-37.69227
20260926-133259,20260926-133259-7,0,58577.567,0.3191,0.17887,0.51124,0.81204,-0.0737,0.48989,0.17584,0.20018,0.03553,0.03011,7e-05,0.96779,0.9676,0.00012,0.03136,0.02249,0.25427,0.42822,-4.5225,6.35511,0.07975,0.04012,-0.3572,-37.64783
20260926-133259,20260926-133259-7,0,58577.614,0.32126,0.1769,0.51336,0.80903,-0.07235,0.49496,0.17236,0.19691,0.0359,0.03035,7e-05,0.96638,0.96621,0.00012,0.02851,0.02081,0.24028,0.41148,-4.45736,6.36936,0.13004,0.0347,-0.33766,-37.63318
20260926-133259,20260926-133259-7,0,58577.645,0.32113,0.17609,0.51457,0.8087,-0.07301,0.49465,0.17092,0.19552,0.03604,0.03041,7e-05,0.96617,0.96606,0.00012,0.02905,0.02019,0.24149,0.40042,-4.42509,6.37804,0.14731,0.03048,-0.31965,-37.62675
20260926-133259,20260926-133259-7,0,58577.663,0.32079,0.17456,0.5126,0.8088,-0.07253,0.49329,0.16737,0.19174,0.03693,0.03125,7e-05,0.96627,0.96616,0.00012,0.02963,0.02066,0.24274,0.40159,-4.40741,6.37729,0.15524,0.02855,-0.31345,-37.62556
20260926-133259,20260926-133259-7,0,58577.676,0.32131,0.17443,0.51329,0.80826,-0.0729,0.49276,0.16701,0.19183,0.03701,0.03115,7e-05,0.96606,0.96596,0.00012,0.03024,0.02039,0.24266,0.39871,-4.39681,6.36469,0.16277,0.02738,-0.30686,-37.6283
20260926-133259,20260926-133259-7,0,58577.709,0.32166,0.17323,0.51153,0.80748,-0.07246,0.49332,0.16374,0.18879,0.03775,0.03176,7e-05,0.96586,0.9658,0.00012,0.03004,0.02071,0.23678,0.40249,-4.36275,6.34922,0.19196,0.02409,-0.29615,-37.63227
20260926-133259,20260926-133259-7,0,58577.744,0.32216,0.17332,0.51048,0.80786,-0.07209,0.49303,0.16411,0.18943,0.03762,0.03151,7e-05,0.966,0.96599,0.00012,0.02993,0.02068,0.23652,0.40498,-4.34501,6.33597,0.2192,0.02077,-0.2864,-37.6318
20260926-133259,20260926-133259-7,0,58577.807,0.32189,0.1883,0.52816,0.81314,-0.08228,0.49938,0.21557,0.24283,0.02664,0.02141,6e-05,0.96783,0.96836,0.00012,0.02782,0.01634,0.25303,0.37699,-4.3393,6.22271,0.25208,0.01107,-0.2637,-37.64168
20260926-133259,20260926-133259-7,0,58577.836,0.31845,0.19376,0.54102,0.81516,-0.08596,0.51109,0.23734,0.2651,0.02303,0.01842,6e-05,0.96891,0.96955,0.00011,0.0231,0.014,0.2306,0.34222,-4.3394,6.13426,0.30571,0.00333,-0.25182,-37.64187
20260926-133259,20260926-133259-7,0,58577.868,0.31397,0.19731,0.55053,0.81523,-0.08865,0.51767,0.24375,0.27265,0.02203,0.01723,6e-05,0.96964,0.97035,0.00011,0.0219,0.01277,0.21402,0.31697,-4.33765,6.03569,0.32053,-0.0051,-0.24242,-37.64824
20260926-133259,20260926-133259-7,0,58577.904,0.30899,0.1975,0.55172,0.81543,-0.08742,0.52242,0.23983,0.26703,0.02232,0.01761,6e-05,0.97044,0.9712,0.0001,0.01959,0.01298,0.19885,0.31125,-4.34566,5.97518,0.36945,-0.01192,-0.23125,-37.64749
20260926-133259,20260926-133259-7,0,58577.933,0.3067,0.19864,0.55536,0.81189,-0.08894,0.52539,0.248,0.2742,0.02098,0.01671,6e-05,0.96947,0.97026,0.0001,0.01872,0.01282,0.1979,0.30329,-4.35134,5.89263,0.40816,-0.01613,-0.21502,-37.64723
20260926-133259,20260926-133259-7,0,58577.98,0.30578,0.20303,0.56413,0.80283,-0.09553,0.53159,0.26629,0.29102,0.01826,0.01485,7e-05,0.9664,0.9671,0.0001,0.01762,0.01211,0.19704,0.28454,-4.39138,5.72636,0.50179,-0.02132,-0.19105,-37.64473
20260926-133259,20260926-133259-7,0,58578.015,0.30215,0.20995,0.57026,0.80499,-0.10221,0.54041,0.28542,0.31034,0.01607,0.01318,7e-05,0.96757,0.96831,0.0001,0.01604,0.0125,0.1816,0.27199,-4.42148,5.45879,0.58487,-0.02649,-0.17529,-37.6448
20260926-133259,20260926-133259-7,0,58578.026,0.30228,0.21127,0.56888,0.80486,-0.10244,0.5381,0.2845,0.31018,0.01625,0.01313,7e-05,0.96752,0.96833,0.0001,0.01674,0.01279,0.18574,0.27625,-4.43486,5.40825,0.58618,-0.02643,-0.16587,-37.64769
20260926-133259,20260926-133259-7,0,58578.046,0.30134,0.21347,0.57047,0.80534,-0.1046,0.54183,0.28674,0.31459,0.01608,0.01261,7e-05,0.96764,0.96853,0.0001,0.01652,0.01276,0.17119,0.27318,-4.43361,5.21256,0.62654,-0.02996,-0.15601,-37.65518
20260926-133259,20260926-133259-7,0,58578.08,0.30221,0.21256,0.5685,0.80541,-0.10588,0.54076,0.27889,0.30691,0.01678,0.01312,6e-05,0.96722,0.96821,0.0001,0.01729,0.01335,0.17063,0.27443,-4.4552,5.08691,0.70004,-0.03539,-0.13802,-37.64595
20260926-133259,20260926-133259-7,0,58578.109,0.30295,0.21043,0.56525,0.80445,-0.10301,0.53722,0.26465,0.29223,0.0183,0.01421,7e-05,0.967,0.96808,0.0001,0.01783,0.01375,0.17083,0.27683,-4.51303,4.9677,0.75115,-0.03779,-0.1297,-37.65864
20260926-133259,20260926-133259-7,0,58578.142,0.30124,0.2069,0.56141,0.80538,-0.09759,0.53425,0.24827,0.27628,0.02008,0.01544,6e-05,0.96809,0.96947,0.0001,0.01682,0.01355,0.15958,0.27142,-4.58527,4.77782,0.7707,-0.0404,-0.13942,-37.68639
20260926-133259,20260926-133259-7,0,58578.206,0.2957,0.20722,0.56024,0.80922,-0.09446,0.52681,0.24514,0.2748,0.02022,0.01543,6e-05,0.97022,0.97187,9e-05,0.01746,0.01412,0.16551,0.26913,-4.54318,4.62064,0.82067,-0.04846,-0.14968,-37.72483
20260926-133259,20260926-133259-7,0,58578.237,0.28896,0.20034,0.56015,0.8119,-0.09458,0.52614,0.23189,0.259,0.02125,0.01708,6e-05,0.97171,0.97329,8e-05,0.01779,0.01361,0.16337,0.26115,-4.50003,4.55661,0.86048,-0.05079,-0.15324,-37.73611
20260926-133259,20260926-133259-7,0,58578.27,0.28208,0.19441,0.55991,0.81572,-0.09311,0.52655,0.21705,0.24254,0.02285,0.01912,6e-05,0.97297,0.97444,7e-05,0.01751,0.01314,0.15719,0.25244,-4.40587,4.45543,0.91481,-0.05207,-0.15835,-37.7447
20260926-133259,20260926-133259-7,0,58578.302,0.27755,0.19101,0.55929,0.81857,-0.09105,0.52773,0.20189,0.22835,0.02501,0.02122,7e-05,0.97326,0.97456,7e-05,0.01714,0.0125,0.14309,0.24931,-4.17955,4.28204,1.00963,-0.04945,-0.16034,-37.75457
20260926-133259,20260926-133259-7,0,58578.348,0.27449,0.19018,0.55621,0.81987,-0.08446,0.53418,0.17293,0.20276,0.03041,0.02496,7e-05,0.97277,0.97393,6e-05,0.01558,0.01281,0.11559,0.24605,-3.71561,3.88684,1.15596,-0.04562,-0.16369,-37.79037
20260926-133259,20260926-133259-7,0,58578.382,0.2702,0.18682,0.55452,0.8187,-0.07711,0.54212,0.14268,0.17257,0.03817,0.03113,8e-05,0.97223,0.97323,6e-05,0.01383,0.01328,0.09627,0.23636,-3.39081,3.5251,1.24689,-0.04578,-0.15944,-37.82636
20260926-133259,20260926-133259-7,0,58578.394,0.26818,0.18506,0.55465,0.81978,-0.07397,0.54399,0.13571,0.16561,0.04065,0.03294,8e-05,0.97279,0.97373,6e-05,0.01324,0.01308,0.09098,0.23255,-3.3257,3.47112,1.25764,-0.04458,-0.15379,-37.83038
20260926-133259,20260926-133259-7,0,58578.416,0.26762,0.18087,0.55228,0.81942,-0.06934,0.54661,0.12024,0.14869,0.04689,0.03822,8e-05,0.97237,0.97317,6e-05,0.01256,0.01331,0.08406,0.22817,-3.23496,3.3204,1.27053,-0.04227,-0.14091,-37.83462
20260926-133259,20260926-133259-7,0,58578.447,0.26794,0.17432,0.54813,0.81852,-0.063,0.54892,0.10475,0.13179,0.05556,0.04521,8e-05,0.97202,0.97262,6e-05,0.01197,0.01341,0.07594,0.23274,-3.13835,3.26452,1.25631,-0.04144,-0.11115,-37.84406
20260926-133259,20260926-133259-7,0,58578.479,0.26803,0.17725,0.539,0.82027,-0.06538,0.54228,0.10737,0.1357,0.05492,0.04331,8e-05,0.97231,0.9729,6e-05,0.01439,0.01587,0.08663,0.27215,-3.11508,3.21742,1.28527,-0.04164,-0.07999,-37.83684
20260926-133259,20260926-133259-7,0,58578.512,0.26962,0.19002,0.52865,0.82321,-0.07708,0.53314,0.14363,0.17345,0.03947,0.03079,8e-05,0.97218,0.973,7e-05,0.01787,0.02003,0.11595,0.33239,-3.11768,3.2772,1.34944,-0.04323,-0.03043,-37.7988
20260926-133259,20260926-133259-7,0,58578.543,0.2743,0.20042,0.53217,0.82143,-0.08569,0.53401,0.17747,0.20909,0.03085,0.02349,8e-05,0.97093,0.97188,7e-05,0.01911,0.02054,0.12874,0.3446,-3.11588,3.37458,1.34891,-0.05053,0.00045,-37.81218
20260926-133259,20260926-133259-8,0,58582.096,0.60085,0.06923,0.36483,0.58511,-0.07293,0.35571,0.05167,0.05092,0.14934,0.15979,0.01508,0.07738,0.20423,0.06897,0.21432,0.16189,0.42037,0.4623,-6.55717,2.95527,2.70879,-0.57406,-0.43654,-38.11673
20260926-133259,20260926-133259-8,0,58582.127,0.60191,0.06907,0.36519,0.5847,-0.07252,0.35478,0.05075,0.05044,0.15078,0.15996,0.01506,0.07455,0.20622,0.07163,0.2174,0.15973,0.41516,0.46356,-6.56901,2.99705,2.68587,-0.57187,-0.44005,-38.10902
20260926-133259,20260926-133259-8,0,58582.159,0.60429,0.06875,0.36514,0.58445,-0.07197,0.35381,0.04992,0.05002,0.15193,0.16008,0.0152,0.0692,0.20908,0.07718,0.22019,0.15818,0.41115,0.46453,-6.57409,3.05844,2.66498,-0.57162,-0.44282,-38.10592
20260926-133259,20260926-133259-8,0,58582.193,0.60744,0.06903,0.36501,0.58461,-0.07206,0.35277,0.05033,0.05068,0.14915,0.15677,0.01541,0.06292,0.21213,0.08476,0.2219,0.15716,0.41004,0.46453,-6.57746,3.0971,2.66154,-0.57231,-0.4473,-38.10279
20260926-133259,20260926-133259-8,0,58582.223,0.60839,0.06964,0.36392,0.58442,-0.07248,0.35159,0.05041,0.05088,0.14787,0.15559,0.01552,0.06026,0.21355,0.08827,0.22477,0.15948,0.40928,0.46277,-6.58192,3.12151,2.66014,-0.57445,-0.4523,-38.09811
20260926-133259,20260926-133259-8,0,58582.254,0.61075,0.07013,0.36388,0.58502,-0.07275,0.35215,0.05056,0.05116,0.14595,0.15316,0.01534,0.05647,0.21885,0.09419,0.2235,0.15838,0.4069,0.46384,-6.59167,3.13432,2.66335,-0.57697,-0.45822,-38.09648
20260926-133259,20260926-133259-8,0,58582.287,0.61116,0.07032,0.36434,0.58578,-0.07269,0.35255,0.0514,0.05197,0.14378,0.1515,0.01513,0.05709,0.22073,0.09344,0.21983,0.1572,0.41141,0.46541,-6.60077,3.17383,2.67073,-0.57959,-0.46249,-38.10063
20260926-133259,20260926-133259-8,0,58582.317,0.61108,0.07021,0.36421,0.58691,-0.07252,0.3528,0.05207,0.05269,0.1426,0.15039,0.0149,0.05852,0.22246,0.09156,0.21781,0.15641,0.41445,0.46833,-6.60298,3.20415,2.66975,-0.58268,-0.46498,-38.10003
20260926-133259,20260926-133259-8,0,58582.365,0.61118,0.06998,0.36355,0.58715,-0.07203,0.35224,0.05226,0.05282,0.14293,0.15041,0.01504,0.05906,0.22068,0.09074,0.21769,0.15663,0.41768,0.47017,-6.62011,3.2228,2.65527,-0.58634,-0.46766,-38.10276
20260926-133259,20260926-133259-8,0,58582.396,0.61105,0.06992,0.36316,0.58652,-0.07217,0.35199,0.0522,0.05277,0.14299,0.15034,0.01529,0.05812,0.21855,0.09186,0.21848,0.15641,0.41793,0.47058,-6.62296,3.23045,2.64706,-0.58943,-0.46863,-38.10162
20260926-133259,20260926-133259-8,0,58582.43,0.61164,0.06986,0.36271,0.58596,-0.07222,0.3518,0.05164,0.05225,0.14326,0.15026,0.01533,0.05535,0.2203,0.09614,0.21922,0.15617,0.41611,0.47049,-6.62911,3.23712,2.64814,-0.59442,-0.46941,-38.09705
20260926-133259,20260926-133259-8,0,58582.461,0.61276,0.06982,0.36242,0.58598,-0.07213,0.35146,0.05135,0.05196,0.14298,0.14952,0.01518,0.05276,0.22425,0.10081,0.21963,0.15582,0.41525,0.47079,-6.63398,3.24866,2.6505,-0.59913,-0.46965,-38.09009
20260926-133259,20260926-133259-8,0,58582.493,0.6138,0.06998,0.36217,0.58677,-0.07215,0.35121,0.05145,0.05201,0.14196,0.1482,0.01474,0.05138,0.23087,0.10397,0.21982,0.15602,0.41503,0.47108,-6.64191,3.25715,2.66052,-0.6061,-0.46989,-38.08371
20260926-133259,20260926-133259-8,0,58582.527,0.61375,0.07009,0.36215,0.58728,-0.07216,0.35097,0.05206,0.05257,0.14082,0.14675,0.01464,0.0522,0.23087,0.10254,0.21942,0.15571,0.41589,0.47236,-6.65304,3.27901,2.67059,-0.61367,-0.4692,-38.07571
20260926-133259,20260926-133259-8,0,58582.557,0.61394,0.07018,0.36208,0.5873,-0.07213,0.35079,0.05234,0.05279,0.14031,0.146,0.01478,0.05195,0.22922,0.1028,0.21899,0.15585,0.4161,0.47303,-6.66874,3.2868,2.67081,-0.62255,-0.46927,-38.0744
20260926-133259,20260926-133259-8,0,58582.59,0.61406,0.07013,0.36233,0.58746,-0.072,0.35116,0.05236,0.05278,0.14038,0.14586,0.01499,0.05139,0.22729,0.10368,0.21822,0.15543,0.41599,0.47351,-6.66889,3.2938,2.66547,-0.63476,-0.46928,-38.06718
20260926-133259,20260926-133259-8,0,58582.621,0.61547,0.07006,0.36302,0.5881,-0.07179,0.35149,0.05303,0.05351,0.13927,0.14443,0.01539,0.0505,0.22383,0.10501,0.21619,0.15406,0.41788,0.47492,-6.67983,3.32174,2.67181,-0.64642,-0.46884,-38.06415
20260926-133259,20260926-133259-8,0,58582.655,0.61399,0.0697,0.36465,0.58648,-0.07161,0.35229,0.05351,0.05396,0.13949,0.14474,0.01642,0.05259,0.21007,0.09959,0.21467,0.15301,0.42008,0.47134,-6.68066,3.32477,2.66612,-0.65877,-0.47053,-38.06296
20260926-133259,20260926-133259-8,0,58582.685,0.61421,0.06947,0.36579,0.58586,-0.07137,0.35287,0.05366,0.05412,0.13911,0.14393,0.01667,0.05281,0.20685,0.09856,0.21246,0.15142,0.42042,0.46981,-6.69909,3.34268,2.67215,-0.67183,-0.47246,-38.05963
20260926-133259,20260926-133259-8,0,58582.738,0.61313,0.06925,0.36671,0.58609,-0.0713,0.35334,0.0538,0.05426,0.13877,0.14354,0.01644,0.0549,0.20685,0.0949,0.21079,0.15021,0.42133,0.46869,-6.7233,3.35805,2.69377,-0.68767,-0.47487,-38.04888
20260926-133259,20260926-133259-8,0,58582.768,0.61307,0.06889,0.36699,0.58516,-0.07128,0.3532,0.05432,0.05465,0.138,0.14272,0.01697,0.05512,0.20101,0.09385,0.20901,0.14933,0.42423,0.46943,-6.75119,3.4003,2.71195,-0.70051,-0.47506,-38.03813
20260926-133259,20260926-133259-8,0,58582.796,0.61304,0.06777,0.36544,0.58041,-0.07076,0.35131,0.05359,0.05386,0.14111,0.14545,0.01943,0.05279,0.18115,0.09541,0.21033,0.15055,0.42709,0.47035,-6.79396,3.42128,2.73089,-0.71549,-0.47643,-38.03057
20260926-133259,20260926-133259-8,0,58582.831,0.61696,0.06564,0.36305,0.57806,-0.06921,0.34866,0.05153,0.05149,0.14667,0.15024,0.02161,0.0457,0.1723,0.10787,0.21292,0.15179,0.42971,0.47171,-6.82157,3.42235,2.76621,-0.73077,-0.48089,-38.03562
20260926-133259,20260926-133259-8,0,58582.86,0.61781,0.06466,0.36282,0.57781,-0.06834,0.34841,0.05028,0.05006,0.14972,0.1534,0.02191,0.04373,0.17189,0.11216,0.21247,0.15148,0.42906,0.46852,-6.81762,3.42644,2.7913,-0.73904,-0.48407,-38.03659
20260926-133259,20260926-133259-8,0,58582.897,0.61753,0.0637,0.36286,0.57812,-0.06714,0.34835,0.04837,0.04822,0.1542,0.15711,0.02059,0.04397,0.18077,0.11283,0.2141,0.15071,0.42267,0.46691,-6.83148,3.45032,2.80755,-0.74396,-0.4866,-38.03688
20260926-133259,20260926-133259-8,0,58582.926,0.61753,0.06231,0.36332,0.57922,-0.06534,0.34903,0.04653,0.0462,0.1594,0.1623,0.01964,0.04422,0.18751,0.11304,0.21229,0.15042,0.41899,0.4629,-6.83589,3.46838,2.80829,-0.74858,-0.49127,-38.04057
20260926-133259,20260926-133259-8,0,58582.956,0.61893,0.06093,0.36211,0.58004,-0.06362,0.34841,0.04513,0.04461,0.16378,0.16624,0.01923,0.04285,0.19249,0.11698,0.21198,0.15071,0.41824,0.46323,-6.84839,3.52403,2.80834,-0.75179,-0.49287,-38.0378
20260926-133259,20260926-133259-8,0,58582.991,0.62057,0.05968,0.35874,0.58171,-0.06205,0.34513,0.04402,0.04349,0.16769,0.17004,0.01852,0.04146,0.201,0.122,0.21484,0.15297,0.42306,0.46727,-6.85404,3.60164,2.79128,-0.75795,-0.49582,-38.03862
20260926-133259,20260926-133259-8,0,58583.023,0.6045,0.05806,0.34612,0.5944,-0.05727,0.33568,0.04047,0.04,0.18696,0.18753,0.0116,0.06955,0.25515,0.0803,0.22622,0.16953,0.42404,0.4787,-6.84353,3.70253,2.75384,-0.76025,-0.49952,-38.04583
20260926-133259,20260926-133259-8,0,58583.055,0.56899,0.05778,0.3348,0.61742,-0.05292,0.32942,0.03714,0.03738,0.21316,0.20964,0.00536,0.17852,0.32487,0.03356,0.23506,0.18852,0.41423,0.49423,-6.82321,3.76581,2.70172,-0.76001,-0.51058,-38.08533
20260926-133259,20260926-133259-8,0,58583.1,0.55356,0.05799,0.32701,0.63632,-0.05121,0.32716,0.03677,0.03713,0.22024,0.21448,0.00298,0.27183,0.40857,0.02243,0.23755,0.20341,0.40751,0.50606,-6.7539,3.94505,2.61835,-0.76104,-0.51689,-38.12256
20260926-133259,20260926-133259-8,0,58583.132,0.54831,0.05894,0.32106,0.64315,-0.05138,0.32497,0.03664,0.03718,0.22416,0.21678,0.00242,0.3118,0.44265,0.0196,0.24409,0.21546,0.40231,0.51396,-6.6838,4.09478,2.5423,-0.76085,-0.52644,-38.13358
20260926-133259,20260926-133259-8,0,58583.164,0.54788,0.05876,0.31603,0.64645,-0.05086,0.32364,0.03616,0.03686,0.22812,0.21945,0.00221,0.32051,0.46306,0.0194,0.24758,0.2222,0.39996,0.52242,-6.62256,4.2284,2.48256,-0.75956,-0.53777,-38.14517
20260926-133259,20260926-133259-8,0,58583.196,0.55009,0.05961,0.31389,0.64855,-0.05183,0.32437,0.03743,0.03794,0.22239,0.2143,0.00217,0.31408,0.47222,0.02021,0.24639,0.22441,0.40221,0.5285,-6.59524,4.31669,2.45083,-0.75711,-0.55282,-38.1606
20260926-133259,20260926-133259-8,0,58583.23,0.55206,0.0606,0.31328,0.64905,-0.05393,0.32437,0.03807,0.03883,0.21947,0.21141,0.00224,0.30504,0.47062,0.02105,0.25222,0.22513,0.39697,0.52862,-6.54221,4.42264,2.41147,-0.75533,-0.56904,-38.17393
20260926-133259,20260926-133259-8,0,58583.263,0.55195,0.06061,0.30709,0.64912,-0.05484,0.31914,0.0368,0.03818,0.22821,0.21877,0.00242,0.30438,0.4593,0.02098,0.26568,0.23049,0.39678,0.53815,-6.50651,4.60388,2.32981,-0.75306,-0.5788,-38.15759
20260926-133259,20260926-133259-8,0,58583.295,0.54281,0.06162,0.30409,0.6533,-0.05419,0.31537,0.03667,0.03862,0.23265,0.22381,0.00214,0.36131,0.47069,0.01679,0.27055,0.23511,0.40557,0.5463,-6.47123,4.70378,2.26788,-0.74952,-0.5933,-38.16172
20260926-133259,20260926-133259-8,0,58583.329,0.53521,0.06282,0.30666,0.65942,-0.05356,0.31575,0.03747,0.03949,0.2307,0.22259,0.00177,0.41821,0.49452,0.01376,0.26529,0.23137,0.41322,0.54985,-6.4756,4.75182,2.19908,-0.74275,-0.61103,-38.16918
20260926-133259,20260926-133259-8,0,58583.359,0.53237,0.06348,0.30947,0.66234,-0.05305,0.31835,0.03814,0.04038,0.22717,0.21891,0.0016,0.44394,0.50846,0.0126,0.25853,0.22536,0.41289,0.55138,-6.45698,4.81238,2.14453,-0.73713,-0.62167,-38.16722
20260926-133259,20260926-133259-8,0,58583.391,0.53101,0.06434,0.31349,0.66279,-0.05305,0.3204,0.03892,0.0412,0.22201,0.21422,0.0015,0.46065,0.51454,0.01184,0.25223,0.21941,0.41371,0.54851,-6.44903,4.85118,2.10541,-0.73095,-0.63064,-38.16487
20260926-133259,20260926-133259-8,0,58583.424,0.5305,0.0641,0.31549,0.66303,-0.05223,0.3214,0.03888,0.04122,0.22145,0.21299,0.00143,0.46944,0.51964,0.01148,0.24834,0.21458,0.41181,0.5483,-6.44277,4.86943,2.07602,-0.72453,-0.63726,-38.15657
20260926-133259,20260926-133259-8,0,58583.47,0.52947,0.06395,0.31571,0.66229,-0.05187,0.32005,0.03869,0.04111,0.22322,0.21456,0.00145,0.47778,0.51438,0.01108,0.24976,0.21386,0.41407,0.54944,-6.41983,4.9274,2.0404,-0.72002,-0.63972,-38.14101
20260926-133259,20260926-133259-8,0,58583.5,0.5299,0.06377,0.31542,0.66247,-0.05172,0.31844,0.03828,0.0406,0.22351,0.2148,0.00141,0.4712,0.522,0.01142,0.25185,0.21429,0.41461,0.54829,-6.40901,4.92657,2.01677,-0.7155,-0.64499,-38.13247
20260926-133259,20260926-133259-8,0,58583.534,0.52925,0.06354,0.31466,0.66309,-0.05143,0.31686,0.03758,0.03985,0.22578,0.21659,0.00135,0.47164,0.53089,0.01148,0.25408,0.21473,0.41357,0.5486,-6.39028,4.93779,1.9855,-0.71201,-0.64912,-38.1172
20260926-133259,20260926-133259-8,0,58583.565,0.52964,0.06401,0.31433,0.66285,-0.05194,0.31672,0.03775,0.04006,0.224,0.21464,0.00135,0.46627,0.5315,0.01171,0.25489,0.21542,0.4115,0.54884,-6.34717,4.99134,1.96255,-0.70797,-0.65116,-38.10015
20260926-133259,20260926-133259-8,0,58583.596,0.53056,0.06405,0.31396,0.66238,-0.05211,0.31566,0.03784,0.0402,0.22289,0.21333,0.00136,0.45905,0.53246,0.01203,0.25693,0.21599,0.41019,0.54842,-6.31707,5.02173,1.94295,-0.70344,-0.65579,-38.09309
20260926-133259,20260926-133259-8,0,58583.632,0.53066,0.06315,0.31189,0.66203,-0.05105,0.31263,0.03735,0.03966,0.22774,0.21756,0.00138,0.46203,0.52866,0.01191,0.26194,0.21946,0.41205,0.54911,-6.29003,5.06294,1.88397,-0.69705,-0.65893,-38.09419
20260926-133259,20260926-133259-8,0,58583.665,0.52896,0.06237,0.30961,0.66363,-0.05,0.30971,0.03686,0.03896,0.23266,0.22225,0.00134,0.47384,0.5336,0.0115,0.26576,0.22386,0.41563,0.55027,-6.27867,5.06015,1.84019,-0.69061,-0.66437,-38.09983
20260926-133259,20260926-133259-8,0,58583.692,0.52765,0.06098,0.30734,0.66612,-0.04831,0.30766,0.03615,0.03806,0.23737,0.22652,0.00126,0.48248,0.54534,0.01128,0.26644,0.22535,0.41928,0.55275,-6.26459,5.09691,1.81504,-0.68634,-0.66652,-38.09707
20260926-133259,20260926-133259-8,0,58583.728,0.52686,0.06068,0.30619,0.66736,-0.04794,0.30733,0.03593,0.03777,0.23984,0.22863,0.00123,0.48942,0.55001,0.01108,0.26791,0.22817,0.41818,0.55388,-6.25125,5.08966,1.77639,-0.68024,-0.67189,-38.09838
20260926-133259,20260926-133259-8,0,58583.758,0.526,0.05973,0.3052,0.66887,-0.04678,0.30585,0.03522,0.03689,0.24457,0.23286,0.00118,0.49646,0.5565,0.01087,0.26842,0.22871,0.42066,0.55535,-6.25241,5.09129,1.76162,-0.67745,-0.67548,-38.0997
20260926-133259,20260926-133259-8,0,58583.79,0.52416,0.05883,0.30156,0.66962,-0.04607,0.30314,0.03499,0.03663,0.2481,0.23623,0.00116,0.50846,0.55774,0.01044,0.27203,0.23435,0.42199,0.55741,-6.24403,5.10988,1.74137,-0.67563,-0.67749,-38.10256
20260926-133259,20260926-133259-8,0,58583.839,0.5109,0.03833,0.21176,0.65207,-0.03606,0.24673,0.02503,0.02582,0.32768,0.3297,0.00173,0.53684,0.48497,0.00832,0.36839,0.36376,0.44779,0.5747,-6.10472,5.30686,1.68754,-0.67451,-0.67108,-38.064
20260926-133259,20260926-133259-8,0,58583.871,0.50245,0.01682,0.15306,0.63639,-0.02038,0.20252,0.01754,0.01783,0.41095,0.42112,0.00217,0.51225,0.47684,0.00799,0.44257,0.44994,0.47453,0.60207,-5.98528,5.45685,1.66483,-0.6758,-0.67193,-38.05545
20260926-133259,20260926-133259-8,0,58583.901,0.49686,0.00448,0.12706,0.62397,-0.01151,0.17891,0.01441,0.01458,0.45592,0.46843,0.0027,0.4916,0.46287,0.00764,0.48124,0.48685,0.49376,0.62465,-5.88756,5.5452,1.62602,-0.67166,-0.678,-38.0565
20260926-133259,20260926-133259-8,0,58583.934,0.49406,-0.00418,0.11387,0.61408,-0.00443,0.16461,0.01248,0.01286,0.48497,0.49966,0.00329,0.46759,0.44363,0.00768,0.50608,0.50113,0.50485,0.64536,-5.78157,5.68002,1.58396,-0.66675,-0.69081,-38.07743
20260926-133259,20260926-133259-8,0,58583.966,0.50444,-0.01342,0.10807,0.5993,0.00656,0.14969,0.0102,0.01106,0.52444,0.54275,0.00469,0.39518,0.3732,0.01058,0.54262,0.50678,0.50968,0.64999,-5.55982,5.91499,1.54677,-0.66631,-0.70575,-38.10332
20260926-133259,20260926-133259-8,0,58583.996,0.5171,-0.01568,0.11224,0.58448,0.01049,0.14434,0.00975,0.01062,0.53653,0.55563,0.00663,0.31944,0.30032,0.0154,0.55511,0.50757,0.52022,0.63663,-5.41455,6.01239,1.55608,-0.65934,-0.72745,-38.12389
20260926-133259,20260926-133259-8,0,58584.03,0.52199,-0.01597,0.1186,0.57178,0.0141,0.13803,0.00934,0.01043,0.54451,0.5642,0.00909,0.26981,0.25634,0.01849,0.56919,0.50019,0.52873,0.62448,-5.28982,6.08331,1.56562,-0.65129,-0.75256,-38.11385
20260926-133259,20260926-133259-8,0,58584.062,0.52563,-0.01755,0.12281,0.56429,0.01756,0.13675,0.00902,0.01013,0.55194,0.57194,0.01113,0.24009,0.23103,0.02082,0.57241,0.4943,0.53125,0.61637,-5.20392,6.15851,1.56848,-0.64462,-0.77251,-38.10894
20260926-133259,20260926-133259-8,0,58584.094,0.52847,-0.01614,0.12225,0.55787,0.01665,0.13145,0.0093,0.01049,0.54569,0.56656,0.0131,0.21575,0.21166,0.02329,0.5795,0.49702,0.54128,0.61439,-5.14948,6.21507,1.5625,-0.63455,-0.78347,-38.09574
20260926-133259,20260926-133259-8,0,58584.126,0.53164,-0.0155,0.12468,0.55283,0.0182,0.12779,0.00935,0.0107,0.54375,0.5657,0.01517,0.1954,0.19567,0.02565,0.58351,0.49197,0.54994,0.61319,-5.09153,6.26391,1.54628,-0.62464,-0.79368,-38.08703
20260926-133259,20260926-133259-8,0,58584.158,0.53465,-0.0144,0.1259,0.5477,0.01783,0.12867,0.00955,0.01113,0.53602,0.55898,0.01797,0.17321,0.17595,0.02877,0.58247,0.48733,0.54922,0.61494,-5.03808,6.32168,1.51232,-0.61381,-0.80134,-38.06861
20260926-133259,20260926-133259-8,0,58584.205,0.53677,-0.01404,0.12414,0.54262,0.01691,0.12842,0.00982,0.01145,0.52915,0.55287,0.02096,0.15464,0.15952,0.03196,0.58122,0.48937,0.55264,0.61723,-4.97677,6.43248,1.49372,-0.60361,-0.80317,-38.04365
20260926-133259,20260926-133259-8,0,58584.237,0.5425,-0.01193,0.12582,0.53997,0.01478,0.13173,0.01037,0.01208,0.51722,0.54198,0.02479,0.13363,0.14375,0.03694,0.57372,0.48619,0.55259,0.61914,-4.97098,6.54695,1.52168,-0.60022,-0.79718,-38.01994
20260926-133259,20260926-133259-8,0,58584.27,0.55763,-0.01019,0.12634,0.52218,0.01374,0.11672,0.01025,0.01195,0.51964,0.54095,0.04966,0.07467,0.08822,0.06068,0.58313,0.48704,0.60612,0.61571,-4.99286,6.63645,1.58673,-0.60147,-0.78797,-37.99128
20260926-133259,20260926-133259-8,0,58584.3,0.60561,-0.00225,0.16228,0.49367,0.00472,0.12105,0.01182,0.0133,0.4947,0.50694,0.1935,0.01802,0.0278,0.19029,0.5673,0.42434,0.64954,0.60608,-5.03885,6.71498,1.68168,-0.61321,-0.77963,-37.98796
20260926-133259,20260926-133259-8,0,58584.332,0.64684,0.0134,0.22302,0.47665,-0.0199,0.18448,0.01743,0.01987,0.40342,0.40112,0.37038,0.00664,0.01232,0.34591,0.47018,0.31086,0.63271,0.59999,-5.11241,6.75958,1.79449,-0.6346,-0.76974,-37.97038
20260926-133259,20260926-133259-8,0,58584.365,0.68247,0.02882,0.27316,0.43779,-0.05061,0.26584,0.02888,0.03004,0.29637,0.27633,0.57058,0.00272,0.00484,0.53891,0.33508,0.24389,0.59635,0.57676,-5.15464,6.67527,1.91382,-0.65525,-0.76759,-37.92376
20260926-133259,20260926-133259-8,0,58584.398,0.71412,0.04339,0.31925,0.39467,-0.08002,0.32905,0.04693,0.0485,0.18929,0.17755,0.72161,0.00131,0.00211,0.70345,0.24014,0.18142,0.56874,0.56031,-5.19729,6.66142,2.06584,-0.67477,-0.75703,-37.82698
20260926-133259,20260926-133259-8,0,58584.429,0.72936,0.05381,0.35494,0.38295,-0.09339,0.35713,0.06185,0.06662,0.14041,0.13198,0.75955,0.00102,0.00168,0.74733,0.20415,0.13543,0.55796,0.54809,-5.25058,6.60572,2.13798,-0.68345,-0.75449,-37.7667
20260926-133259,20260926-133259-8,0,58584.462,0.73936,0.05949,0.37253,0.37962,-0.1,0.37146,0.07284,0.0804,0.11678,0.10926,0.77644,0.0009,0.00154,0.76625,0.18429,0.11642,0.54942,0.53762,-5.32406,6.56867,2.1864,-0.69283,-0.75184,-37.71888
20260926-133259,20260926-133259-8,0,58584.493,0.74473,0.06246,0.37887,0.37494,-0.10361,0.37784,0.08,0.08938,0.10483,0.09774,0.78747,0.00084,0.00142,0.77871,0.17489,0.11028,0.54329,0.53138,-5.40916,6.56515,2.23012,-0.70279,-0.74802,-37.67917
20260926-133259,20260926-133259-8,0,58584.526,0.74358,0.06514,0.37982,0.3767,-0.10595,0.37793,0.08592,0.09684,0.09715,0.09044,0.77737,0.00091,0.00149,0.76866,0.1729,0.1102,0.54281,0.52739,-5.557,6.53072,2.27719,-0.71306,-0.7456,-37.64195
20260926-133259,20260926-133259-8,0,58584.573,0.74224,0.06728,0.38371,0.37897,-0.10674,0.37832,0.09032,0.10264,0.09221,0.08522,0.76732,0.00098,0.00156,0.75864,0.16878,0.10696,0.54472,0.52262,-5.70594,6.48923,2.30883,-0.72722,-0.74193,-37.61118
20260926-133259,20260926-133259-8,0,58584.608,0.74294,0.06925,0.38692,0.37865,-0.10865,0.38077,0.09367,0.10697,0.08852,0.08172,0.76601,0.001,0.00156,0.75774,0.16423,0.10517,0.54543,0.51986,-5.79851,6.43494,2.33234,-0.73876,-0.73991,-37.60114
20260926-133259,20260926-133259-8,0,58584.639,0.74372,0.06977,0.39042,0.378,-0.10958,0.38393,0.09437,0.10833,0.08747,0.0805,0.76585,0.00101,0.00156,0.75789,0.15967,0.10184,0.54419,0.51787,-5.86275,6.36902,2.36218,-0.7494,-0.7364,-37.58611
20260926-133259,20260926-133259-8,0,58584.669,0.74802,0.07094,0.39498,0.377,-0.11207,0.38681,0.09762,0.11236,0.08332,0.07724,0.77181,0.00095,0.00155,0.76388,0.15661,0.09874,0.54358,0.5062,-5.92098,6.30191,2.42039,-0.75756,-0.72845,-37.58157
20260926-133259,20260926-133259-8,0,58584.703,0.74584,0.08342,0.4143,0.39003,-0.13054,0.41208,0.14143,0.16704,0.05342,0.0487,0.73907,0.00112,0.00195,0.72928,0.13303,0.07881,0.53527,0.51719,-6.03926,6.46023,2.41393,-0.76192,-0.67457,-37.531
20260926-133259,20260926-133259-8,0,58584.735,0.71935,0.11311,0.42444,0.45626,-0.1584,0.42692,0.29914,0.3293,0.02177,0.01751,0.52403,0.00272,0.00582,0.51305,0.12593,0.07063,0.56603,0.58899,-6.15771,6.56091,2.36255,-0.75652,-0.61927,-37.49005
20260926-133259,20260926-133259-8,0,58584.765,0.62888,0.16358,0.51258,0.5515,-0.18034,0.48533,0.54064,0.55274,0.00662,0.00554,0.07211,0.0358,0.0535,0.09799,0.08591,0.0293,0.55842,0.40003,-6.30779,6.73047,2.11813,-0.74237,-0.52376,-37.3345
20260926-133259,20260926-133259-8,0,58584.799,0.5758,0.17499,0.54465,0.58736,-0.17292,0.51709,0.53602,0.5479,0.00607,0.00545,0.01221,0.15802,0.17748,0.02702,0.06031,0.02139,0.46471,0.306,-6.30759,6.79141,2.01139,-0.73266,-0.4498,-37.2073
20260926-133259,20260926-133259-8,0,58584.832,0.54748,0.17439,0.56505,0.60348,-0.16365,0.53501,0.51097,0.52946,0.00655,0.00576,0.00544,0.27599,0.26564,0.01471,0.04399,0.01459,0.37643,0.25657,-6.34049,6.75416,2.03478,-0.72735,-0.41858,-37.15482
20260926-133259,20260926-133259-8,0,58584.861,0.53691,0.17462,0.57247,0.60617,-0.16036,0.54364,0.49402,0.51475,0.00694,0.00601,0.0047,0.31287,0.30409,0.01107,0.03658,0.01258,0.33118,0.2423,-6.34732,6.70994,2.08269,-0.72478,-0.39902,-37.12642
20260926-133259,20260926-133259-8,0,58584.893,0.53348,0.17426,0.57897,0.60822,-0.15754,0.54588,0.48616,0.51006,0.00716,0.00603,0.00426,0.334,0.326,0.00973,0.03434,0.01098,0.30651,0.22563,-6.3583,6.70311,2.0913,-0.72198,-0.38453,-37.1141
20260926-133259,20260926-133259-8,0,58584.941,0.53257,0.17287,0.58332,0.60886,-0.1564,0.55138,0.47941,0.50392,0.00732,0.00617,0.00403,0.34458,0.33687,0.00922,0.03132,0.01015,0.27883,0.20981,-6.3779,6.66681,2.14301,-0.72051,-0.36994,-37.12252
20260926-133259,20260926-133259-8,0,58584.975,0.53228,0.17268,0.58625,0.60612,-0.15593,0.54832,0.47255,0.49904,0.00753,0.00623,0.00413,0.3431,0.33648,0.00899,0.03257,0.00938,0.28146,0.19964,-6.39555,6.57919,2.10344,-0.71718,-0.35805,-37.13413
20260926-133259,20260926-133259-8,0,58585.007,0.53105,0.17194,0.58838,0.60706,-0.15404,0.55032,0.45835,0.48589,0.00793,0.00655,0.00397,0.35082,0.34533,0.00859,0.03155,0.009,0.26524,0.1911,-6.40788,6.46019,2.11489,-0.71485,-0.33574,-37.1385
20260926-133259,20260926-133259-8,0,58585.04,0.47808,0.18456,0.59084,0.65439,-0.14587,0.55113,0.41249,0.43899,0.00922,0.0076,0.00145,0.59301,0.58947,0.00269,0.0275,0.00849,0.23863,0.20235,-6.44842,6.22643,2.08543,-0.70787,-0.31909,-37.1622
20260926-133259,20260926-133259-8,0,58585.068,0.41298,0.19489,0.59188,0.70308,-0.13407,0.55467,0.36287,0.38606,0.01082,0.00898,0.00055,0.80946,0.81021,0.0007,0.02156,0.00807,0.21207,0.21515,-6.55336,5.80672,2.12136,-0.69907,-0.313,-37.21584
20260926-133259,20260926-133259-8,0,58585.102,0.38835,0.19821,0.59583,0.7153,-0.13165,0.55707,0.3444,0.36803,0.01159,0.00953,0.00042,0.85718,0.85888,0.00044,0.02015,0.00784,0.19212,0.21072,-6.6258,5.4735,2.11929,-0.69398,-0.3075,-37.25801
20260926-133259,20260926-133259-8,0,58585.134,0.38893,0.19597,0.59459,0.71754,-0.12955,0.5571,0.32801,0.35277,0.01259,0.01035,0.00039,0.86038,0.86252,0.00044,0.01961,0.00784,0.18223,0.20936,-6.65042,5.33554,2.14043,-0.69278,-0.29648,-37.27134
20260926-133259,20260926-133259-8,0,58585.164,0.39276,0.19402,0.59364,0.71296,-0.12961,0.55435,0.31462,0.34068,0.01355,0.01102,0.00041,0.85242,0.85504,0.00048,0.02073,0.00796,0.17866,0.20655,-6.68931,5.19508,2.1305,-0.68954,-0.28824,-37.28414
20260926-133259,20260926-133259-8,0,58585.199,0.39513,0.19378,0.5946,0.71273,-0.12971,0.55639,0.31176,0.3384,0.01374,0.01115,0.00041,0.85083,0.85364,0.0005,0.01996,0.00783,0.16825,0.20279,-6.67026,5.06295,2.1584,-0.68992,-0.28078,-37.29102
20260926-133259,20260926-133259-8,0,58585.23,0.39398,0.19216,0.59477,0.71171,-0.12859,0.55615,0.30233,0.32865,0.01445,0.01175,0.00041,0.85179,0.85457,0.00049,0.01965,0.00783,0.16002,0.19815,-6.64622,4.96179,2.18645,-0.6893,-0.26926,-37.2925
20260926-133259,20260926-133259-8,0,58585.263,0.39269,0.19301,0.59011,0.7117,-0.12945,0.55163,0.29827,0.3247,0.01481,0.01201,0.00041,0.85181,0.8546,0.00049,0.02139,0.00871,0.16454,0.20928,-6.60553,4.81742,2.21557,-0.68828,-0.25825,-37.30688
20260926-133259,20260926-133259-8,0,58585.308,0.37191,0.20117,0.58942,0.72382,-0.12832,0.5522,0.28668,0.31717,0.0159,0.01201,0.00033,0.88128,0.88429,0.00036,0.02172,0.00963,0.15105,0.23298,-6.48815,4.5927,2.1595,-0.67691,-0.2454,-37.33377
20260926-133259,20260926-133259-8,0,58585.344,0.34902,0.20601,0.59088,0.75315,-0.12114,0.55003,0.26477,0.29826,0.01763,0.01311,0.00018,0.92264,0.92514,0.00025,0.0196,0.01071,0.1387,0.23766,-6.45077,4.11331,2.15605,-0.66182,-0.25701,-37.41271
20260926-133259,20260926-133259-8,0,58585.361,0.34371,0.2059,0.5905,0.76103,-0.11713,0.55009,0.25386,0.28785,0.01873,0.0139,0.00015,0.93158,0.93401,0.00023,0.01795,0.01087,0.13023,0.23869,-6.39223,4.03134,2.14175,-0.65794,-0.25154,-37.43292
20260926-133259,20260926-133259-8,0,58585.408,0.2991,0.2223,0.60352,0.79586,-0.11622,0.55363,0.2616,0.29521,0.01717,0.01293,8e-05,0.96281,0.96489,0.0001,0.01514,0.01112,0.1264,0.20117,-6.05493,3.14945,2.06775,-0.63016,-0.23977,-37.45649
20260926-133259,20260926-133259-8,0,58585.44,0.31742,0.2181,0.58994,0.7925,-0.11716,0.55282,0.2473,0.28741,0.01896,0.0136,9e-05,0.95512,0.95784,0.00014,0.01675,0.01272,0.10962,0.22169,-5.62866,2.90806,2.05198,-0.60682,-0.21596,-37.45335
20260926-133259,20260926-133259-8,0,58585.468,0.32073,0.22131,0.59218,0.78574,-0.1209,0.56099,0.25927,0.30021,0.01756,0.01245,0.00011,0.94961,0.9527,0.00015,0.0151,0.01239,0.09605,0.20752,-5.3216,2.70431,2.03449,-0.58155,-0.2042,-37.44881
20260926-133259,20260926-133259-8,0,58585.5,0.32398,0.21896,0.58501,0.78711,-0.12013,0.55654,0.25524,0.29707,0.01819,0.01265,0.00011,0.94848,0.95157,0.00015,0.0163,0.01271,0.09802,0.21515,-5.07685,2.68876,2.0074,-0.56551,-0.19598,-37.45165
20260926-133259,20260926-133259-8,0,58585.536,0.31425,0.21658,0.58294,0.78899,-0.11922,0.55089,0.2536,0.29324,0.01824,0.01293,0.00011,0.95162,0.95429,0.00013,0.01713,0.0123,0.10707,0.20691,-4.86982,2.70323,1.92328,-0.54387,-0.20034,-37.43382
20260926-133259,20260926-133259-8,0,58585.565,0.30842,0.20396,0.58576,0.79278,-0.0956,0.56849,0.19987,0.24449,0.02583,0.01749,0.0001,0.95621,0.95846,0.00011,0.00967,0.00982,0.06818,0.18384,-4.62941,2.69112,1.87936,-0.53251,-0.21042,-37.42661
20260926-133259,20260926-133259-8,0,58585.597,0.29346,0.18393,0.60501,0.80434,-0.07196,0.58101,0.14494,0.18373,0.03844,0.02744,8e-05,0.96687,0.96855,8e-05,0.00563,0.00544,0.04618,0.10755,-4.51168,2.72068,1.75664,-0.52163,-0.22939,-37.46199
20260926-133259,20260926-133259-8,0,58585.631,0.28832,0.15886,0.59571,0.80182,-0.05476,0.57288,0.09423,0.12345,0.06314,0.04963,8e-05,0.96876,0.96934,7e-05,0.00532,0.00487,0.04247,0.08881,-4.39554,2.78348,1.78032,-0.51577,-0.25542,-37.52551
20260926-133259,20260926-133259-8,0,58585.678,0.27884,0.14573,0.58311,0.79802,-0.04378,0.56852,0.06935,0.09477,0.0868,0.07094,9e-05,0.97038,0.97031,6e-05,0.0055,0.00518,0.03887,0.08696,-4.22899,2.882,1.83261,-0.51462,-0.2936,-37.61935
20260926-133259,20260926-133259-8,0,58585.709,0.27816,0.14078,0.56588,0.79668,-0.04089,0.56067,0.05964,0.0824,0.10085,0.0842,0.0001,0.96991,0.96974,6e-05,0.00652,0.00697,0.04053,0.10586,-4.06863,2.93426,1.88704,-0.51353,-0.32217,-37.69495
20260926-133259,20260926-133259-8,0,58585.727,0.28029,0.13758,0.55803,0.79535,-0.039,0.55459,0.05518,0.07533,0.10865,0.09224,0.0001,0.96876,0.96865,6e-05,0.00724,0.00808,0.044,0.11736,-4.021,3.00449,1.92469,-0.51167,-0.32874,-37.71819
20260926-133259,20260926-133259-8,0,58585.742,0.27961,0.13593,0.55035,0.79645,-0.03763,0.5487,0.05254,0.07108,0.11465,0.09834,0.0001,0.96934,0.96924,6e-05,0.00812,0.00966,0.04756,0.1321,-3.98121,3.03806,1.93661,-0.50748,-0.33693,-37.7497
20260926-133259,20260926-133259-8,0,58585.807,0.28343,0.12538,0.5166,0.7946,-0.03004,0.52139,0.04115,0.05398,0.15165,0.13158,0.00011,0.96894,0.96863,6e-05,0.01327,0.01794,0.06642,0.20225,-3.76888,3.11829,1.91674,-0.49986,-0.35665,-37.83405
20260926-133259,20260926-133259-8,0,58585.839,0.28654,0.12601,0.50597,0.79544,-0.0309,0.5111,0.04128,0.05378,0.15332,0.13305,0.00011,0.96802,0.96764,7e-05,0.01673,0.02259,0.07852,0.24058,-3.62484,3.15286,1.93939,-0.49798,-0.36223,-37.85509
20260926-133259,20260926-133259-8,0,58585.871,0.28656,0.12999,0.50311,0.79801,-0.03325,0.50737,0.04371,0.05725,0.14679,0.12652,0.00011,0.96819,0.96775,7e-05,0.01924,0.02571,0.08503,0.26437,-3.5213,3.11308,1.94379,-0.49279,-0.3675,-37.87806
20260926-133259,20260926-133259-8,0,58585.901,0.28496,0.13256,0.50112,0.79984,-0.03428,0.50497,0.04475,0.05884,0.14484,0.12424,0.00011,0.96842,0.96789,7e-05,0.02129,0.02799,0.08959,0.27973,-3.40978,3.0592,1.94802,-0.48714,-0.37176,-37.89441
20260926-133259,20260926-133259-8,0,58585.936,0.28247,0.13635,0.50342,0.80022,-0.03558,0.50406,0.04562,0.06036,0.14379,0.12288,0.00012,0.96802,0.96736,7e-05,0.02417,0.02983,0.09517,0.28035,-3.26048,3.01451,1.9275,-0.47752,-0.37436,-37.92096
20260926-133259,20260926-133259-8,0,58585.964,0.27615,0.13871,0.49608,0.80314,-0.03591,0.50249,0.04427,0.05871,0.14934,0.12776,0.00012,0.96886,0.96806,6e-05,0.02801,0.0349,0.099,0.30851,-3.05413,2.98368,1.91996,-0.46671,-0.37426,-37.92393
20260926-133259,20260926-133259-8,0,58585.996,0.27078,0.14004,0.4717,0.80608,-0.03552,0.48882,0.04132,0.05481,0.16324,0.14056,0.00013,0.97013,0.96926,6e-05,0.04017,0.05638,0.11415,0.37682,-2.78645,3.02718,1.94087,-0.44962,-0.37358,-37.93993
20260926-133259,20260926-133259-8,0,58586.048,0.28102,0.13907,0.43994,0.80508,-0.03663,0.45421,0.0399,0.05399,0.17566,0.15112,0.00014,0.96733,0.96613,7e-05,0.07495,0.08659,0.16415,0.42744,-2.39485,3.10537,1.91049,-0.4229,-0.37609,-37.94413
20260926-133259,20260926-133259-8,0,58586.081,0.2824,0.13467,0.41715,0.80649,-0.03712,0.43583,0.03764,0.05041,0.19005,0.16442,0.00014,0.96663,0.96532,8e-05,0.09888,0.11072,0.19104,0.45045,-2.17431,3.13156,1.87792,-0.40659,-0.38245,-37.95683
20260926-133259,20260926-133259-8,0,58586.093,0.28242,0.13294,0.4104,0.80751,-0.03713,0.43096,0.03676,0.04902,0.19524,0.16926,0.00013,0.96664,0.96531,8e-05,0.1051,0.11684,0.19826,0.45629,-2.109,3.15254,1.87306,-0.40327,-0.38377,-37.95733
20260926-133259,20260926-133259-8,0,58586.109,0.28571,0.12921,0.39654,0.8044,-0.03628,0.41537,0.03395,0.04613,0.20883,0.18407,0.00015,0.96453,0.9631,8e-05,0.13286,0.13189,0.21951,0.46505,-1.95823,3.2319,1.83935,-0.39876,-0.38828,-37.98537
20260926-133259,20260926-133259-8,0,58586.144,0.29377,0.1159,0.36961,0.80043,-0.0306,0.39637,0.02682,0.03759,0.24859,0.2303,0.00016,0.96055,0.95912,0.0001,0.1696,0.15919,0.23571,0.48067,-1.78136,3.30347,1.80638,-0.39129,-0.40447,-38.05193
20260926-133259,20260926-133259-8,0,58586.207,0.30268,0.0946,0.33306,0.78615,-0.02558,0.36367,0.01971,0.02635,0.31696,0.30879,0.00021,0.95158,0.95031,0.00012,0.23076,0.21652,0.25861,0.48095,-1.64505,3.34786,1.80053,-0.38666,-0.42884,-38.09598
20260926-133259,20260926-133259-8,0,58586.24,0.31015,0.07591,0.2886,0.77298,-0.02234,0.34372,0.01595,0.01994,0.37278,0.37032,0.00026,0.94143,0.94061,0.00015,0.27062,0.28346,0.2572,0.48639,-1.58302,3.4311,1.82385,-0.38812,-0.44233,-38.12478
20260926-133259,20260926-133259-8,0,58586.268,0.34029,0.05082,0.21641,0.74628,-0.01503,0.28698,0.0114,0.01306,0.4654,0.47511,0.00039,0.90958,0.90974,0.00027,0.37529,0.39959,0.27878,0.4939,-1.50776,3.59322,1.83732,-0.39243,-0.44938,-38.12912
20260926-133259,20260926-133259-8,0,58586.304,0.37336,0.02307,0.15019,0.72463,-0.00624,0.24866,0.00838,0.0089,0.55224,0.57067,0.00057,0.86061,0.86083,0.00056,0.44819,0.50316,0.2962,0.52294,-1.46722,3.70128,1.85092,-0.40008,-0.45699,-38.10912
20260926-133259,20260926-133259-8,0,58586.335,0.38964,0.01116,0.12131,0.7024,-0.00458,0.22813,0.00769,0.00774,0.5801,0.60053,0.00089,0.80677,0.80569,0.00086,0.48413,0.55274,0.31215,0.54388,-1.46506,3.73072,1.87288,-0.40514,-0.46443,-38.09387
20260926-133259,20260926-133259-8,0,58586.364,0.4003,0.00452,0.10431,0.68899,-0.00395,0.21946,0.0074,0.00724,0.59397,0.61501,0.00118,0.76276,0.76091,0.00117,0.49831,0.57508,0.32265,0.56388,-1.47977,3.75194,1.88487,-0.41032,-0.47156,-38.08087
20260926-133259,20260926-133259-8,0,58586.415,0.4174,-0.00177,0.08796,0.6735,-0.00277,0.21155,0.00704,0.00669,0.61073,0.63213,0.00162,0.69691,0.69333,0.00181,0.51065,0.59546,0.33589,0.58071,-1.51644,3.7114,1.89213,-0.42018,-0.48185,-38.05116
20260926-133259,20260926-133259-8,0,58586.446,0.43145,-0.00541,0.08037,0.65523,-0.00075,0.20081,0.00662,0.00634,0.62342,0.64595,0.00234,0.6213,0.61775,0.00259,0.52718,0.60227,0.34768,0.58616,-1.56078,3.70493,1.87315,-0.43378,-0.48641,-38.02991
20260926-133259,20260926-133259-8,0,58586.46,0.43458,-0.00699,0.07711,0.65019,0.0007,0.19616,0.00639,0.00616,0.62957,0.65259,0.00258,0.60058,0.59726,0.00283,0.53429,0.60529,0.35258,0.58904,-1.58167,3.69795,1.86759,-0.43809,-0.48857,-38.02349
20260926-133259,20260926-133259-8,0,58586.476,0.43136,-0.00856,0.07493,0.64183,0.00213,0.19122,0.00607,0.00591,0.63809,0.6615,0.00299,0.58722,0.58629,0.0027,0.5415,0.60718,0.35689,0.59166,-1.63369,3.65723,1.85005,-0.44533,-0.49447,-38.02549
20260926-133259,20260926-133259-8,0,58586.512,0.4369,-0.01313,0.06533,0.63156,0.00403,0.18553,0.00566,0.00542,0.65244,0.6761,0.00364,0.54772,0.54782,0.00315,0.54779,0.6195,0.36457,0.59991,-1.70476,3.64522,1.85466,-0.4635,-0.4993,-38.00006
20260926-133259,20260926-133259-8,0,58586.542,0.44272,-0.01574,0.06248,0.62369,0.00559,0.18205,0.00544,0.00519,0.66002,0.68415,0.00418,0.51768,0.51819,0.00356,0.54988,0.62341,0.37084,0.60333,-1.78986,3.61399,1.86471,-0.47345,-0.50382,-37.99636
20260926-133259,20260926-133259-8,0,58586.608,0.45269,-0.01875,0.06266,0.61603,0.00701,0.18054,0.00538,0.00505,0.66359,0.68789,0.00485,0.47637,0.4765,0.00438,0.54658,0.62326,0.38029,0.60494,-1.88918,3.61,1.87705,-0.4904,-0.51087,-37.98856
20260926-133259,20260926-133259-8,0,58586.636,0.45833,-0.0206,0.06003,0.61189,0.00781,0.17798,0.00535,0.00498,0.6656,0.6899,0.00522,0.45382,0.45364,0.00497,0.54788,0.62643,0.38633,0.60943,-1.93689,3.6282,1.88045,-0.49766,-0.51227,-37.98281
20260926-133259,20260926-133259-8,0,58586.67,0.46423,-0.02222,0.05925,0.60915,0.00874,0.1756,0.00539,0.00496,0.6652,0.68922,0.00543,0.43396,0.43336,0.00571,0.54852,0.62687,0.39511,0.61241,-1.96921,3.63899,1.87681,-0.50548,-0.51599,-37.99098
20260926-133259,20260926-133259-8,0,58586.702,0.46882,-0.02382,0.05884,0.60793,0.00957,0.17388,0.0054,0.00492,0.66536,0.68916,0.00549,0.42113,0.41993,0.00636,0.54877,0.62703,0.40209,0.61479,-2.00828,3.66849,1.86938,-0.5138,-0.51969,-37.98896
20260926-133259,20260926-133259-8,0,58586.735,0.4959,-0.02285,0.0562,0.5984,0.00921,0.17131,0.00572,0.00524,0.65728,0.68294,0.007,0.32821,0.32459,0.01235,0.55125,0.63154,0.41706,0.62452,-2.04346,3.75585,1.87524,-0.52411,-0.51886,-37.9754
20260926-133259,20260926-133259-8,0,58586.783,0.51951,-0.01233,0.06604,0.59002,0.00628,0.17697,0.00657,0.0063,0.62882,0.65773,0.01034,0.23865,0.24397,0.02143,0.54055,0.61599,0.42829,0.61836,-2.07693,3.84648,1.96333,-0.5428,-0.52413,-38.01328
20260926-133259,20260926-133259-8,0,58586.793,0.52247,-0.01086,0.06781,0.58782,0.00566,0.17769,0.00671,0.00645,0.62453,0.65427,0.01127,0.22485,0.23412,0.02278,0.5382,0.61343,0.43083,0.61809,-2.08145,3.86504,1.97683,-0.54605,-0.52437,-38.01341
20260926-133259,20260926-133259-8,0,58586.814,0.53456,-0.00655,0.07911,0.57095,-0.00025,0.18129,0.00762,0.00728,0.59685,0.62853,0.01958,0.15425,0.17037,0.0323,0.52879,0.5994,0.43963,0.61416,-2.10859,3.95927,2.04253,-0.55857,-0.52146,-38.0082
20260926-133259,20260926-133259-8,0,58586.847,0.54834,0.0268,0.18987,0.58247,-0.0276,0.27285,0.01371,0.01444,0.44208,0.47599,0.02266,0.12161,0.14817,0.04008,0.39209,0.41018,0.40289,0.57449,-2.251,4.05177,2.15246,-0.58042,-0.51936,-38.00396
20260926-133259,20260926-133259-8,0,58586.876,0.59138,0.05628,0.27738,0.57049,-0.05508,0.33865,0.02453,0.02717,0.29857,0.31772,0.06188,0.04756,0.07081,0.08742,0.29244,0.27237,0.38156,0.55431,-2.34237,4.07277,2.26512,-0.59761,-0.52005,-38.00779
20260926-133259,20260926-133259-8,0,58586.909,0.61714,0.07051,0.31773,0.55159,-0.06943,0.3676,0.03447,0.03811,0.23727,0.23332,0.12846,0.02337,0.03888,0.14466,0.24339,0.21657,0.37159,0.53927,-2.39496,4.10351,2.36974,-0.61411,-0.52161,-37.98955
20260926-133259,20260926-133259-8,0,58586.943,0.63642,0.07559,0.33778,0.53429,-0.07595,0.37562,0.04115,0.04732,0.20011,0.19145,0.22008,0.01294,0.02372,0.2088,0.22636,0.18437,0.3754,0.52652,-2.45122,4.16565,2.43107,-0.62807,-0.5215,-37.95657
20260926-133259,20260926-133259-8,0,58587.007,0.63936,0.07847,0.34953,0.53186,-0.07828,0.37466,0.04782,0.056,0.17465,0.16455,0.2298,0.01212,0.02219,0.21748,0.21888,0.16776,0.38652,0.51371,-2.51866,4.22931,2.42912,-0.63448,-0.52803,-37.91457
20260926-133259,20260926-133259-8,0,58587.037,0.63788,0.08001,0.35028,0.53169,-0.07947,0.37198,0.05186,0.06082,0.16336,0.15359,0.22591,0.01252,0.02243,0.21435,0.22081,0.17076,0.39164,0.50437,-2.54528,4.25268,2.41581,-0.63366,-0.53489,-37.90677
20260926-133259,20260926-133259-8,0,58587.071,0.63597,0.08092,0.35247,0.53399,-0.08018,0.37073,0.05589,0.06543,0.15313,0.14455,0.21481,0.01332,0.02399,0.20479,0.2203,0.17027,0.39622,0.50098,-2.57471,4.28073,2.39058,-0.63103,-0.54028,-37.90287
20260926-133259,20260926-133259-9,0,58592.031,0.54233,0.17769,0.52531,0.62608,-0.16043,0.50946,0.25817,0.29901,0.02399,0.01787,0.00397,0.32578,0.32112,0.0143,0.05726,0.01878,0.17032,0.26158,-3.52907,-3.5068,3.22248,-0.50955,0.93742,-38.12963
20260926-133259,20260926-133259-9,0,58592.061,0.53138,0.17675,0.52513,0.63024,-0.15811,0.50981,0.24642,0.28538,0.02565,0.01937,0.00327,0.37241,0.35584,0.01167,0.05481,0.01861,0.16668,0.26703,-3.42257,-3.73138,3.23434,-0.50992,0.95084,-38.14354
20260926-133259,20260926-133259-9,0,58592.094,0.5284,0.17532,0.52545,0.63187,-0.15675,0.50913,0.2422,0.28066,0.02621,0.02011,0.00309,0.3884,0.37082,0.01076,0.05409,0.0188,0.16578,0.26408,-3.37408,-3.88444,3.21043,-0.51171,0.96368,-38.16774
20260926-133259,20260926-133259-9,0,58592.126,0.52834,0.17373,0.52515,0.63267,-0.15629,0.50899,0.23922,0.27635,0.02652,0.02081,0.00305,0.39053,0.37319,0.01069,0.05279,0.01914,0.16768,0.25916,-3.34671,-4.02019,3.2333,-0.51504,0.96727,-38.20353
20260926-133259,20260926-133259-9,0,58592.157,0.52879,0.17302,0.52602,0.63458,-0.15597,0.51005,0.23799,0.27525,0.02659,0.02099,0.00299,0.39212,0.37495,0.01071,0.05094,0.01871,0.16512,0.25386,-3.33647,-4.06516,3.25959,-0.51913,0.96728,-38.24444
20260926-133259,20260926-133259-9,0,58592.19,0.52972,0.17224,0.52738,0.63579,-0.15515,0.51142,0.23952,0.27632,0.02643,0.02092,0.00301,0.38821,0.37177,0.01098,0.04933,0.01827,0.16343,0.24657,-3.35911,-4.0352,3.27144,-0.52182,0.96763,-38.27499
20260926-133259,20260926-133259-9,0,58592.222,0.53046,0.1722,0.52863,0.63644,-0.15462,0.5126,0.24108,0.27767,0.02616,0.02074,0.00303,0.3848,0.3694,0.0112,0.04795,0.018,0.16273,0.24153,-3.36445,-4.01537,3.28309,-0.52555,0.96304,-38.29769
20260926-133259,20260926-133259-9,0,58592.268,0.53107,0.17284,0.5288,0.63459,-0.15473,0.51303,0.24486,0.28167,0.02567,0.02024,0.00322,0.37578,0.36179,0.01136,0.04776,0.01809,0.16441,0.24135,-3.35939,-3.98558,3.29961,-0.53074,0.9582,-38.3236
20260926-133259,20260926-133259-9,0,58592.3,0.53089,0.17307,0.52861,0.6362,-0.1548,0.51366,0.24983,0.28734,0.02519,0.01966,0.00319,0.3785,0.36499,0.01118,0.04772,0.01794,0.16373,0.24572,-3.35602,-3.96944,3.3168,-0.53532,0.95445,-38.3392
20260926-133259,20260926-133259-9,0,58592.336,0.5321,0.17314,0.52957,0.63677,-0.15491,0.51445,0.25464,0.29303,0.02476,0.01913,0.00319,0.37745,0.36432,0.01125,0.04734,0.01743,0.16249,0.24591,-3.35156,-3.94779,3.32982,-0.53894,0.95201,-38.34598
20260926-133259,20260926-133259-9,0,58592.364,0.53199,0.17328,0.5294,0.63731,-0.15499,0.51509,0.25756,0.29647,0.02446,0.01881,0.00317,0.37949,0.36656,0.01109,0.04687,0.01723,0.16067,0.24735,-3.33747,-3.92078,3.3386,-0.54157,0.95123,-38.34757
20260926-133259,20260926-133259-9,0,58592.396,0.53151,0.17318,0.52753,0.63801,-0.15488,0.51443,0.25809,0.29676,0.0244,0.01882,0.00312,0.38274,0.36955,0.01092,0.04686,0.01765,0.16022,0.25236,-3.32093,-3.9009,3.35491,-0.54399,0.95022,-38.35003
20260926-133259,20260926-133259-9,0,58592.432,0.5315,0.17321,0.52461,0.63809,-0.1549,0.51184,0.25881,0.29728,0.02427,0.01878,0.00312,0.38279,0.37002,0.01089,0.04867,0.01859,0.16478,0.26111,-3.30539,-3.84529,3.35746,-0.54572,0.95109,-38.35145
20260926-133259,20260926-133259-9,0,58592.46,0.53159,0.1731,0.52194,0.63793,-0.15469,0.50869,0.25895,0.29726,0.02424,0.01875,0.00314,0.38205,0.36938,0.01089,0.05097,0.01939,0.17133,0.26884,-3.29751,-3.8089,3.35709,-0.54667,0.95025,-38.35221
20260926-133259,20260926-133259-9,0,58592.494,0.53201,0.17225,0.51963,0.63811,-0.15367,0.5056,0.25526,0.29317,0.02465,0.01921,0.00314,0.3816,0.36885,0.01096,0.05261,0.02017,0.17775,0.27477,-3.28757,-3.77973,3.36916,-0.54786,0.94652,-38.35907
20260926-133259,20260926-133259-9,0,58592.526,0.53181,0.17195,0.5179,0.6379,-0.1531,0.50434,0.25412,0.2918,0.02478,0.01937,0.00317,0.38153,0.36891,0.0109,0.0533,0.02075,0.18149,0.28088,-3.27488,-3.73865,3.37714,-0.5497,0.94328,-38.36153
20260926-133259,20260926-133259-9,0,58592.559,0.53157,0.17256,0.51547,0.63835,-0.15364,0.50154,0.25734,0.29485,0.02438,0.01903,0.00314,0.38319,0.37064,0.01081,0.05588,0.02182,0.18768,0.28953,-3.26442,-3.7018,3.38577,-0.55206,0.94044,-38.36641
20260926-133259,20260926-133259-9,0,58592.606,0.53386,0.1725,0.51411,0.63685,-0.15436,0.49985,0.25779,0.29497,0.02442,0.01911,0.00325,0.37501,0.36197,0.01134,0.05809,0.02272,0.19328,0.29588,-3.27257,-3.67945,3.39945,-0.5555,0.93523,-38.37146
20260926-133259,20260926-133259-9,0,58592.638,0.53468,0.17318,0.51405,0.6365,-0.155,0.50007,0.26069,0.29769,0.02403,0.01881,0.00327,0.37275,0.35955,0.01151,0.05821,0.02305,0.19472,0.2981,-3.27975,-3.65768,3.40367,-0.55893,0.93326,-38.37502
20260926-133259,20260926-133259-9,0,58592.669,0.53414,0.17385,0.51358,0.6371,-0.15536,0.49995,0.26368,0.30044,0.02361,0.01849,0.00324,0.37487,0.36163,0.01137,0.05811,0.02335,0.19627,0.30046,-3.28654,-3.64009,3.41498,-0.56382,0.93126,-38.37368
20260926-133259,20260926-133259-9,0,58592.703,0.53254,0.17403,0.51249,0.63771,-0.15513,0.49954,0.2644,0.30104,0.02345,0.01838,0.0032,0.37925,0.36564,0.01097,0.0577,0.02366,0.19691,0.30423,-3.30135,-3.61799,3.43136,-0.57102,0.92863,-38.37308
20260926-133259,20260926-133259-9,0,58592.732,0.5308,0.17466,0.51237,0.63834,-0.15521,0.4995,0.26514,0.30155,0.02325,0.01823,0.00313,0.38546,0.37121,0.01056,0.05742,0.02388,0.1976,0.30483,-3.32244,-3.56574,3.44019,-0.57826,0.9264,-38.36881
20260926-133259,20260926-133259-9,0,58592.764,0.53287,0.17541,0.51318,0.63782,-0.15575,0.49988,0.26926,0.30572,0.02276,0.01777,0.00315,0.38119,0.36721,0.0109,0.05739,0.02386,0.19774,0.30329,-3.34808,-3.51892,3.44138,-0.58458,0.92341,-38.36951
20260926-133259,20260926-133259-9,0,58592.796,0.53287,0.1762,0.5141,0.63716,-0.15631,0.50034,0.27119,0.30766,0.02246,0.01749,0.00318,0.37942,0.36595,0.01091,0.0571,0.02384,0.19715,0.30029,-3.36808,-3.50176,3.42986,-0.5914,0.91747,-38.36427
20260926-133259,20260926-133259-9,0,58592.831,0.54259,0.17495,0.51633,0.63258,-0.15686,0.50339,0.2728,0.30923,0.02222,0.01745,0.00367,0.34198,0.33378,0.01319,0.05497,0.02335,0.19291,0.28559,-3.39532,-3.49369,3.40792,-0.59633,0.90894,-38.36793
20260926-133259,20260926-133259-9,0,58592.863,0.60839,0.15976,0.50177,0.58407,-0.16169,0.49959,0.25225,0.27943,0.02471,0.02149,0.02241,0.08451,0.13385,0.05524,0.05752,0.02772,0.21604,0.28036,-3.38594,-3.48281,3.48185,-0.60716,0.89907,-38.36843
20260926-133259,20260926-133259-9,0,58592.893,0.64036,0.15421,0.49766,0.54216,-0.1674,0.50007,0.24077,0.26736,0.02604,0.02332,0.09311,0.02633,0.0465,0.13415,0.05704,0.02947,0.22698,0.27368,-3.37781,-3.48558,3.553,-0.61525,0.88673,-38.37079
20260926-133259,20260926-133259-9,0,58592.928,0.64791,0.14909,0.49655,0.52861,-0.16712,0.50015,0.22211,0.24673,0.02837,0.02652,0.13855,0.018,0.03359,0.17378,0.05485,0.02925,0.23405,0.26552,-3.40627,-3.4985,3.6229,-0.62649,0.87531,-38.37488
20260926-133259,20260926-133259-9,0,58592.975,0.64943,0.14617,0.49612,0.52192,-0.16593,0.49893,0.20932,0.23268,0.03013,0.02888,0.16309,0.01532,0.02925,0.19248,0.0541,0.02913,0.2451,0.25826,-3.41686,-3.48502,3.69455,-0.643,0.86425,-38.38765
20260926-133259,20260926-133259-9,0,58593.008,0.64714,0.14528,0.49724,0.52004,-0.16494,0.49873,0.20527,0.22846,0.03084,0.02967,0.16515,0.01539,0.02887,0.19064,0.05319,0.02858,0.25,0.2527,-3.44174,-3.46307,3.70615,-0.6573,0.86012,-38.39009
20260926-133259,20260926-133259-9,0,58593.039,0.6443,0.14396,0.49846,0.51892,-0.16345,0.49816,0.19856,0.22145,0.03207,0.03102,0.1633,0.0158,0.02907,0.18651,0.05224,0.02791,0.25363,0.24632,-3.49033,-3.44891,3.72644,-0.67224,0.85623,-38.38932
20260926-133259,20260926-133259-9,0,58593.073,0.64139,0.14403,0.49857,0.521,-0.16264,0.49739,0.19965,0.22211,0.03186,0.03087,0.15026,0.01721,0.03124,0.1763,0.05169,0.02785,0.25706,0.24669,-3.58,-3.36186,3.73132,-0.68753,0.85732,-38.38829
20260926-133259,20260926-133259-9,0,58593.101,0.63799,0.14397,0.49863,0.52319,-0.16141,0.4965,0.19857,0.22103,0.0321,0.03113,0.13669,0.01901,0.03387,0.16493,0.05149,0.02789,0.25926,0.24854,-3.65729,-3.30056,3.72779,-0.70457,0.8575,-38.38679
20260926-133259,20260926-133259-9,0,58593.135,0.63553,0.14411,0.49789,0.52645,-0.16041,0.49588,0.19911,0.22073,0.03212,0.03127,0.1231,0.02106,0.03703,0.15455,0.05104,0.02831,0.26146,0.25229,-3.73312,-3.26364,3.73821,-0.72005,0.8562,-38.39138
20260926-133259,20260926-133259-9,0,58593.164,0.63349,0.14497,0.49879,0.52899,-0.16007,0.49601,0.20097,0.22216,0.03174,0.03096,0.11183,0.02306,0.04005,0.14527,0.05032,0.0282,0.2619,0.25185,-3.78586,-3.25258,3.74627,-0.73019,0.85275,-38.39813
20260926-133259,20260926-133259-9,0,58593.199,0.63536,0.14563,0.49806,0.53057,-0.16042,0.49531,0.20487,0.22564,0.03108,0.03025,0.10972,0.02316,0.04089,0.14606,0.05105,0.02876,0.26527,0.25468,-3.83728,-3.21267,3.7404,-0.73736,0.85051,-38.40228
20260926-133259,20260926-133259-9,0,58593.23,0.63368,0.14584,0.49822,0.53217,-0.16005,0.49501,0.20565,0.22623,0.03093,0.03011,0.10313,0.02456,0.04297,0.14037,0.05095,0.02879,0.2662,0.25495,-3.89236,-3.1779,3.74048,-0.74255,0.84899,-38.40284
20260926-133259,20260926-133259-9,0,58593.263,0.63132,0.14589,0.49829,0.53367,-0.15981,0.49439,0.20531,0.22587,0.03087,0.03015,0.09532,0.02651,0.0457,0.13266,0.05114,0.02895,0.26711,0.25349,-3.94809,-3.16191,3.73239,-0.75154,0.8457,-38.40056
20260926-133259,20260926-133259-9,0,58593.295,0.6293,0.14653,0.49813,0.53552,-0.15996,0.49355,0.20707,0.22722,0.0305,0.02984,0.08671,0.02894,0.04931,0.12446,0.05167,0.02952,0.26926,0.25226,-4.03033,-3.14631,3.74299,-0.76277,0.84407,-38.39809
20260926-133259,20260926-133259-9,0,58593.342,0.62767,0.1466,0.49909,0.53669,-0.15998,0.4928,0.2102,0.23019,0.02983,0.02917,0.08191,0.03049,0.05131,0.11932,0.05174,0.02913,0.26946,0.24505,-4.11068,-3.095,3.73399,-0.78072,0.84271,-38.39455
20260926-133259,20260926-133259-9,0,58593.374,0.62535,0.14608,0.50039,0.5373,-0.15909,0.49214,0.21066,0.23085,0.02955,0.02893,0.07855,0.03175,0.05261,0.11464,0.05097,0.02821,0.26898,0.23539,-4.15541,-3.06472,3.74342,-0.79498,0.84182,-38.39677
20260926-133259,20260926-133259-9,0,58593.408,0.62357,0.14609,0.50156,0.53702,-0.15911,0.49255,0.21025,0.2308,0.02957,0.02889,0.07775,0.03234,0.05281,0.11241,0.05044,0.0277,0.26685,0.23285,-4.17309,-3.06313,3.77095,-0.80881,0.83794,-38.3988
20260926-133259,20260926-133259-9,0,58593.44,0.62308,0.14696,0.50246,0.53674,-0.15988,0.49284,0.21074,0.23166,0.02937,0.0286,0.07676,0.03275,0.05322,0.11116,0.05006,0.0274,0.26429,0.23154,-4.21309,-3.07801,3.78876,-0.8182,0.83263,-38.40048
20260926-133259,20260926-133259-9,0,58593.471,0.62167,0.14717,0.50364,0.53819,-0.16019,0.49191,0.21331,0.23371,0.02878,0.02817,0.07176,0.0347,0.0559,0.10631,0.05017,0.02686,0.26739,0.22638,-4.2914,-3.05904,3.78691,-0.82687,0.82785,-38.39392
20260926-133259,20260926-133259-9,0,58593.502,0.62155,0.1481,0.5052,0.53883,-0.16111,0.49124,0.21628,0.23573,0.02823,0.02768,0.06933,0.03553,0.05748,0.10477,0.05109,0.02675,0.27064,0.22101,-4.37449,-3.04135,3.77631,-0.83555,0.8221,-38.39571
20260926-133259,20260926-133259-9,0,58593.535,0.62053,0.14863,0.50618,0.5418,-0.16174,0.49027,0.22108,0.23972,0.0275,0.02693,0.06406,0.03786,0.06109,0.10032,0.05254,0.02674,0.27698,0.21982,-4.42821,-2.99557,3.76842,-0.84664,0.81499,-38.39632
20260926-133259,20260926-133259-9,0,58593.565,0.61996,0.14928,0.50733,0.54286,-0.16237,0.48909,0.22541,0.24355,0.02683,0.02632,0.06105,0.03951,0.06333,0.0973,0.0538,0.02679,0.28299,0.21714,-4.4885,-2.98055,3.76862,-0.85614,0.80542,-38.3951
20260926-133259,20260926-133259-9,0,58593.598,0.6209,0.13336,0.51451,0.52967,-0.14946,0.49502,0.16736,0.18743,0.03798,0.03954,0.08485,0.03117,0.04891,0.1149,0.04377,0.02202,0.26022,0.17124,-4.49041,-2.99954,3.86983,-0.86932,0.77888,-38.40654
20260926-133259,20260926-133259-9,0,58593.628,0.62843,0.1206,0.51909,0.51723,-0.13644,0.50179,0.12492,0.14497,0.05339,0.0551,0.12133,0.02275,0.0365,0.14272,0.03585,0.01823,0.22466,0.14336,-4.47679,-3.05949,3.93469,-0.87243,0.74389,-38.42395
20260926-133259,20260926-133259-9,0,58593.662,0.63703,0.11454,0.51554,0.5085,-0.13149,0.50042,0.10735,0.12463,0.06449,0.06467,0.15976,0.01713,0.0289,0.17337,0.03608,0.01818,0.22114,0.14601,-4.47583,-3.10124,3.95879,-0.87336,0.72175,-38.42113
20260926-133259,20260926-133259-9,0,58593.709,0.64214,0.11271,0.51267,0.50528,-0.13036,0.49849,0.10293,0.11964,0.06813,0.0676,0.18153,0.01487,0.02596,0.19112,0.03799,0.01878,0.22428,0.15022,-4.48208,-3.10707,3.94199,-0.87429,0.70503,-38.41684
20260926-133259,20260926-133259-9,0,58593.744,0.6431,0.1112,0.51107,0.50305,-0.12942,0.49756,0.09823,0.11424,0.07175,0.07082,0.19017,0.01414,0.02486,0.19578,0.03916,0.01938,0.22718,0.15184,-4.51386,-3.08644,3.94653,-0.87758,0.69446,-38.40461
20260926-133259,20260926-133259-9,0,58593.761,0.64478,0.1114,0.50981,0.50192,-0.12979,0.49689,0.09836,0.11498,0.07156,0.07038,0.19566,0.01365,0.02425,0.19934,0.04014,0.01991,0.22887,0.15515,-4.52725,-3.07377,3.94845,-0.87853,0.68955,-38.39974
20260926-133259,20260926-133259-9,0,58593.807,0.64608,0.11015,0.51064,0.50095,-0.12901,0.49841,0.09546,0.11219,0.07392,0.0721,0.2003,0.01312,0.02374,0.20409,0.03921,0.01922,0.22109,0.15373,-4.56759,-3.04897,3.92627,-0.88496,0.67779,-38.3854
20260926-133259,20260926-133259-9,0,58593.836,0.64579,0.10947,0.5101,0.50089,-0.12821,0.49741,0.09415,0.11079,0.07523,0.07309,0.20077,0.01308,0.0237,0.20455,0.03966,0.01918,0.22229,0.15553,-4.5808,-3.04342,3.91466,-0.88837,0.66995,-38.37714
20260926-133259,20260926-133259-9,0,58593.871,0.64655,0.10998,0.50823,0.50154,-0.12898,0.49462,0.09646,0.11356,0.0733,0.0714,0.20005,0.01305,0.02387,0.20526,0.04164,0.01972,0.2299,0.16009,-4.61927,-3.00205,3.89588,-0.88919,0.6656,-38.37264
20260926-133259,20260926-133259-9,0,58593.9,0.65084,0.11005,0.50548,0.50042,-0.12977,0.49099,0.09724,0.11485,0.07268,0.07075,0.20937,0.0121,0.02303,0.21449,0.0447,0.02042,0.24136,0.16598,-4.62887,-2.98769,3.88283,-0.8891,0.66062,-38.36871
20260926-133259,20260926-133259-9,0,58593.935,0.65393,0.11041,0.50327,0.49868,-0.13075,0.4885,0.09841,0.11669,0.07175,0.06963,0.21937,0.01136,0.02213,0.22165,0.0467,0.02098,0.24762,0.17104,-4.64461,-2.96561,3.86929,-0.88831,0.65711,-38.36933
20260926-133259,20260926-133259-9,0,58593.968,0.65607,0.1105,0.50196,0.49786,-0.13186,0.48661,0.09947,0.11799,0.07092,0.06894,0.22404,0.01097,0.02179,0.22619,0.04836,0.02131,0.25365,0.17483,-4.66245,-2.95658,3.84055,-0.88701,0.65151,-38.36801
20260926-133259,20260926-133259-9,0,58593.997,0.65649,0.11083,0.50112,0.49797,-0.13288,0.48536,0.10067,0.11926,0.06985,0.06815,0.2246,0.0109,0.02177,0.22679,0.04961,0.02158,0.25765,0.17701,-4.68466,-2.9431,3.81192,-0.88648,0.64667,-38.36098
20260926-133259,20260926-133259-9,0,58594.03,0.6579,0.11149,0.50003,0.4981,-0.13392,0.4844,0.10274,0.12136,0.0682,0.06691,0.22619,0.01072,0.02168,0.22921,0.05051,0.02207,0.26144,0.17941,-4.69658,-2.93238,3.7875,-0.88646,0.64046,-38.35859
20260926-133259,20260926-133259-9,0,58594.079,0.65919,0.11167,0.49862,0.49831,-0.1345,0.48346,0.10374,0.12242,0.06747,0.0664,0.22769,0.01055,0.0216,0.23151,0.05154,0.02253,0.26519,0.18356,-4.72239,-2.90247,3.76075,-0.88639,0.63631,-38.35559
20260926-133259,20260926-133259-9,0,58594.109,0.65874,0.11237,0.49743,0.49999,-0.13514,0.48186,0.10614,0.12468,0.06587,0.06526,0.2214,0.01088,0.02226,0.229,0.05333,0.02336,0.27234,0.18805,-4.75174,-2.86612,3.74641,-0.8873,0.63543,-38.34999
20260926-133259,20260926-133259-9,0,58594.127,0.6583,0.11277,0.49662,0.50107,-0.13548,0.4809,0.10762,0.12609,0.06495,0.06455,0.2176,0.0111,0.02266,0.22718,0.05443,0.02386,0.27632,0.1907,-4.76693,-2.83001,3.73784,-0.88744,0.63598,-38.3453
20260926-133259,20260926-133259-9,0,58594.143,0.60724,0.12719,0.48641,0.55151,-0.13962,0.47044,0.13475,0.15085,0.05098,0.05408,0.04578,0.05418,0.0806,0.07813,0.06114,0.03215,0.30103,0.25174,-4.78865,-2.81555,3.71387,-0.88658,0.63627,-38.35588
20260926-133259,20260926-133259-9,0,58594.208,0.3628,0.18718,0.52218,0.74738,-0.13333,0.49963,0.19659,0.21687,0.02899,0.02308,0.00026,0.89561,0.89439,0.0004,0.03199,0.02225,0.18894,0.30389,-4.91546,-2.80081,3.66247,-0.87593,0.66042,-38.28545
20260926-133259,20260926-133259-9,0,58594.238,0.31155,0.19733,0.55514,0.77859,-0.1243,0.51936,0.19907,0.22592,0.02774,0.02049,0.00012,0.95099,0.95189,0.00014,0.01888,0.0143,0.12465,0.24609,-4.97381,-2.83635,3.58296,-0.8663,0.67068,-38.2557
20260926-133259,20260926-133259-9,0,58594.271,0.29895,0.19917,0.57564,0.78238,-0.12001,0.53403,0.19522,0.22658,0.028,0.02009,0.0001,0.95896,0.96024,0.00011,0.01293,0.01037,0.08859,0.20381,-4.99727,-2.914,3.54069,-0.85975,0.6781,-38.23355
20260926-133259,20260926-133259-9,0,58594.301,0.29417,0.20002,0.57855,0.78549,-0.11819,0.54033,0.18628,0.21916,0.02945,0.02095,9e-05,0.96229,0.96371,0.0001,0.01141,0.01,0.07383,0.19747,-4.98716,-2.99869,3.53591,-0.85467,0.68238,-38.23095
20260926-133259,20260926-133259-9,0,58594.335,0.29797,0.1999,0.58169,0.78304,-0.11802,0.54649,0.18241,0.21631,0.0301,0.02138,9e-05,0.96001,0.96168,0.00011,0.01046,0.0094,0.0638,0.18774,-4.9528,-3.02529,3.53563,-0.85087,0.68844,-38.23606
20260926-133259,20260926-133259-9,0,58594.364,0.29637,0.20018,0.58142,0.782,-0.11801,0.54987,0.1793,0.21382,0.03077,0.02171,9e-05,0.95951,0.96123,0.00011,0.01035,0.00953,0.05909,0.19062,-4.87793,-3.0635,3.53141,-0.84931,0.69361,-38.24492
20260926-133259,20260926-133259-9,0,58594.396,0.29365,0.20128,0.58253,0.78094,-0.11843,0.5526,0.1801,0.21546,0.03058,0.0213,0.0001,0.95965,0.96136,0.00011,0.01029,0.00954,0.05607,0.19061,-4.83328,-3.07176,3.50107,-0.84722,0.69849,-38.2458
20260926-133259,20260926-133259-9,0,58594.445,0.29429,0.19768,0.57918,0.78106,-0.11653,0.55255,0.17041,0.20406,0.0325,0.02323,0.0001,0.95911,0.96079,0.00011,0.01018,0.00991,0.05515,0.19299,-4.80273,-3.09149,3.49099,-0.84779,0.70178,-38.25553
20260926-133259,20260926-133259-9,0,58594.478,0.27709,0.19686,0.57582,0.78446,-0.11566,0.55094,0.16631,0.19858,0.03314,0.02388,9e-05,0.96553,0.96659,8e-05,0.01038,0.01066,0.05591,0.20186,-4.78108,-3.17466,3.4879,-0.84793,0.69656,-38.27862
20260926-133259,20260926-133259-9,0,58594.495,0.2678,0.1964,0.57414,0.78427,-0.11544,0.54985,0.1646,0.19614,0.03323,0.02402,9e-05,0.96808,0.96883,7e-05,0.01043,0.01096,0.0563,0.20564,-4.78318,-3.22328,3.48841,-0.84804,0.69389,-38.28966
20260926-133259,20260926-133259-9,0,58594.51,0.26022,0.19752,0.57518,0.78691,-0.11459,0.5514,0.16665,0.19864,0.0328,0.02342,9e-05,0.97079,0.97139,6e-05,0.01001,0.0109,0.05423,0.20277,-4.77305,-3.3305,3.48964,-0.84848,0.68589,-38.31191
20260926-133259,20260926-133259-9,0,58594.544,0.25537,0.19713,0.57997,0.79263,-0.11142,0.55425,0.167,0.19965,0.03307,0.02328,8e-05,0.97358,0.97415,5e-05,0.009,0.01003,0.04992,0.18447,-4.76404,-3.39951,3.49618,-0.85,0.67799,-38.34544
20260926-133259,20260926-133259-9,0,58594.606,0.2542,0.19266,0.57154,0.79958,-0.10799,0.5489,0.15608,0.18615,0.03629,0.02646,7e-05,0.97574,0.97624,5e-05,0.00937,0.01154,0.05294,0.18713,-4.74131,-3.52143,3.53054,-0.84814,0.6623,-38.39463
20260926-133259,20260926-133259-9,0,58594.638,0.25195,0.18553,0.54787,0.80803,-0.10148,0.53297,0.13136,0.1566,0.04446,0.03436,6e-05,0.97852,0.97895,5e-05,0.01185,0.01734,0.06177,0.21993,-4.70473,-3.6425,3.5761,-0.8465,0.63734,-38.44089
20260926-133259,20260926-133259-9,0,58594.672,0.24889,0.17334,0.5389,0.80923,-0.09081,0.52545,0.10177,0.122,0.05851,0.04886,6e-05,0.98025,0.98052,4e-05,0.01263,0.01959,0.06423,0.21023,-4.68007,-3.68498,3.5577,-0.84133,0.61206,-38.49654
20260926-133259,20260926-133259-9,0,58594.703,0.24467,0.17217,0.53259,0.81213,-0.08894,0.5209,0.09577,0.11449,0.06261,0.05367,6e-05,0.9816,0.98173,4e-05,0.01389,0.02295,0.06719,0.21937,-4.65516,-3.69304,3.52458,-0.83516,0.59912,-38.53704
20260926-133259,20260926-133259-9,0,58594.736,0.2361,0.17345,0.53286,0.81508,-0.08793,0.52197,0.09416,0.11278,0.06421,0.05516,6e-05,0.98286,0.98287,3e-05,0.01414,0.02409,0.06635,0.22288,-4.57874,-3.67732,3.50666,-0.82755,0.59278,-38.55701
20260926-133259,20260926-133259-9,0,58594.766,0.22896,0.17502,0.53423,0.81909,-0.08671,0.52369,0.09413,0.11337,0.06499,0.05536,6e-05,0.98357,0.98351,3e-05,0.01455,0.02435,0.06632,0.22679,-4.41572,-3.58281,3.47986,-0.81808,0.59496,-38.55736
20260926-133259,20260926-133259-9,0,58594.813,0.23054,0.17627,0.53705,0.82007,-0.08743,0.52704,0.09484,0.11508,0.0646,0.05475,7e-05,0.98236,0.98224,3e-05,0.01501,0.02357,0.06649,0.2223,-4.12553,-3.5151,3.45916,-0.80804,0.59618,-38.53849
20260926-133259,20260926-133259-9,0,58594.847,0.23188,0.17665,0.53882,0.82079,-0.08795,0.52908,0.09573,0.11643,0.0639,0.05425,7e-05,0.98157,0.98139,3e-05,0.0152,0.02303,0.06684,0.217,-3.90435,-3.46169,3.46243,-0.79953,0.59854,-38.52394
20260926-133259,20260926-133259-9,0,58594.86,0.23242,0.17683,0.53925,0.82061,-0.08825,0.53007,0.09601,0.11678,0.06369,0.05415,7e-05,0.98121,0.98102,4e-05,0.01521,0.02292,0.0667,0.21637,-3.83817,-3.44093,3.46457,-0.79738,0.59962,-38.51989
20260926-133259,20260926-133259-9,0,58594.877,0.23322,0.17663,0.53914,0.82003,-0.08849,0.53113,0.09607,0.11703,0.06349,0.05427,7e-05,0.98059,0.98032,4e-05,0.01518,0.02307,0.06681,0.21614,-3.73886,-3.40073,3.45916,-0.79435,0.60166,-38.51138
20260926-133259,20260926-133259-9,0,58594.911,0.23695,0.17577,0.53711,0.81831,-0.08913,0.53287,0.09569,0.11649,0.06357,0.05491,8e-05,0.97911,0.97875,4e-05,0.01516,0.02345,0.06659,0.21955,-3.56785,-3.36323,3.45192,-0.78976,0.6033,-38.5015
20260926-133259,20260926-133259-9,0,58594.941,0.23854,0.17594,0.53768,0.81867,-0.08903,0.53308,0.0955,0.11669,0.06373,0.055,8e-05,0.97873,0.97835,4e-05,0.01531,0.0232,0.06672,0.21834,-3.47487,-3.33217,3.46395,-0.78984,0.60426,-38.49444
20260926-133259,20260926-133259-9,0,58595.008,0.24046,0.17624,0.53838,0.81744,-0.08886,0.53176,0.09377,0.11555,0.06506,0.05552,8e-05,0.97832,0.97796,4e-05,0.01596,0.02275,0.0679,0.2191,-3.44652,-3.28954,3.48129,-0.79359,0.6029,-38.47934
20260926-133259,20260926-133259-9,0,58595.037,0.24314,0.1753,0.53662,0.8163,-0.0887,0.53114,0.09207,0.11361,0.06628,0.05677,8e-05,0.97769,0.97733,4e-05,0.01622,0.02306,0.06833,0.22337,-3.43683,-3.27739,3.4975,-0.79448,0.60189,-38.46993
20260926-133259,20260926-133259-9,0,58595.072,0.24382,0.17484,0.535,0.81555,-0.08847,0.53077,0.09074,0.11223,0.06726,0.05759,8e-05,0.97747,0.97709,4e-05,0.01646,0.02352,0.06849,0.22884,-3.41752,-3.2551,3.51583,-0.79577,0.60142,-38.46131
20260926-133259,20260926-133259-9,0,58595.1,0.24377,0.17411,0.53243,0.81516,-0.08799,0.5297,0.08888,0.11017,0.06874,0.05887,8e-05,0.97743,0.97704,4e-05,0.01679,0.0242,0.06912,0.23613,-3.40424,-3.2609,3.53174,-0.79666,0.59929,-38.45719
20260926-133259,20260926-133259-9,0,58595.133,0.2441,0.17322,0.53036,0.81525,-0.08743,0.52883,0.08711,0.10816,0.07023,0.06029,8e-05,0.97738,0.97697,4e-05,0.01706,0.02481,0.06988,0.24208,-3.39038,-3.24319,3.54289,-0.79783,0.59828,-38.45404
20260926-133259,20260926-133259-9,0,58595.18,0.2481,0.16843,0.52817,0.81409,-0.08425,0.52802,0.07932,0.0994,0.07769,0.0674,9e-05,0.97663,0.97617,5e-05,0.01728,0.02495,0.06856,0.242,-3.36664,-3.20967,3.54937,-0.79978,0.59406,-38.44948
20260926-133259,20260926-133259-9,0,58595.216,0.30747,0.12684,0.45862,0.78933,-0.05901,0.49044,0.03357,0.03751,0.19577,0.17826,0.00013,0.95387,0.95296,0.00014,0.03155,0.05775,0.08913,0.33113,-3.26166,-3.304,3.62254,-0.81272,0.54909,-38.49512
20260926-133259,20260926-133259-9,0,58595.226,0.32595,0.11669,0.44841,0.78275,-0.05337,0.48038,0.02804,0.03091,0.23003,0.212,0.00015,0.94356,0.94267,0.0002,0.03799,0.06296,0.09891,0.34044,-3.21497,-3.37881,3.65368,-0.81766,0.53341,-38.5154
20260926-133259,20260926-133259-9,0,58595.244,0.34484,0.10164,0.4014,0.75581,-0.05069,0.43894,0.02043,0.0225,0.29172,0.27919,0.00025,0.91578,0.91465,0.00029,0.08457,0.11773,0.13622,0.37532,-3.19924,-3.51088,3.73115,-0.82516,0.49572,-38.58744
20260926-133259,20260926-133259-9,0,58595.278,0.36162,0.08662,0.3593,0.73339,-0.0471,0.40164,0.01543,0.01702,0.36317,0.35686,0.00039,0.88724,0.88673,0.0004,0.15008,0.18387,0.16743,0.37777,-3.19112,-3.67372,3.69393,-0.82952,0.45478,-38.67243
20260926-133259,20260926-133259-9,0,58595.311,0.36833,0.08226,0.35006,0.72781,-0.04765,0.38809,0.01423,0.01561,0.38831,0.38387,0.00043,0.87896,0.87864,0.00044,0.18112,0.21122,0.17505,0.36819,-3.17494,-3.72208,3.67082,-0.83109,0.42152,-38.73083
20260926-133259,20260926-133259-9,0,58595.344,0.37542,0.08143,0.33949,0.72752,-0.04863,0.37803,0.01435,0.01591,0.39253,0.3893,0.00044,0.87419,0.87319,0.00049,0.20044,0.23102,0.18423,0.37857,-3.13349,-3.68013,3.64509,-0.8345,0.39564,-38.77488
20260926-133259,20260926-133259-9,0,58595.408,0.37632,0.07328,0.28756,0.72412,-0.04882,0.32928,0.013,0.01446,0.43175,0.43288,0.00052,0.86949,0.86913,0.00051,0.28131,0.30649,0.21873,0.41424,-3.02738,-3.47458,3.5494,-0.84185,0.3485,-38.87009
20260926-133259,20260926-133259-9,0,58595.439,0.37697,0.06732,0.2744,0.72252,-0.04794,0.32208,0.01241,0.01329,0.45133,0.4527,0.00055,0.86687,0.86689,0.00051,0.29,0.32469,0.22877,0.4255,-3.00147,-3.30786,3.51867,-0.84362,0.32803,-38.89056
20260926-133259,20260926-133259-9,0,58595.468,0.3789,0.06168,0.2706,0.71976,-0.04724,0.31879,0.01227,0.01241,0.4632,0.46494,0.00057,0.86229,0.86309,0.00053,0.28869,0.33157,0.24018,0.42326,-2.99983,-3.23871,3.51539,-0.84294,0.31332,-38.89256
20260926-133259,20260926-133259-9,0,58595.503,0.386,0.05751,0.25774,0.71703,-0.04773,0.31529,0.01212,0.0119,0.47238,0.47533,0.00062,0.85023,0.85141,0.0006,0.29337,0.34848,0.24784,0.43455,-2.96972,-3.12945,3.48638,-0.84366,0.30272,-38.88682
20260926-133259,20260926-133259-9,0,58595.551,0.39773,0.05385,0.24598,0.71538,-0.04651,0.30991,0.01172,0.01126,0.48673,0.49127,0.00066,0.83441,0.8353,0.00075,0.30136,0.36467,0.25391,0.44161,-2.94387,-3.04214,3.45859,-0.84197,0.29093,-38.85872
20260926-133259,20260926-133259-9,0,58595.58,0.40155,0.05094,0.22839,0.71376,-0.04729,0.30077,0.01143,0.01082,0.49651,0.50246,0.00068,0.82706,0.82796,0.00081,0.31848,0.39346,0.25811,0.44944,-2.91825,-2.98626,3.43696,-0.84061,0.28491,-38.83861
20260926-133259,20260926-133259-9,0,58595.594,0.40235,0.04988,0.22433,0.71343,-0.0473,0.29926,0.01129,0.01066,0.50028,0.5067,0.00069,0.82527,0.82619,0.00082,0.32111,0.39961,0.25863,0.45236,-2.91615,-2.98007,3.42578,-0.84001,0.28173,-38.83275
20260926-133259,20260926-133259-9,0,58595.614,0.40212,0.04615,0.20682,0.71237,-0.04768,0.28656,0.01087,0.00999,0.51481,0.52199,0.0007,0.82401,0.82535,0.00083,0.34465,0.43191,0.26396,0.45499,-2.91022,-2.96661,3.42593,-0.83882,0.27617,-38.82703
20260926-133259,20260926-133259-9,0,58595.646,0.40118,0.0401,0.18675,0.70924,-0.04762,0.2741,0.01034,0.00909,0.53261,0.5404,0.00074,0.82123,0.82263,0.00083,0.36666,0.46825,0.27165,0.46191,-2.90417,-2.95678,3.4337,-0.83766,0.27046,-38.81189
20260926-133259,20260926-133259-9,0,58595.68,0.39985,0.03748,0.17788,0.70611,-0.04768,0.26786,0.01009,0.00875,0.53945,0.54807,0.00078,0.8177,0.81946,0.00083,0.37926,0.48464,0.27661,0.4666,-2.90225,-2.94762,3.44178,-0.83708,0.26595,-38.79993
20260926-133259,20260926-133259-9,0,58595.711,0.39946,0.03523,0.17514,0.7044,-0.04763,0.26383,0.00994,0.00847,0.5446,0.55354,0.0008,0.81566,0.81741,0.00083,0.38519,0.49002,0.28217,0.46664,-2.90667,-2.94065,3.43725,-0.83687,0.26109,-38.78485
20260926-133259,20260926-133259-9,0,58595.744,0.39893,0.03275,0.1697,0.70206,-0.0469,0.2586,0.00973,0.0082,0.55041,0.55997,0.00082,0.81319,0.81508,0.00084,0.39406,0.50008,0.28708,0.46811,-2.91109,-2.92551,3.4345,-0.83629,0.25785,-38.77319
20260926-133259,20260926-133259-9,0,58595.809,0.51885,0.04457,0.18127,0.63209,-0.04854,0.26274,0.01252,0.01164,0.49875,0.51753,0.00381,0.39634,0.38576,0.01182,0.39422,0.47935,0.31333,0.46721,-2.93271,-2.69726,3.51694,-0.84358,0.24577,-38.74249
20260926-133259,20260926-133259-9,0,58595.837,0.58677,0.06173,0.20846,0.59042,-0.05485,0.27634,0.01588,0.01571,0.42444,0.45322,0.02268,0.11218,0.15544,0.04772,0.37793,0.44698,0.32762,0.42807,-2.93249,-2.65091,3.6997,-0.86352,0.22491,-38.75985
20260926-133259,20260926-133259-9,0,58595.869,0.60219,0.0713,0.24651,0.57196,-0.06259,0.28875,0.01907,0.01957,0.36982,0.38559,0.05055,0.05831,0.08502,0.07805,0.35261,0.38798,0.32586,0.39871,-2.98747,-2.60134,3.87313,-0.88581,0.20193,-38.77144
20260926-133259,20260926-133259-9,0,58595.917,0.60193,0.07611,0.27465,0.56866,-0.06823,0.29955,0.02236,0.02324,0.32976,0.33858,0.05762,0.05251,0.07531,0.08324,0.32992,0.34063,0.32406,0.38378,-3.12016,-2.55503,3.99591,-0.90767,0.18015,-38.76213
20260926-133259,20260926-133259-9,0,58595.951,0.60022,0.07602,0.28887,0.56948,-0.06947,0.30824,0.02381,0.02444,0.31524,0.32298,0.05435,0.05423,0.0779,0.08104,0.31169,0.31304,0.32363,0.37672,-3.29092,-2.53149,4.04676,-0.91947,0.1655,-38.74708
20260926-133259,20260926-133259-9,0,58595.977,0.60075,0.07596,0.294,0.57077,-0.07004,0.31177,0.0245,0.025,0.31032,0.31748,0.05337,0.05476,0.07896,0.08071,0.30342,0.30152,0.32473,0.37611,-3.3582,-2.53158,4.06173,-0.924,0.15881,-38.74064
20260926-133259,20260926-133259-9,0,58595.994,0.60043,0.07542,0.29795,0.57054,-0.0703,0.31398,0.02483,0.02518,0.30889,0.31517,0.05384,0.05443,0.07843,0.08118,0.29862,0.29264,0.32647,0.37963,-3.41375,-2.52781,4.08471,-0.93039,0.15471,-38.72951
20260926-133259,20260926-133259-9,0,58596.015,0.60106,0.07489,0.3043,0.57175,-0.07072,0.31752,0.02542,0.02562,0.30632,0.31165,0.05292,0.0551,0.07942,0.08084,0.29162,0.28023,0.32865,0.38431,-3.4823,-2.54219,4.11425,-0.93967,0.14495,-38.7136
20260926-133259,20260926-133259-9,0,58596.045,0.59871,0.07454,0.31145,0.57324,-0.07142,0.32253,0.02613,0.02632,0.30315,0.30683,0.04905,0.05989,0.08354,0.07544,0.28259,0.26707,0.32867,0.39007,-3.57521,-2.56659,4.13467,-0.94844,0.13112,-38.70213
20260926-133259,20260926-133259-9,0,58596.077,0.59807,0.07441,0.31649,0.57709,-0.07196,0.3269,0.02676,0.02698,0.2987,0.30353,0.0441,0.06522,0.09063,0.07113,0.27655,0.25874,0.32657,0.39369,-3.65719,-2.56288,4.13693,-0.95305,0.12126,-38.69179
20260926-133259,20260926-133259-9,0,58596.109,0.59723,0.07407,0.31915,0.57732,-0.07205,0.32996,0.0271,0.02731,0.29636,0.30095,0.04257,0.06717,0.0927,0.06943,0.2713,0.2543,0.32467,0.39757,-3.72898,-2.54062,4.13841,-0.95488,0.11435,-38.67956
20260926-133259,20260926-133259-9,0,58596.143,0.60554,0.07648,0.32089,0.56773,-0.07492,0.33193,0.029,0.02931,0.28556,0.28474,0.06167,0.04881,0.07067,0.08912,0.26651,0.25105,0.33083,0.40782,-3.82842,-2.50231,4.16095,-0.96195,0.11003,-38.67186
20260926-133259,20260926-133259-9,0,58596.207,0.66698,0.09811,0.41923,0.50963,-0.11321,0.42097,0.06627,0.0748,0.12035,0.11577,0.29383,0.0081,0.01659,0.27862,0.13302,0.09878,0.33843,0.38799,-4.07059,-2.11432,4.05147,-0.95539,0.15152,-38.5273
20260926-133259,20260926-133259-9,0,58596.237,0.66026,0.10029,0.43066,0.50629,-0.11713,0.43367,0.0723,0.08222,0.1086,0.10391,0.29046,0.00851,0.01592,0.27488,0.11871,0.08323,0.336,0.36996,-4.1291,-2.01808,4.04782,-0.95539,0.15767,-38.47731
20260926-133259,20260926-133259-9,0,58596.285,0.65766,0.10215,0.43191,0.50671,-0.11965,0.44023,0.07761,0.08875,0.10058,0.09599,0.28527,0.00878,0.01601,0.27005,0.111,0.08108,0.33291,0.37369,-4.21469,-1.87485,4.07853,-0.95225,0.16683,-38.42115
20260926-133259,20260926-133259-9,0,58596.316,0.65743,0.10282,0.43253,0.50881,-0.11954,0.44104,0.07915,0.09116,0.09842,0.09343,0.27832,0.00899,0.01668,0.26392,0.10933,0.07893,0.33251,0.37367,-4.26212,-1.77847,4.08129,-0.94882,0.17309,-38.38906
20260926-133259,20260926-133259-9,0,58596.342,0.6564,0.10313,0.43214,0.50988,-0.11961,0.44084,0.07991,0.09213,0.09745,0.09243,0.27351,0.00921,0.01707,0.25961,0.10935,0.07914,0.33229,0.3755,-4.28782,-1.73605,4.0831,-0.94746,0.17605,-38.37496
20260926-133259,20260926-133259-9,0,58596.36,0.65563,0.10359,0.43182,0.51096,-0.11977,0.43988,0.08048,0.09295,0.0967,0.09163,0.2689,0.00941,0.01748,0.25565,0.11071,0.07964,0.33185,0.37774,-4.30698,-1.7093,4.08416,-0.94624,0.17729,-38.36437
20260926-133259,20260926-133259-9,0,58596.383,0.65457,0.10381,0.43082,0.51134,-0.11976,0.43864,0.08104,0.09354,0.09621,0.09112,0.26557,0.0096,0.01767,0.25294,0.11189,0.08067,0.33291,0.38173,-4.33725,-1.67733,4.08101,-0.94425,0.17859,-38.35716
20260926-133259,20260926-133259-9,0,58596.415,0.65358,0.10417,0.43152,0.51119,-0.12003,0.43782,0.08193,0.09483,0.09502,0.08995,0.26303,0.00975,0.01777,0.25087,0.1129,0.07944,0.33522,0.38065,-4.37138,-1.64242,4.07174,-0.94215,0.1798,-38.34675
20260926-133259,20260926-133259-9,0,58596.446,0.65241,0.10453,0.43122,0.51098,-0.12053,0.43742,0.08284,0.09601,0.09383,0.08879,0.26121,0.00988,0.01779,0.24948,0.11389,0.07938,0.33614,0.38235,-4.38379,-1.59378,4.07063,-0.94135,0.18159,-38.33381
20260926-133259,20260926-133259-9,0,58596.479,0.65369,0.10483,0.4298,0.51002,-0.12094,0.43662,0.08371,0.09721,0.09291,0.08784,0.26505,0.00965,0.01749,0.25312,0.1149,0.08076,0.33702,0.38665,-4.4004,-1.57742,4.07288,-0.93993,0.18159,-38.32895
20260926-133259,20260926-133259-9,0,58596.511,0.6546,0.10514,0.42888,0.50894,-0.12126,0.43557,0.08454,0.09829,0.09203,0.08689,0.26801,0.00949,0.01721,0.25605,0.11584,0.08164,0.33856,0.39001,-4.42246,-1.56392,4.0692,-0.93877,0.18052,-38.32483
20260926-133259,20260926-133259-9,0,58596.543,0.65472,0.10539,0.42814,0.50825,-0.12178,0.43499,0.0855,0.09943,0.09101,0.0859,0.26916,0.00945,0.01705,0.25718,0.11625,0.08213,0.33955,0.3919,-4.44054,-1.54959,4.06382,-0.9383,0.17979,-38.3193
20260926-133259,20260926-133259-9,0,58596.608,0.6557,0.10672,0.42854,0.50609,-0.12327,0.43477,0.08837,0.10305,0.08792,0.08296,0.2735,0.00924,0.01663,0.26176,0.11681,0.08214,0.34299,0.39582,-4.46216,-1.53517,4.05768,-0.93768,0.17502,-38.31111
20260926-133259,20260926-133259-9,0,58596.657,0.66874,0.10627,0.42768,0.48963,-0.12504,0.43402,0.08757,0.10333,0.08795,0.08185,0.34139,0.00663,0.01215,0.32339,0.11792,0.08205,0.34547,0.39673,-4.48489,-1.53524,4.04692,-0.93781,0.1749,-38.30726
20260926-133259,20260926-133259-9,0,58596.686,0.68656,0.10578,0.42784,0.47038,-0.12737,0.43597,0.08911,0.10509,0.08489,0.07861,0.42834,0.00438,0.00825,0.40965,0.11708,0.08288,0.34385,0.39211,-4.50925,-1.54466,4.04389,-0.93823,0.17431,-38.30051
20260926-133259,20260926-133259-9,0,58596.711,0.69411,0.1055,0.42768,0.46229,-0.12813,0.43662,0.0894,0.10531,0.084,0.07768,0.46539,0.0037,0.00705,0.44703,0.11683,0.08324,0.34375,0.39138,-4.52994,-1.54561,4.03939,-0.93836,0.17427,-38.29743
20260926-133259,20260926-133259-9,0,58596.727,0.6984,0.10504,0.42874,0.45582,-0.12865,0.43814,0.0888,0.10418,0.08403,0.07769,0.49202,0.00329,0.00625,0.47432,0.11539,0.08195,0.34291,0.38824,-4.54112,-1.54602,4.03659,-0.93978,0.17481,-38.29066
20260926-133259,20260926-133259-9,0,58596.75,0.70433,0.10423,0.4304,0.44922,-0.12892,0.44048,0.08746,0.10243,0.0848,0.07825,0.5216,0.00287,0.00554,0.50463,0.11255,0.07942,0.34195,0.38453,-4.56815,-1.54487,4.03563,-0.94213,0.17568,-38.28016
20260926-133259,20260926-133259-9,0,58596.78,0.70669,0.10341,0.43257,0.44493,-0.12862,0.44333,0.08478,0.09926,0.08711,0.08001,0.5359,0.00268,0.0052,0.51949,0.10908,0.07613,0.33865,0.38025,-4.59939,-1.54594,4.04523,-0.94594,0.17601,-38.26574
20260926-133259,20260926-133259-9,0,58596.814,0.70629,0.10293,0.43412,0.44218,-0.12803,0.44581,0.08231,0.09642,0.08946,0.08176,0.53892,0.00265,0.00509,0.52334,0.10554,0.07351,0.33522,0.37844,-4.62774,-1.54339,4.06022,-0.95124,0.1769,-38.25097
20260926-133259,20260926-133259-9,0,58596.845,0.70389,0.10209,0.43484,0.44172,-0.1273,0.44723,0.08052,0.09424,0.09134,0.0833,0.53226,0.00274,0.00516,0.51685,0.10281,0.07098,0.33384,0.37799,-4.65411,-1.55657,4.07304,-0.95447,0.1766,-38.24078
20260926-133259,20260926-133259-9,0,58596.877,0.70336,0.1012,0.43547,0.44041,-0.12657,0.44796,0.07853,0.09164,0.09363,0.08534,0.53292,0.00274,0.00511,0.51814,0.10106,0.06938,0.33336,0.37604,-4.67596,-1.57404,4.07377,-0.95696,0.17645,-38.22971
20260926-133259,20260926-133259-9,0,58596.911,0.72321,0.10765,0.42938,0.41899,-0.13559,0.44699,0.08884,0.10459,0.08038,0.07372,0.63073,0.00174,0.00338,0.62035,0.10382,0.07575,0.33815,0.40646,-4.72452,-1.48814,4.0255,-0.96188,0.19322,-38.18889
20260926-133259,20260926-133259-9,0,58596.943,0.75547,0.12336,0.42102,0.37757,-0.16228,0.43427,0.14015,0.15979,0.04635,0.04616,0.77503,0.0008,0.00159,0.77384,0.11275,0.09158,0.41114,0.43808,-4.76348,-1.2755,4.09994,-0.96707,0.2368,-38.11513
20260926-133259,20260926-133259-9,0,58597.029,0.7593,0.14661,0.505,0.37525,-0.19699,0.49937,0.31928,0.33353,0.01529,0.01428,0.75597,0.00079,0.00176,0.76782,0.04805,0.02477,0.3445,0.22243,-5.0477,-0.73461,3.9731,-0.94249,0.35929,-37.9088
20260926-133621,20260926-133621-1,1,58727.711,0.52179,0.11923,0.43087,0.61962,-0.10999,0.45036,0.09853,0.11839,0.08007,0.08607,0.00908,0.23401,0.24066,0.02144,0.15674,0.08216,0.30212,0.46489,4.89893,1.23819,1.66402,0.03,-1.10164,-37.19128
20260926-133621,20260926-133621-1,1,58727.743,0.52148,0.12013,0.43428,0.62205,-0.1108,0.45155,0.10436,0.12617,0.07402,0.08013,0.00882,0.23726,0.2423,0.02115,0.15569,0.07812,0.30539,0.46298,4.97805,1.37115,1.73277,0.0455,-1.15346,-37.13892
20260926-133621,20260926-133621-1,1,58727.79,0.51947,0.11718,0.43834,0.62412,-0.10575,0.45827,0.09917,0.12235,0.07851,0.08225,0.0083,0.24842,0.25016,0.01995,0.14835,0.06886,0.29449,0.4746,5.0569,1.62853,1.67906,0.07024,-1.19983,-37.12977
20260926-133621,20260926-133621-1,1,58727.823,0.52036,0.1187,0.43551,0.62338,-0.10907,0.45491,0.10586,0.12918,0.07347,0.07723,0.00857,0.24277,0.2449,0.02041,0.15607,0.07284,0.30013,0.47907,5.14362,1.79298,1.64568,0.09514,-1.23724,-37.08664
20260926-133621,20260926-133621-1,1,58727.852,0.51906,0.12035,0.43123,0.62463,-0.1111,0.45311,0.11211,0.13617,0.06932,0.07207,0.0083,0.24768,0.24784,0.01969,0.15935,0.07517,0.30315,0.49561,5.12995,1.94316,1.57139,0.11708,-1.26637,-37.04411
20260926-133621,20260926-133621-1,1,58727.886,0.51802,0.1197,0.42945,0.62745,-0.11034,0.44904,0.11425,0.13788,0.0682,0.07142,0.00781,0.25473,0.25378,0.01925,0.1617,0.0776,0.31134,0.49296,5.13795,2.09603,1.51431,0.13356,-1.28123,-36.99352
20260926-133621,20260926-133621-1,1,58727.916,0.52038,0.11935,0.42706,0.62695,-0.11038,0.44678,0.1187,0.14222,0.06606,0.0694,0.00817,0.24667,0.24695,0.02007,0.16324,0.07964,0.31846,0.49618,5.18329,2.16917,1.46716,0.14371,-1.29165,-36.97862
20260926-133621,20260926-133621-1,1,58727.95,0.5229,0.1223,0.42392,0.62503,-0.11433,0.44404,0.12348,0.14772,0.06378,0.06681,0.00899,0.2316,0.2354,0.02151,0.17158,0.08453,0.31979,0.50066,5.24065,2.1425,1.36686,0.14807,-1.30416,-36.96244
20260926-133621,20260926-133621-1,1,58727.982,0.52493,0.12391,0.42005,0.62252,-0.11588,0.44129,0.12433,0.14908,0.06403,0.06701,0.00979,0.22119,0.22669,0.02247,0.17881,0.0904,0.32124,0.50545,5.25974,2.14366,1.33673,0.14932,-1.31673,-36.96019
20260926-133621,20260926-133621-1,1,58728.012,0.52711,0.12477,0.41655,0.62194,-0.11704,0.43961,0.12657,0.15183,0.06316,0.06599,0.01024,0.2137,0.22061,0.02343,0.18411,0.09477,0.32077,0.51395,5.26653,2.15514,1.31651,0.14903,-1.32821,-36.95914
20260926-133621,20260926-133621-1,1,58728.046,0.52939,0.12447,0.41529,0.62027,-0.11726,0.43929,0.1267,0.15145,0.06286,0.06687,0.01086,0.20443,0.21451,0.02461,0.18423,0.09828,0.32238,0.50911,5.26445,2.16705,1.29864,0.14876,-1.34187,-36.94692
20260926-133621,20260926-133621-1,1,58728.079,0.52995,0.12416,0.4161,0.61984,-0.11705,0.44067,0.12684,0.1511,0.06272,0.06731,0.01107,0.20158,0.21247,0.02498,0.18289,0.09959,0.32006,0.50221,5.26817,2.19547,1.30124,0.14725,-1.35321,-36.93323
20260926-133621,20260926-133621-1,1,58728.111,0.53113,0.12374,0.41591,0.61976,-0.11686,0.44172,0.12728,0.15191,0.0628,0.06685,0.01137,0.19808,0.20934,0.02544,0.18244,0.09875,0.31738,0.50546,5.28825,2.24966,1.28286,0.14523,-1.35856,-36.92092
20260926-133621,20260926-133621-1,1,58728.159,0.53377,0.12383,0.41459,0.61807,-0.11796,0.44053,0.12865,0.15344,0.06222,0.06621,0.01211,0.1894,0.2027,0.0266,0.18571,0.09995,0.31727,0.5067,5.29064,2.25651,1.24512,0.14314,-1.36956,-36.90862
20260926-133621,20260926-133621-1,1,58728.196,0.53678,0.12418,0.41385,0.61738,-0.11855,0.43978,0.12911,0.15378,0.06217,0.06605,0.01275,0.18141,0.19734,0.02782,0.18752,0.10084,0.31823,0.5082,5.29814,2.24214,1.19712,0.14037,-1.37918,-36.89371
20260926-133621,20260926-133621-1,1,58728.209,0.53753,0.12425,0.41369,0.61734,-0.11857,0.43979,0.12923,0.15397,0.06219,0.06599,0.01288,0.17973,0.19633,0.02811,0.18735,0.10084,0.31845,0.50916,5.29916,2.23859,1.18437,0.13958,-1.38187,-36.8912
20260926-133621,20260926-133621-1,1,58728.257,0.54444,0.12425,0.41424,0.61115,-0.11957,0.43833,0.12985,0.15497,0.06181,0.06524,0.01631,0.14999,0.16997,0.03308,0.18934,0.10066,0.32321,0.50837,5.3097,2.23148,1.1655,0.13256,-1.38669,-36.8762
20260926-133621,20260926-133621-1,1,58728.287,0.54863,0.12452,0.41394,0.60657,-0.12062,0.43808,0.1297,0.15516,0.06191,0.06494,0.01941,0.13151,0.15214,0.03718,0.19069,0.10079,0.32343,0.50914,5.31428,2.21327,1.15929,0.12661,-1.39109,-36.85633
20260926-133621,20260926-133621-1,1,58728.318,0.55265,0.12432,0.41381,0.60379,-0.12108,0.43852,0.12873,0.1542,0.06226,0.06539,0.02198,0.11852,0.14061,0.04083,0.18996,0.10032,0.32461,0.51105,5.32041,2.20479,1.14776,0.12098,-1.39497,-36.83938
20260926-133621,20260926-133621-1,1,58728.351,0.55603,0.12446,0.41347,0.60272,-0.12165,0.43896,0.12995,0.15553,0.06138,0.0646,0.02379,0.10975,0.13375,0.04383,0.18918,0.10017,0.32539,0.51296,5.33778,2.201,1.1407,0.1164,-1.39958,-36.82879
20260926-133621,20260926-133621-1,1,58728.381,0.558,0.12518,0.41332,0.60161,-0.12281,0.43976,0.13261,0.15853,0.05998,0.06284,0.02518,0.10405,0.12861,0.04591,0.18847,0.10007,0.32493,0.51544,5.34702,2.20295,1.12713,0.11333,-1.40446,-36.82277
20260926-133621,20260926-133621-1,1,58728.415,0.55924,0.1257,0.413,0.60124,-0.12362,0.43961,0.13495,0.16102,0.05879,0.0616,0.02579,0.10141,0.12669,0.04701,0.1896,0.10072,0.32615,0.51711,5.35104,2.2064,1.10718,0.11228,-1.41005,-36.81495
20260926-133621,20260926-133621-1,1,58728.448,0.55994,0.12652,0.41285,0.60109,-0.12488,0.44014,0.13716,0.16345,0.05784,0.06021,0.02625,0.09998,0.12525,0.04756,0.19085,0.10034,0.325,0.52043,5.3565,2.197,1.09936,0.11219,-1.41832,-36.80375
20260926-133621,20260926-133621-1,1,58728.478,0.5606,0.12706,0.41301,0.59893,-0.1263,0.44126,0.13858,0.16553,0.05728,0.05891,0.02796,0.0951,0.11978,0.04939,0.19314,0.09957,0.32181,0.52418,5.35689,2.21506,1.05795,0.11588,-1.42601,-36.78384
20260926-133621,20260926-133621-1,1,58728.531,0.56222,0.12772,0.4146,0.59445,-0.12744,0.44257,0.13878,0.16631,0.05709,0.05779,0.03212,0.08506,0.10817,0.05371,0.19417,0.09748,0.32012,0.52363,5.39783,2.27555,1.00241,0.12712,-1.43419,-36.76135
20260926-133621,20260926-133621-1,1,58728.559,0.56398,0.12793,0.4143,0.59245,-0.12836,0.44312,0.13996,0.16784,0.05675,0.05688,0.03499,0.07888,0.10209,0.0572,0.19735,0.09737,0.31796,0.52628,5.43826,2.3139,0.97517,0.1364,-1.4382,-36.75074
20260926-133621,20260926-133621-1,1,58728.576,0.56444,0.12781,0.41444,0.59153,-0.12814,0.4426,0.13947,0.1675,0.05705,0.05697,0.03596,0.0771,0.10018,0.05823,0.19902,0.09726,0.31815,0.52595,5.45118,2.34727,0.96193,0.14122,-1.43907,-36.74069
20260926-133621,20260926-133621-1,1,58728.591,0.56524,0.12784,0.41385,0.59106,-0.12823,0.44167,0.1392,0.16713,0.05723,0.05698,0.03709,0.07471,0.09811,0.0599,0.20115,0.09749,0.31946,0.52664,5.46868,2.37511,0.94314,0.15011,-1.44179,-36.73171
20260926-133621,20260926-133621-1,1,58728.654,0.5656,0.12799,0.41237,0.5906,-0.1287,0.43914,0.13791,0.16571,0.05785,0.05756,0.0367,0.07509,0.0993,0.06018,0.20634,0.09832,0.32196,0.52867,5.4605,2.36352,0.91033,0.18549,-1.45253,-36.69405
20260926-133621,20260926-133621-1,1,58728.686,0.52165,0.13062,0.41248,0.63565,-0.12343,0.43854,0.1453,0.17111,0.05469,0.05531,0.00783,0.24168,0.24764,0.0213,0.20132,0.0968,0.32279,0.53399,5.48904,2.39808,0.85221,0.20396,-1.45622,-36.70555
20260926-133621,20260926-133621-1,1,58728.719,0.49388,0.13168,0.4119,0.66338,-0.11741,0.43832,0.14202,0.16516,0.05579,0.05559,0.00345,0.38735,0.36674,0.01175,0.19178,0.09223,0.32224,0.5443,5.52306,2.41556,0.79942,0.22145,-1.45825,-36.71528
20260926-133621,20260926-133621-1,1,58728.751,0.48836,0.13133,0.41512,0.66386,-0.11632,0.44041,0.1408,0.16389,0.05563,0.05538,0.00326,0.40498,0.3839,0.01032,0.18783,0.08894,0.31912,0.54286,5.56842,2.42707,0.75525,0.23654,-1.45835,-36.71741
20260926-133621,20260926-133621-1,1,58728.782,0.48425,0.13109,0.41689,0.67047,-0.11437,0.44072,0.13801,0.16109,0.05658,0.05596,0.00284,0.43235,0.40766,0.00935,0.1855,0.08588,0.31789,0.5407,5.56737,2.43543,0.75821,0.25324,-1.45904,-36.7176
20260926-133621,20260926-133621-1,1,58728.816,0.48448,0.13024,0.41821,0.67183,-0.11299,0.44056,0.1369,0.15991,0.057,0.05619,0.00273,0.43601,0.41004,0.0094,0.18345,0.08294,0.31866,0.53856,5.56906,2.42982,0.75062,0.27006,-1.45974,-36.71678
20260926-133621,20260926-133621-1,1,58728.847,0.48381,0.12915,0.4234,0.67241,-0.11218,0.44156,0.13579,0.1584,0.05718,0.05658,0.00267,0.44051,0.41443,0.00923,0.17947,0.07698,0.32004,0.53186,5.58082,2.42344,0.72757,0.28335,-1.45872,-36.70887
20260926-133621,20260926-133621-1,1,58728.896,0.48359,0.12831,0.42956,0.67171,-0.11171,0.44376,0.13474,0.15708,0.0573,0.05694,0.00269,0.43869,0.41315,0.0093,0.17454,0.07128,0.32056,0.52428,5.60453,2.41156,0.70482,0.29645,-1.45769,-36.70318
20260926-133621,20260926-133621-1,1,58728.928,0.48472,0.12749,0.43183,0.67045,-0.11113,0.44575,0.13434,0.15651,0.05742,0.05738,0.00278,0.43138,0.40644,0.00964,0.16968,0.06917,0.3202,0.52083,5.64246,2.39891,0.70214,0.30531,-1.45762,-36.70787
20260926-133621,20260926-133621-1,1,58728.94,0.48478,0.12714,0.4327,0.67033,-0.11089,0.44626,0.13423,0.15628,0.05745,0.05751,0.00279,0.43007,0.40541,0.0097,0.16823,0.06824,0.32032,0.51931,5.65876,2.40427,0.69521,0.30773,-1.45648,-36.70766
20260926-133621,20260926-133621-1,1,58728.958,0.48505,0.12687,0.4335,0.66971,-0.11062,0.44702,0.13411,0.15621,0.05757,0.05757,0.00286,0.42659,0.40221,0.00979,0.16683,0.0673,0.31957,0.51832,5.70727,2.41174,0.69381,0.31037,-1.45511,-36.7061
20260926-133621,20260926-133621-1,1,58728.991,0.48272,0.12641,0.43459,0.66992,-0.10989,0.44767,0.13268,0.15472,0.0582,0.05819,0.00285,0.43159,0.40833,0.00938,0.16512,0.06599,0.31832,0.51823,5.74545,2.41389,0.68646,0.31365,-1.45275,-36.70198
20260926-133621,20260926-133621-1,1,58729.053,0.48449,0.12583,0.43501,0.6693,-0.1097,0.44811,0.13254,0.15483,0.05842,0.05842,0.00288,0.42754,0.40437,0.00967,0.16456,0.0655,0.31742,0.51964,5.76887,2.40277,0.68028,0.31571,-1.4524,-36.70625
20260926-133621,20260926-133621-1,1,58729.084,0.48497,0.12559,0.43546,0.66878,-0.10948,0.44845,0.13228,0.15467,0.05857,0.05852,0.00292,0.42533,0.40234,0.00974,0.16367,0.06495,0.31699,0.51863,5.77815,2.40777,0.67668,0.31549,-1.45099,-36.70391
20260926-133621,20260926-133621-1,1,58729.117,0.48577,0.12533,0.43568,0.66804,-0.10935,0.44866,0.13211,0.1546,0.05871,0.05867,0.00296,0.42203,0.39927,0.0099,0.16324,0.06462,0.31679,0.51789,5.78362,2.41429,0.66881,0.31455,-1.44959,-36.70418
20260926-133621,20260926-133621-1,1,58729.15,0.48628,0.12512,0.43601,0.66748,-0.10909,0.44904,0.13189,0.15445,0.05881,0.05881,0.00299,0.41968,0.39694,0.01001,0.16223,0.06424,0.31667,0.51675,5.7927,2.41451,0.66599,0.31342,-1.4493,-36.70682
20260926-133621,20260926-133621-1,1,58729.181,0.48655,0.1252,0.43602,0.66714,-0.10898,0.44904,0.13222,0.155,0.05865,0.05856,0.00301,0.41859,0.39596,0.01004,0.16208,0.06418,0.31651,0.51701,5.80991,2.41944,0.66397,0.31162,-1.44849,-36.70645
20260926-133621,20260926-133621-1,1,58729.215,0.48715,0.12515,0.43604,0.66699,-0.10881,0.44911,0.1323,0.15516,0.05866,0.05857,0.00301,0.41731,0.39446,0.01016,0.16179,0.06429,0.31666,0.51726,5.82367,2.41338,0.66073,0.31017,-1.44875,-36.70754
20260926-133621,20260926-133621-1,1,58729.261,0.48664,0.11937,0.42009,0.66717,-0.10125,0.44126,0.11597,0.13833,0.06834,0.06985,0.00303,0.42001,0.39547,0.01007,0.16477,0.0748,0.3219,0.53385,5.83585,2.42656,0.67047,0.30751,-1.45079,-36.71286
20260926-133621,20260926-133621-1,1,58729.294,0.4918,0.11161,0.40091,0.6605,-0.09468,0.42723,0.09989,0.1176,0.08257,0.08716,0.00342,0.3996,0.37541,0.01101,0.18052,0.0952,0.33234,0.54339,5.85645,2.36524,0.62169,0.30835,-1.46444,-36.75028
20260926-133621,20260926-133621-1,1,58729.308,0.49198,0.10986,0.39569,0.66012,-0.09312,0.42316,0.09509,0.11142,0.08759,0.09245,0.00344,0.39854,0.37415,0.0111,0.1867,0.10051,0.33214,0.54246,5.85834,2.33823,0.60417,0.30854,-1.46915,-36.75598
20260926-133621,20260926-133621-1,1,58729.325,0.49277,0.10725,0.39297,0.66059,-0.09104,0.42097,0.08946,0.10407,0.0943,0.09944,0.00343,0.39812,0.37255,0.01133,0.18972,0.10338,0.3317,0.54172,5.85081,2.32204,0.57944,0.31026,-1.47488,-36.75968
20260926-133621,20260926-133621-1,1,58729.357,0.49543,0.10423,0.39251,0.65947,-0.08849,0.42079,0.08459,0.09789,0.10139,0.10681,0.00363,0.38747,0.362,0.012,0.19102,0.10473,0.32939,0.53982,5.83693,2.29181,0.50902,0.31842,-1.48968,-36.77045
20260926-133621,20260926-133621-1,1,58729.39,0.49616,0.10352,0.39159,0.66731,-0.08682,0.42046,0.08443,0.09727,0.10187,0.10766,0.0033,0.3968,0.37278,0.01215,0.18919,0.10504,0.32828,0.53912,5.83974,2.2752,0.47649,0.3297,-1.49941,-36.77284
20260926-133621,20260926-133621-1,1,58729.456,0.49994,0.10354,0.39137,0.66654,-0.08666,0.4209,0.08653,0.10036,0.09984,0.10513,0.00364,0.37856,0.3567,0.01308,0.19022,0.10399,0.32758,0.54217,5.88181,2.30419,0.45614,0.34553,-1.51113,-36.77831
20260926-133621,20260926-133621-1,1,58729.487,0.50043,0.10309,0.39043,0.66786,-0.08601,0.42065,0.08673,0.10077,0.09984,0.10512,0.00358,0.37898,0.35864,0.01322,0.18966,0.10445,0.32838,0.54436,5.93561,2.38353,0.45151,0.34753,-1.50974,-36.77231
20260926-133621,20260926-133621-1,1,58729.517,0.50115,0.10298,0.39112,0.66772,-0.0862,0.42135,0.08778,0.10233,0.09839,0.10349,0.00361,0.3762,0.3567,0.01337,0.18862,0.1033,0.32604,0.54377,5.9528,2.38522,0.45808,0.35013,-1.51177,-36.7714
20260926-133621,20260926-133621-1,1,58729.549,0.50158,0.10276,0.39137,0.66735,-0.08613,0.42166,0.08778,0.10246,0.09818,0.10346,0.00364,0.37347,0.3552,0.0135,0.18779,0.10297,0.3253,0.54308,5.98043,2.40587,0.46217,0.35007,-1.5111,-36.76654
20260926-133621,20260926-133621-1,1,58729.581,0.50166,0.10262,0.39211,0.66734,-0.08619,0.42223,0.08808,0.10267,0.09772,0.10314,0.00366,0.3726,0.35448,0.01355,0.18697,0.10233,0.32529,0.54236,5.98689,2.41003,0.4676,0.34984,-1.51236,-36.76321
20260926-133621,20260926-133621-1,1,58729.629,0.50183,0.1026,0.39239,0.66771,-0.08623,0.42226,0.08841,0.10308,0.0973,0.10281,0.00364,0.37246,0.35511,0.01359,0.18657,0.10226,0.32569,0.54188,6.00807,2.43606,0.4698,0.34929,-1.51053,-36.75739
20260926-133621,20260926-133621-1,1,58729.662,0.50195,0.10263,0.39255,0.66775,-0.08629,0.42245,0.08858,0.10329,0.09705,0.10257,0.00364,0.37188,0.35469,0.01363,0.18635,0.10213,0.3257,0.5418,6.0132,2.43159,0.46907,0.34901,-1.5109,-36.75805
20260926-133621,20260926-133621-1,1,58729.675,0.50202,0.10264,0.39263,0.66768,-0.08631,0.42249,0.0887,0.10342,0.09694,0.10247,0.00365,0.37152,0.35451,0.01365,0.18627,0.10206,0.32589,0.54188,6.01371,2.43142,0.46838,0.34899,-1.51092,-36.75757
20260926-133621,20260926-133621-1,1,58729.692,0.50208,0.1027,0.39271,0.66764,-0.0864,0.42252,0.08885,0.10359,0.09676,0.10229,0.00365,0.37119,0.3543,0.01367,0.18625,0.102,0.32595,0.54187,6.01535,2.42799,0.467,0.34889,-1.51134,-36.75748
20260926-133621,20260926-133621-1,1,58729.727,0.50213,0.10278,0.39279,0.66764,-0.08652,0.42256,0.08939,0.10417,0.0962,0.10176,0.00365,0.37093,0.35435,0.01369,0.18599,0.10185,0.32651,0.54238,6.01686,2.42682,0.46628,0.34883,-1.5116,-36.75829
20260926-133621,20260926-133621-1,1,58729.759,0.50222,0.10308,0.3927,0.66756,-0.08658,0.42264,0.08973,0.10473,0.09581,0.10126,0.00366,0.37038,0.3541,0.01372,0.18606,0.10215,0.32626,0.54193,6.02162,2.42078,0.46564,0.34869,-1.5118,-36.7599
20260926-133621,20260926-133621-1,1,58729.791,0.50231,0.10311,0.3926,0.66755,-0.0866,0.4227,0.0897,0.10468,0.0958,0.1013,0.00366,0.36997,0.35401,0.01375,0.18607,0.10232,0.32592,0.54149,6.02313,2.40214,0.46411,0.34873,-1.51267,-36.76285
20260926-133621,20260926-133621-1,1,58729.823,0.50235,0.10311,0.39273,0.6675,-0.08654,0.42272,0.08968,0.10458,0.09582,0.10131,0.00366,0.36968,0.35363,0.01377,0.18596,0.10219,0.32598,0.541,6.02062,2.39316,0.46278,0.34886,-1.51302,-36.76406
20260926-133621,20260926-133621-1,1,58729.886,0.54793,0.09992,0.39028,0.61982,-0.09186,0.42055,0.09145,0.10737,0.09567,0.10368,0.01555,0.14852,0.18132,0.0356,0.19765,0.10855,0.33925,0.5357,6.0387,2.32605,0.46751,0.34548,-1.51078,-36.77832
20260926-133621,20260926-133621-1,1,58729.918,0.55945,0.09938,0.39021,0.60623,-0.09388,0.41991,0.09005,0.10642,0.09707,0.10396,0.02491,0.10302,0.13319,0.04859,0.20051,0.10924,0.3405,0.53225,6.04761,2.30938,0.46957,0.34177,-1.51161,-36.78106
20260926-133621,20260926-133621-1,1,58729.95,0.56672,0.09922,0.39043,0.59977,-0.0953,0.42035,0.08965,0.10616,0.09738,0.1038,0.03256,0.08232,0.11111,0.0586,0.20161,0.10938,0.34039,0.5304,6.05916,2.30933,0.48112,0.33648,-1.51105,-36.78062
20260926-133621,20260926-133621-1,1,58729.996,0.56924,0.09941,0.39094,0.59672,-0.09644,0.4206,0.08918,0.10564,0.09816,0.10434,0.03638,0.07541,0.10301,0.06292,0.20344,0.10979,0.3406,0.52895,6.0675,2.30013,0.47692,0.32818,-1.5107,-36.77603
20260926-133621,20260926-133621-1,1,58730.031,0.5701,0.09978,0.39101,0.59593,-0.09724,0.42066,0.08937,0.10585,0.09774,0.10406,0.03773,0.07306,0.10047,0.06453,0.20468,0.11057,0.33946,0.52715,6.0631,2.29205,0.47733,0.3242,-1.51042,-36.7735
20260926-133621,20260926-133621-1,1,58730.041,0.56979,0.09994,0.39117,0.59577,-0.09751,0.42056,0.08934,0.10582,0.09785,0.10413,0.03766,0.07339,0.10058,0.06424,0.20539,0.1107,0.33953,0.52688,6.06022,2.28861,0.47562,0.3224,-1.51046,-36.77159
20260926-133621,20260926-133621-1,1,58730.06,0.56943,0.10007,0.39123,0.59614,-0.09773,0.42049,0.08922,0.10558,0.09784,0.10436,0.0372,0.07412,0.1015,0.06372,0.2058,0.11103,0.33925,0.52608,6.05329,2.28784,0.47565,0.32025,-1.5101,-36.76765
20260926-133621,20260926-133621-1,1,58730.095,0.56836,0.10035,0.39131,0.59659,-0.09789,0.42005,0.08943,0.10582,0.09784,0.1043,0.03599,0.07667,0.10384,0.06194,0.20683,0.11131,0.33987,0.52615,6.04683,2.29,0.47894,0.31671,-1.50903,-36.76006
20260926-133621,20260926-133621-1,1,58730.125,0.56929,0.10106,0.39157,0.597,-0.09865,0.42014,0.09063,0.10743,0.09633,0.10277,0.03631,0.07568,0.10342,0.06279,0.20857,0.11194,0.33767,0.52494,6.04602,2.28594,0.47887,0.31516,-1.50837,-36.75702
20260926-133621,20260926-133621-1,1,58730.159,0.56821,0.10141,0.39167,0.59674,-0.09904,0.41988,0.09088,0.10789,0.09628,0.10241,0.03585,0.07719,0.10413,0.06156,0.20993,0.11206,0.33784,0.52524,6.04123,2.27324,0.48129,0.31281,-1.50895,-36.75298
20260926-133621,20260926-133621-1,1,58730.19,0.56824,0.10162,0.3917,0.59719,-0.09935,0.41977,0.09121,0.10824,0.09582,0.10212,0.0354,0.07776,0.10522,0.06128,0.21073,0.11254,0.33689,0.52465,6.03657,2.26624,0.48557,0.3108,-1.50904,-36.75189
20260926-133621,20260926-133621-1,1,58730.254,0.56745,0.10268,0.39204,0.59718,-0.10078,0.4197,0.09325,0.11081,0.09353,0.09978,0.03492,0.07897,0.10607,0.06028,0.21268,0.11316,0.33667,0.52361,6.03063,2.25765,0.48884,0.30878,-1.50825,-36.74885
20260926-133621,20260926-133621-1,1,58730.285,0.56739,0.10285,0.39228,0.59725,-0.10115,0.42026,0.09335,0.11082,0.09326,0.09964,0.03492,0.07887,0.10601,0.06033,0.2128,0.11332,0.33483,0.52205,6.03252,2.25145,0.49122,0.3084,-1.50653,-36.7474
20260926-133621,20260926-133621-1,1,58730.319,0.56707,0.10323,0.39231,0.59738,-0.1015,0.41984,0.09389,0.11154,0.09277,0.09914,0.03466,0.07942,0.10662,0.05997,0.21419,0.11401,0.33453,0.52066,6.03837,2.24275,0.4931,0.30789,-1.50449,-36.74881
20260926-133621,20260926-133621-1,1,58730.365,0.56495,0.10459,0.39335,0.59856,-0.10315,0.42263,0.09668,0.11536,0.08964,0.09585,0.0328,0.08357,0.11062,0.05737,0.21322,0.11381,0.32851,0.52021,6.04826,2.25887,0.50491,0.30715,-1.49926,-36.74947
20260926-133621,20260926-133621-1,1,58730.399,0.558,0.10672,0.39486,0.60321,-0.10464,0.42541,0.10047,0.12009,0.08581,0.0921,0.02692,0.09961,0.12631,0.04932,0.21053,0.11294,0.32551,0.52022,6.0515,2.26527,0.51818,0.30657,-1.49664,-36.74919
20260926-133621,20260926-133621-1,1,58730.424,0.55417,0.10801,0.39549,0.60567,-0.10546,0.42691,0.10312,0.12344,0.08333,0.08963,0.02418,0.10944,0.13553,0.04538,0.20855,0.11246,0.32475,0.52103,6.05394,2.26892,0.52495,0.30622,-1.49515,-36.7502
20260926-133621,20260926-133621-1,1,58730.44,0.55188,0.10904,0.39612,0.60791,-0.10623,0.42876,0.10531,0.12616,0.08135,0.08769,0.02238,0.11666,0.14269,0.04296,0.20626,0.11187,0.3234,0.5221,6.05679,2.27276,0.53053,0.30603,-1.49387,-36.74911
20260926-133621,20260926-133621-1,1,58730.462,0.55046,0.11108,0.39637,0.61098,-0.10738,0.4301,0.1096,0.13199,0.07793,0.08403,0.02065,0.12421,0.15106,0.04084,0.2057,0.11147,0.32229,0.52599,6.06484,2.28245,0.53312,0.30542,-1.49086,-36.7473
20260926-133621,20260926-133621-1,1,58730.495,0.54917,0.1132,0.39692,0.61355,-0.10882,0.43192,0.1138,0.13798,0.0747,0.08036,0.01925,0.13116,0.15839,0.03904,0.20505,0.11095,0.31915,0.52936,6.07127,2.29119,0.54147,0.30484,-1.48804,-36.74467
20260926-133621,20260926-133621-1,1,58730.526,0.54898,0.11514,0.39706,0.6149,-0.11017,0.43302,0.11787,0.14395,0.07176,0.07698,0.01861,0.13472,0.16214,0.0382,0.20525,0.11088,0.31713,0.53271,6.07375,2.29337,0.54093,0.30416,-1.4863,-36.74249
20260926-133621,20260926-133621-1,1,58730.557,0.54874,0.11642,0.39752,0.61617,-0.11077,0.43348,0.12042,0.14699,0.07037,0.07487,0.01801,0.13766,0.16562,0.03753,0.20555,0.11037,0.31633,0.53528,6.08248,2.29431,0.53582,0.3032,-1.4845,-36.74097
20260926-133621,20260926-133621-1,1,58730.591,0.5485,0.11676,0.39881,0.61664,-0.11082,0.43479,0.12138,0.14821,0.06978,0.07385,0.01768,0.13931,0.16744,0.03714,0.20401,0.10903,0.31411,0.53574,6.08476,2.29772,0.53968,0.30321,-1.48291,-36.73819
20260926-133621,20260926-133621-1,1,58730.655,0.5465,0.11689,0.39959,0.61931,-0.11047,0.4354,0.12186,0.14847,0.06943,0.07373,0.01617,0.14863,0.17721,0.03511,0.20234,0.1083,0.31417,0.5355,6.09029,2.28732,0.53964,0.30259,-1.48224,-36.73759
20260926-133621,20260926-133621-1,1,58730.684,0.54629,0.11697,0.39971,0.61976,-0.11057,0.43561,0.12218,0.14875,0.06923,0.07352,0.01597,0.1499,0.17864,0.03485,0.2023,0.10827,0.31364,0.53553,6.09118,2.2874,0.54082,0.30237,-1.482,-36.73639
20260926-133621,20260926-133621-1,1,58730.734,0.54603,0.11715,0.39996,0.62063,-0.11053,0.43539,0.12294,0.14942,0.0688,0.07313,0.01553,0.15257,0.18184,0.03432,0.20246,0.10819,0.31465,0.53563,6.09355,2.28248,0.53872,0.30174,-1.48207,-36.73474
20260926-133621,20260926-133621-1,1,58730.766,0.54573,0.11717,0.39993,0.62091,-0.11052,0.43527,0.12288,0.14936,0.06878,0.07311,0.01534,0.15374,0.18319,0.03407,0.20268,0.10816,0.31474,0.53559,6.09424,2.27676,0.54034,0.30144,-1.48232,-36.73137
20260926-133621,20260926-133621-1,1,58730.777,0.54565,0.11716,0.39992,0.62107,-0.11051,0.43526,0.12306,0.14958,0.0687,0.07302,0.01524,0.15448,0.18394,0.03393,0.20273,0.10813,0.31478,0.53592,6.09666,2.27295,0.54086,0.30114,-1.48247,-36.73013
20260926-133621,20260926-133621-1,1,58730.796,0.54561,0.11712,0.39993,0.62107,-0.11046,0.43531,0.1231,0.14965,0.06865,0.07298,0.01518,0.15487,0.18432,0.03384,0.20261,0.10811,0.31449,0.53601,6.09694,2.27171,0.54262,0.30097,-1.48254,-36.72862
20260926-133621,20260926-133621-1,1,58730.83,0.54539,0.11712,0.40009,0.62153,-0.1103,0.43516,0.12302,0.14958,0.06867,0.073,0.01495,0.15661,0.18611,0.03352,0.20263,0.10798,0.3143,0.53582,6.10116,2.26801,0.54585,0.30081,-1.48288,-36.72521
20260926-133621,20260926-133621-1,1,58730.863,0.54533,0.11705,0.40019,0.62164,-0.11005,0.43491,0.12265,0.14925,0.0688,0.07316,0.01481,0.15745,0.18707,0.03337,0.20229,0.10784,0.31413,0.53544,6.10924,2.25406,0.54818,0.30083,-1.4837,-36.7201
20260926-133621,20260926-133621-1,1,58730.894,0.54502,0.117,0.4002,0.62243,-0.10987,0.43485,0.12261,0.14915,0.06877,0.07325,0.0145,0.15969,0.1895,0.03299,0.20205,0.10784,0.31432,0.53514,6.12146,2.24149,0.54673,0.30012,-1.4844,-36.71594
20260926-133621,20260926-133621-1,1,58730.927,0.54474,0.11697,0.40026,0.62265,-0.10984,0.43497,0.12257,0.14915,0.06874,0.07321,0.01438,0.16064,0.19016,0.03282,0.20174,0.10762,0.31405,0.53504,6.1259,2.23379,0.54919,0.29973,-1.48474,-36.71351
20260926-133621,20260926-133621-1,1,58730.958,0.54451,0.11702,0.40042,0.62276,-0.10985,0.4354,0.12269,0.14924,0.06863,0.07314,0.01426,0.16166,0.19089,0.03263,0.20094,0.10761,0.31368,0.53428,6.1393,2.21534,0.5529,0.2987,-1.48524,-36.71244
20260926-133621,20260926-133621-1,1,58730.99,0.54406,0.11656,0.40254,0.62384,-0.10891,0.43739,0.12216,0.14865,0.06892,0.07319,0.01395,0.16392,0.19304,0.0323,0.19711,0.10467,0.31162,0.53423,6.17016,2.20731,0.55984,0.29752,-1.48389,-36.70826
20260926-133621,20260926-133621-1,1,58731.022,0.53767,0.12133,0.40922,0.62967,-0.11066,0.44047,0.13357,0.1622,0.06256,0.06359,0.01147,0.18772,0.21087,0.0283,0.1943,0.09767,0.30812,0.53702,6.20484,2.23798,0.57302,0.29997,-1.47194,-36.67602
20260926-133621,20260926-133621-1,1,58731.102,0.5177,0.11945,0.43425,0.64575,-0.10239,0.45508,0.13758,0.16453,0.05852,0.0577,0.00618,0.27363,0.27683,0.01926,0.15394,0.06594,0.31025,0.51609,6.26978,2.33468,0.6019,0.32816,-1.44263,-36.59888
20260926-133621,20260926-133621-1,1,58731.125,0.51557,0.12062,0.439,0.64933,-0.10304,0.46188,0.14227,0.16922,0.05642,0.05509,0.00564,0.28735,0.28842,0.01835,0.14446,0.06162,0.30424,0.50916,6.26746,2.36123,0.64693,0.33238,-1.43639,-36.59216
20260926-133621,20260926-133621-1,1,58731.139,0.51436,0.12031,0.44253,0.6495,-0.10255,0.46535,0.14272,0.16932,0.05596,0.05474,0.0055,0.29186,0.29207,0.01792,0.13702,0.05801,0.30055,0.49913,6.26894,2.35816,0.65873,0.33624,-1.43405,-36.5842
20260926-133621,20260926-133621-1,1,58731.167,0.51471,0.11987,0.44628,0.64867,-0.10217,0.46982,0.14332,0.17005,0.05558,0.05432,0.00564,0.28858,0.28869,0.01815,0.12945,0.05451,0.29538,0.48855,6.2734,2.35342,0.68967,0.34053,-1.43122,-36.5761
20260926-133621,20260926-133621-1,1,58731.196,0.5148,0.11896,0.45063,0.64771,-0.10169,0.47305,0.14199,0.16846,0.05607,0.05479,0.0058,0.28462,0.28524,0.01845,0.12448,0.05063,0.29077,0.47511,6.2979,2.33288,0.70191,0.34237,-1.42954,-36.56699
20260926-133621,20260926-133621-1,1,58731.23,0.51488,0.11823,0.45414,0.64664,-0.10109,0.47589,0.1407,0.16704,0.05651,0.05523,0.00598,0.27991,0.28159,0.01879,0.12005,0.04753,0.28695,0.46443,6.3397,2.32225,0.71036,0.34241,-1.42852,-36.56303
20260926-133621,20260926-133621-1,1,58731.264,0.51842,0.11741,0.45438,0.63782,-0.10181,0.47664,0.13995,0.16658,0.05675,0.05579,0.00742,0.24871,0.25452,0.02096,0.1203,0.04745,0.28763,0.45896,6.38424,2.28904,0.71002,0.34366,-1.43011,-36.56268
20260926-133621,20260926-133621-1,1,58731.295,0.52414,0.11519,0.45503,0.62728,-0.10247,0.47671,0.13807,0.16482,0.05757,0.05697,0.00969,0.21181,0.22443,0.02426,0.12103,0.04633,0.28911,0.45186,6.41791,2.25988,0.70193,0.34418,-1.43105,-36.56168
20260926-133621,20260926-133621-1,1,58731.325,0.52821,0.11107,0.46214,0.62059,-0.10143,0.47881,0.13501,0.16221,0.059,0.05861,0.01152,0.18937,0.20669,0.02685,0.11728,0.03798,0.28659,0.42169,6.45147,2.27498,0.69205,0.34325,-1.428,-36.55458
20260926-133621,20260926-133621-1,1,58731.359,0.53029,0.10295,0.47871,0.61735,-0.09623,0.49222,0.12713,0.15574,0.06243,0.0629,0.01262,0.17638,0.19707,0.02846,0.09199,0.0242,0.26324,0.35352,6.4959,2.33532,0.6714,0.34,-1.41607,-36.53699
20260926-133621,20260926-133621-1,1,58731.39,0.53202,0.09745,0.48487,0.61429,-0.09308,0.49593,0.1197,0.14851,0.06601,0.06704,0.014,0.16214,0.18506,0.03055,0.08403,0.0195,0.25262,0.31821,6.49908,2.35448,0.66191,0.3372,-1.40841,-36.52783
20260926-133621,20260926-133621-1,1,58731.472,0.54263,0.09135,0.47924,0.60239,-0.08531,0.49558,0.09978,0.12778,0.07896,0.08009,0.01952,0.12567,0.1481,0.03804,0.07746,0.02168,0.24442,0.31701,6.30151,2.40138,0.63456,0.3215,-1.36631,-36.51257
20260926-133621,20260926-133621-1,1,58731.491,0.5444,0.09012,0.47801,0.60001,-0.08414,0.49406,0.09707,0.1248,0.08128,0.08241,0.02103,0.11896,0.14094,0.03982,0.07828,0.02187,0.24825,0.31832,6.28862,2.38685,0.63309,0.31888,-1.36237,-36.5067
20260926-133621,20260926-133621-1,1,58731.508,0.54889,0.09357,0.46635,0.59982,-0.08847,0.48497,0.0991,0.12552,0.08143,0.08262,0.02178,0.11762,0.13929,0.04097,0.08929,0.0282,0.2649,0.35903,6.12135,2.24973,0.57239,0.30858,-1.35417,-36.49488
20260926-133621,20260926-133621-1,1,58731.532,0.55616,0.10236,0.44557,0.60592,-0.09622,0.46751,0.09873,0.12275,0.08315,0.08394,0.02057,0.11908,0.14754,0.04192,0.11917,0.04901,0.28201,0.43919,5.72566,1.96249,0.50705,0.27849,-1.31687,-36.56455
20260926-133621,20260926-133621-1,1,58731.566,0.5577,0.10738,0.42411,0.61458,-0.09968,0.44991,0.08956,0.11027,0.0905,0.09377,0.01675,0.13619,0.17037,0.0376,0.15443,0.07851,0.28432,0.46899,5.21217,1.8117,0.53871,0.22019,-1.19927,-36.54705
20260926-133621,20260926-133621-1,1,58731.596,0.55384,0.10628,0.41595,0.61482,-0.09864,0.44143,0.07933,0.0918,0.10314,0.11,0.01463,0.14997,0.18317,0.03395,0.16034,0.09593,0.29472,0.43976,4.74673,1.63027,0.61082,0.17664,-1.04639,-36.50301
20260926-133621,20260926-133621-1,1,58731.631,0.55029,0.10635,0.40884,0.61972,-0.09509,0.43297,0.07313,0.08464,0.11173,0.11889,0.01192,0.17308,0.20309,0.02965,0.16566,0.10439,0.30113,0.44464,4.39029,1.46812,0.68235,0.13176,-0.86701,-36.4709
20260926-133621,20260926-133621-1,1,58731.661,0.54647,0.10626,0.41981,0.62052,-0.09382,0.44049,0.06984,0.08227,0.11351,0.11957,0.01014,0.1945,0.2165,0.02592,0.15328,0.09321,0.28392,0.41833,3.99435,1.30009,0.62423,0.10225,-0.71165,-36.43782
20260926-133621,20260926-133621-1,1,58731.694,0.54468,0.1036,0.41571,0.62379,-0.09072,0.43774,0.06443,0.07476,0.12229,0.1299,0.00923,0.20358,0.2271,0.02494,0.15433,0.09795,0.28729,0.42064,3.74135,1.14146,0.63354,0.08073,-0.55247,-36.34095
20260926-133621,20260926-133621-1,1,58731.724,0.54403,0.10683,0.41593,0.62573,-0.09356,0.43612,0.06716,0.0785,0.11684,0.12475,0.00859,0.21368,0.23553,0.02378,0.15565,0.09818,0.29101,0.42623,3.51865,1.04967,0.62898,0.07073,-0.39579,-36.27723
20260926-133621,20260926-133621-1,1,58731.757,0.5435,0.11063,0.4129,0.62539,-0.09526,0.43198,0.07104,0.08426,0.11177,0.11765,0.00889,0.21163,0.23255,0.02412,0.16327,0.10221,0.29924,0.4382,3.42176,1.11049,0.61146,0.06837,-0.256,-36.17643
20260926-133621,20260926-133621-1,1,58731.807,0.53283,0.11389,0.41683,0.6235,-0.09924,0.4331,0.07388,0.08696,0.1072,0.11263,0.00825,0.23126,0.23856,0.02147,0.1658,0.10471,0.30052,0.41542,3.29681,1.19834,0.62378,0.07085,-0.15304,-36.0296
20260926-133621,20260926-133621-1,1,58731.84,0.52875,0.11689,0.41305,0.62641,-0.10303,0.42698,0.08379,0.09772,0.0956,0.10154,0.00758,0.24396,0.24777,0.02038,0.17107,0.10952,0.32816,0.43472,3.15364,1.29941,0.60518,0.08064,-0.0914,-35.88909
20260926-133621,20260926-133621-1,1,58731.869,0.5224,0.11788,0.41767,0.63308,-0.10073,0.43204,0.08912,0.10439,0.09022,0.09516,0.00612,0.28027,0.2788,0.01733,0.16016,0.1018,0.3328,0.44475,2.98361,1.52507,0.68029,0.09046,-0.037,-35.70295
20260926-133621,20260926-133621-1,1,58731.902,0.5151,0.12062,0.41176,0.63909,-0.10092,0.42539,0.09609,0.11114,0.08373,0.08914,0.00486,0.3199,0.31301,0.0147,0.15985,0.10524,0.35273,0.46854,2.81449,1.71413,0.77558,0.09842,0.01115,-35.47272
20260926-133621,20260926-133621-1,1,58731.934,0.51239,0.12211,0.41555,0.64172,-0.10015,0.43296,0.10429,0.1208,0.07646,0.08148,0.00444,0.33685,0.32673,0.01366,0.14698,0.10189,0.35348,0.47213,2.6732,1.8161,0.84655,0.09892,0.05071,-35.22106
20260926-133621,20260926-133621-1,1,58731.967,0.51265,0.11736,0.41943,0.64214,-0.09684,0.43892,0.10184,0.11625,0.07834,0.08446,0.00416,0.34753,0.3341,0.01324,0.13819,0.09792,0.35059,0.46306,2.47414,2.09919,0.91932,0.09011,0.11137,-34.91752
20260926-133621,20260926-133621-1,1,58731.998,0.5095,0.11338,0.42197,0.64601,-0.09367,0.44522,0.10081,0.11568,0.07873,0.08451,0.00366,0.37665,0.35704,0.01176,0.13325,0.0916,0.33588,0.467,2.17918,2.37907,1.02439,0.07059,0.1782,-34.57705
20260926-133621,20260926-133621-1,1,58732.03,0.5054,0.11539,0.42643,0.6519,-0.09575,0.44666,0.10956,0.12487,0.07107,0.07652,0.00314,0.40836,0.3861,0.01015,0.12866,0.08763,0.34312,0.46542,1.71829,2.65383,1.20743,0.05814,0.23998,-34.25782
20260926-133621,20260926-133621-1,1,58732.063,0.49692,0.11842,0.42309,0.65663,-0.09736,0.44405,0.11796,0.13411,0.06358,0.06911,0.00278,0.44246,0.41969,0.00812,0.12632,0.08908,0.35606,0.47577,1.18319,3.02493,1.30078,0.04293,0.31123,-33.91065
20260926-133621,20260926-133621-1,1,58732.092,0.48873,0.12019,0.43059,0.6609,-0.09615,0.44329,0.12077,0.13699,0.06078,0.0654,0.0024,0.49334,0.46786,0.00593,0.12465,0.08308,0.36121,0.47352,0.31122,3.37643,1.38179,0.0511,0.37359,-33.563
20260926-133621,20260926-133621-1,1,58732.125,0.49132,0.11834,0.41318,0.65938,-0.09143,0.42228,0.11334,0.12768,0.06769,0.07266,0.00227,0.50805,0.47687,0.00569,0.14043,0.10148,0.38903,0.51289,-0.50838,3.55304,1.33492,0.07641,0.42246,-33.2491
20260926-133621,20260926-133621-1,1,58732.175,0.48826,0.05575,0.20128,0.6155,-0.05354,0.30059,0.02869,0.0286,0.29854,0.30631,0.00512,0.34822,0.32729,0.0123,0.24613,0.27839,0.55455,0.63675,-1.18706,3.19922,1.37931,0.06627,0.4393,-33.04477
20260926-133621,20260926-133621-1,1,58732.204,0.47471,0.04888,0.09893,0.55356,-0.03644,0.19517,0.01784,0.01926,0.38519,0.40168,0.01683,0.23489,0.24127,0.01155,0.42276,0.51177,0.52053,0.56017,-1.76091,2.5834,1.27263,0.09561,0.40865,-33.08604
20260926-133621,20260926-133621-1,1,58732.24,0.50142,0.0149,0.04415,0.54203,-0.01392,0.12818,0.01091,0.00994,0.53168,0.54917,0.02196,0.15972,0.15706,0.02955,0.55426,0.61036,0.62334,0.6344,-2.1646,2.25616,1.1926,0.11099,0.4696,-32.82526
20260926-133621,20260926-133621-1,1,58732.269,0.49454,0.05063,0.12396,0.60511,-0.05731,0.19924,0.02189,0.02168,0.36962,0.38798,0.00683,0.30001,0.2966,0.01715,0.47562,0.49142,0.53984,0.634,-2.41918,2.41648,1.1071,0.1484,0.60783,-32.64703
20260926-133621,20260926-133621-1,1,58732.301,0.49332,0.09811,0.30123,0.65752,-0.08046,0.33378,0.05423,0.05988,0.16421,0.17313,0.00251,0.45787,0.42467,0.01037,0.26009,0.24829,0.44264,0.56012,-2.54364,2.69457,1.17198,0.19631,0.75189,-32.50733
20260926-133621,20260926-133621-1,1,58732.334,0.48364,0.11113,0.37435,0.67828,-0.08261,0.38728,0.07282,0.08278,0.10861,0.11556,0.00138,0.58884,0.55683,0.00488,0.17037,0.1397,0.40647,0.52681,-2.47272,3.02796,0.89759,0.24868,0.8478,-32.44662
20260926-133621,20260926-133621-1,1,58732.366,0.47024,0.11653,0.38541,0.68143,-0.08352,0.39653,0.07844,0.09156,0.09734,0.10134,0.00126,0.63522,0.60805,0.00319,0.15957,0.12209,0.3982,0.53354,-2.22689,3.1628,0.55306,0.30062,0.86586,-32.51435
20260926-133621,20260926-133621-1,1,58732.396,0.44601,0.11727,0.38441,0.69001,-0.0812,0.38893,0.07365,0.08599,0.10407,0.10592,0.00104,0.69809,0.67479,0.00203,0.17555,0.12295,0.39978,0.52808,-1.84617,3.37773,0.23077,0.35904,0.85756,-32.64799
20260926-133621,20260926-133621-1,1,58732.43,0.44825,0.11398,0.37593,0.69915,-0.07596,0.36193,0.07003,0.07865,0.11066,0.11591,0.00083,0.71358,0.68973,0.00221,0.20519,0.14078,0.46656,0.50463,-1.2648,3.71055,0.15952,0.41073,0.84294,-32.8399
20260926-133621,20260926-133621-1,1,58732.463,0.458,0.12371,0.37277,0.69397,-0.08402,0.42029,0.08981,0.11312,0.08773,0.08603,0.00097,0.68763,0.65884,0.00266,0.14824,0.14852,0.3542,0.54956,-0.66952,4.24833,0.00439,0.42433,0.82246,-33.03261
20260926-133621,20260926-133621-1,1,58732.495,0.47405,0.12369,0.41168,0.68279,-0.08215,0.42403,0.0971,0.12351,0.08323,0.07753,0.00119,0.64146,0.60146,0.00358,0.14831,0.10033,0.32498,0.5193,-0.20332,4.77009,-0.31445,0.40988,0.7115,-33.38861
20260926-133621,20260926-133621-1,1,58732.543,0.47367,0.12127,0.40885,0.69356,-0.08429,0.42536,0.09233,0.11415,0.08571,0.08332,0.00101,0.65363,0.60999,0.00372,0.15706,0.09844,0.31814,0.50192,0.38844,4.91317,-0.37695,0.33701,0.52165,-33.91638
20260926-133621,20260926-133621-1,1,58732.573,0.47669,0.1182,0.40027,0.69959,-0.08224,0.42445,0.09842,0.12071,0.08078,0.07826,0.00098,0.64978,0.60315,0.00395,0.15316,0.09488,0.33652,0.52554,0.88059,5.00326,-0.40055,0.23086,0.37914,-34.4373
20260926-133621,20260926-133621-1,1,58732.606,0.46903,0.11785,0.39869,0.69401,-0.08028,0.41616,0.09911,0.12042,0.07896,0.07665,0.00103,0.64799,0.60507,0.00363,0.15965,0.09889,0.35146,0.53096,1.09489,5.01294,-0.32187,0.05757,0.25378,-35.00899
20260926-133621,20260926-133621-1,1,58732.638,0.47835,0.11823,0.40555,0.68837,-0.08197,0.41993,0.10613,0.12905,0.07063,0.07021,0.0011,0.62328,0.57712,0.00422,0.14216,0.09079,0.36772,0.53683,0.9867,4.73926,-0.13144,-0.18319,0.14021,-35.63028
20260926-133621,20260926-133621-1,1,58732.67,0.48651,0.12141,0.40257,0.67698,-0.08667,0.41865,0.1082,0.13092,0.0686,0.07095,0.00148,0.5706,0.52658,0.00515,0.1429,0.1023,0.38553,0.54213,0.61162,4.31252,0.13209,-0.44874,0.05595,-36.22375
20260926-133621,20260926-133621-1,1,58732.704,0.5119,0.12529,0.4136,0.64971,-0.09802,0.42364,0.13345,0.15551,0.05334,0.05856,0.00228,0.46864,0.43406,0.00793,0.13712,0.10479,0.39829,0.50849,-0.05977,3.73242,0.58728,-0.70492,0.01347,-36.85736
20260926-133621,20260926-133621-2,1,58736.412,0.48194,-0.02655,0.04774,0.49262,0.03112,0.07405,0.00393,0.00301,0.76276,0.77021,0.05947,0.10542,0.09076,0.03755,0.7241,0.68062,0.51829,0.53324,1.82354,0.76449,1.64739,0.73639,0.4787,-43.7033
20260926-133621,20260926-133621-2,1,58736.446,0.51754,0.01906,0.12575,0.52361,-0.01202,0.16375,0.0085,0.00726,0.60298,0.60488,0.06003,0.06882,0.07659,0.06252,0.60636,0.57573,0.42783,0.41488,2.32242,0.66152,1.79495,0.85951,0.51251,-43.3377
20260926-133621,20260926-133621-2,1,58736.476,0.54963,0.07753,0.21525,0.60258,0.00625,0.20739,0.01035,0.01591,0.49428,0.52384,0.02195,0.13517,0.16699,0.04085,0.62226,0.39453,0.42754,0.49898,2.48509,0.46469,1.66345,0.97862,0.53923,-43.42799
20260926-133621,20260926-133621-2,1,58736.511,0.56611,0.11984,0.35677,0.60559,-0.04731,0.34045,0.02563,0.04063,0.28575,0.27365,0.02188,0.12817,0.1532,0.04056,0.3794,0.18343,0.39624,0.45938,2.69426,0.36708,1.59952,1.10381,0.56025,-43.33767
20260926-133621,20260926-133621-2,1,58736.56,0.5618,0.14276,0.40775,0.60357,-0.09519,0.41001,0.04824,0.06899,0.18556,0.15508,0.01811,0.15517,0.16564,0.0331,0.24532,0.12441,0.33894,0.4459,2.81701,0.4056,1.45717,1.19919,0.5875,-43.19843
20260926-133621,20260926-133621-2,1,58736.591,0.56132,0.1382,0.42103,0.60292,-0.09743,0.42092,0.05159,0.07274,0.16781,0.14427,0.01741,0.15281,0.16802,0.03367,0.20899,0.11045,0.35263,0.42947,2.98929,0.47918,1.38859,1.26023,0.6012,-43.15554
20260926-133621,20260926-133621-2,1,58736.611,0.56117,0.1353,0.42688,0.60081,-0.09814,0.42439,0.0521,0.07305,0.16441,0.14175,0.01804,0.148,0.16355,0.03447,0.1943,0.1031,0.35696,0.42099,3.06875,0.51917,1.37805,1.26536,0.60779,-43.12758
20260926-133621,20260926-133621-2,1,58736.658,0.55001,0.13042,0.42681,0.59914,-0.09873,0.4318,0.05434,0.07421,0.15552,0.13939,0.0166,0.16111,0.16807,0.03091,0.18682,0.10388,0.33438,0.41909,3.28056,0.69382,1.3045,1.29948,0.62484,-43.0658
20260926-133621,20260926-133621-2,1,58736.685,0.55254,0.12734,0.42569,0.59713,-0.09928,0.43291,0.05607,0.0758,0.15032,0.13653,0.01877,0.14605,0.15543,0.03374,0.18522,0.10323,0.33244,0.41719,3.47023,0.80498,1.30882,1.29996,0.63529,-43.0775
20260926-133621,20260926-133621-2,1,58736.717,0.55364,0.12403,0.42955,0.59664,-0.10085,0.43412,0.05609,0.07462,0.1484,0.13769,0.01991,0.13674,0.14949,0.03614,0.18066,0.09853,0.33474,0.41145,3.63161,0.92426,1.25925,1.28525,0.64993,-43.12353
20260926-133621,20260926-133621-2,1,58736.749,0.55828,0.12152,0.4331,0.59681,-0.1007,0.43289,0.05518,0.07222,0.14903,0.139,0.02248,0.11994,0.13756,0.04099,0.17328,0.08665,0.33968,0.40011,3.75007,0.94242,1.18875,1.25439,0.66501,-43.19147
20260926-133621,20260926-133621-2,1,58736.782,0.5586,0.12693,0.43783,0.59334,-0.10899,0.44017,0.0628,0.08322,0.12875,0.11952,0.02502,0.11073,0.12605,0.04318,0.16205,0.07935,0.31721,0.39286,3.80322,0.99563,1.06341,1.21229,0.69936,-43.20853
20260926-133621,20260926-133621-2,1,58736.813,0.55967,0.12518,0.45432,0.592,-0.11329,0.46028,0.07426,0.09595,0.10845,0.10147,0.02654,0.10637,0.11999,0.04438,0.13097,0.0589,0.28623,0.35362,3.7837,0.9527,0.9542,1.18151,0.75162,-43.2108
20260926-133621,20260926-133621-2,1,58736.845,0.56168,0.12759,0.46711,0.59642,-0.12116,0.48532,0.09068,0.11469,0.08842,0.08482,0.02365,0.11585,0.13256,0.0424,0.11171,0.0515,0.22147,0.31623,3.82587,0.8635,0.77151,1.15246,0.84836,-43.24004
20260926-133621,20260926-133621-2,1,58736.879,0.55704,0.12475,0.4685,0.58977,-0.11925,0.48529,0.08393,0.10433,0.09315,0.09165,0.02464,0.11282,0.12646,0.04119,0.11154,0.05572,0.21334,0.30025,3.93777,0.71612,0.60636,1.11219,0.99913,-43.27579
20260926-133621,20260926-133621-2,1,58736.925,0.55785,0.12033,0.45222,0.59071,-0.11221,0.47204,0.0759,0.09148,0.10161,0.10219,0.02569,0.10449,0.12201,0.04313,0.11747,0.06621,0.22928,0.32381,3.91794,0.49001,0.53245,1.03808,1.16731,-43.29554
20260926-133621,20260926-133621-2,1,58736.961,0.55863,0.11827,0.44042,0.59167,-0.10862,0.46538,0.07018,0.08277,0.10839,0.11103,0.02735,0.09594,0.11647,0.04601,0.12129,0.07448,0.23977,0.3435,3.98376,0.47656,0.49916,0.9769,1.33064,-43.25206
20260926-133621,20260926-133621-2,1,58736.975,0.55591,0.11908,0.42534,0.59231,-0.10883,0.45532,0.06352,0.07462,0.12133,0.12433,0.02662,0.09927,0.11837,0.04486,0.13706,0.0919,0.24968,0.37988,4.02637,0.3442,0.45567,0.95768,1.34305,-43.2457
20260926-133621,20260926-133621-2,1,58736.992,0.55771,0.11768,0.433,0.59467,-0.10718,0.4591,0.06537,0.07757,0.11917,0.12058,0.02523,0.10353,0.12377,0.0434,0.13073,0.08182,0.23729,0.3611,4.05058,0.25524,0.46796,0.92077,1.44127,-43.18641
20260926-133621,20260926-133621-2,1,58737.054,0.55987,0.10578,0.4321,0.60289,-0.09561,0.45173,0.05539,0.06491,0.14347,0.14461,0.02026,0.12135,0.14496,0.03846,0.13042,0.07164,0.25066,0.36442,4.11006,0.04602,0.42402,0.83392,1.64703,-42.81556
20260926-133621,20260926-133621-2,1,58737.086,0.55428,0.11427,0.43205,0.60001,-0.10595,0.45131,0.06218,0.07351,0.12679,0.12897,0.01999,0.12647,0.14412,0.03643,0.14253,0.08016,0.24348,0.35257,4.24863,-0.14941,0.34323,0.79034,1.70353,-42.59058
20260926-133621,20260926-133621-2,1,58737.118,0.5506,0.11513,0.42642,0.59885,-0.10779,0.44478,0.06213,0.07428,0.12824,0.12902,0.01966,0.1308,0.14462,0.03521,0.15599,0.08696,0.2498,0.37337,4.31953,-0.19142,0.31204,0.76392,1.74066,-42.39184
20260926-133621,20260926-133621-2,1,58737.148,0.54992,0.11807,0.42294,0.59656,-0.11017,0.43825,0.06407,0.07762,0.1251,0.1253,0.02065,0.12842,0.13995,0.03577,0.16422,0.09118,0.26023,0.39494,4.43124,-0.16107,0.19972,0.74238,1.75018,-42.1783
20260926-133621,20260926-133621-2,1,58737.182,0.54728,0.11671,0.41939,0.59516,-0.10968,0.43551,0.06139,0.07424,0.13168,0.13217,0.02057,0.1313,0.14116,0.03514,0.16596,0.09375,0.26251,0.41049,4.56433,-0.18013,0.10648,0.7276,1.74563,-41.96741
20260926-133621,20260926-133621-2,1,58737.214,0.54591,0.11736,0.42067,0.59498,-0.10967,0.43422,0.06274,0.07687,0.1301,0.12928,0.02061,0.13274,0.14084,0.03498,0.16983,0.09445,0.25985,0.41208,4.63311,-0.10635,0.0232,0.72108,1.73317,-41.73791
20260926-133621,20260926-133621-2,1,58737.244,0.54649,0.11784,0.42022,0.59434,-0.11103,0.43379,0.06306,0.07661,0.12895,0.12947,0.02084,0.12995,0.13914,0.03576,0.17285,0.09669,0.25689,0.40967,4.74653,0.00069,-0.07419,0.71754,1.72294,-41.51667
20260926-133621,20260926-133621-2,1,58737.293,0.5484,0.1197,0.42322,0.59327,-0.11287,0.43452,0.06451,0.0797,0.12633,0.12664,0.02331,0.12113,0.13123,0.03811,0.17771,0.09471,0.25513,0.40337,4.86953,-0.02967,-0.15836,0.72243,1.68923,-41.20264
20260926-133621,20260926-133621-2,1,58737.326,0.54817,0.1188,0.42476,0.58953,-0.11203,0.43321,0.06323,0.07831,0.13063,0.13005,0.02483,0.11741,0.12593,0.03887,0.18071,0.09338,0.2583,0.40484,4.87891,-0.09521,-0.17453,0.73875,1.65295,-40.89181
20260926-133621,20260926-133621-2,1,58737.339,0.54789,0.11822,0.42407,0.58997,-0.11159,0.43291,0.06105,0.07489,0.13542,0.13497,0.02442,0.1182,0.12811,0.03877,0.18267,0.09496,0.25536,0.40062,4.91131,-0.10417,-0.16387,0.74262,1.64264,-40.80217
20260926-133621,20260926-133621-2,1,58737.358,0.54989,0.11913,0.42331,0.588,-0.11158,0.43177,0.06315,0.07669,0.13322,0.13173,0.02663,0.11062,0.12095,0.04122,0.18366,0.09742,0.26261,0.40124,4.97812,-0.06075,-0.24217,0.7618,1.61889,-40.5717
20260926-133621,20260926-133621-2,1,58737.391,0.55135,0.11836,0.41925,0.58374,-0.11092,0.43186,0.06568,0.07875,0.12999,0.12771,0.03163,0.09626,0.10688,0.04678,0.18099,0.09934,0.2763,0.40584,5.13086,0.1812,-0.25146,0.80876,1.56854,-40.14342
20260926-133621,20260926-133621-2,1,58737.457,0.55261,0.11426,0.40935,0.59184,-0.11232,0.42719,0.07968,0.09065,0.10568,0.11455,0.03055,0.09124,0.11048,0.0502,0.17199,0.10853,0.32902,0.44134,5.49084,0.8761,-0.38157,0.92929,1.45641,-39.35127
20260926-133621,20260926-133621-2,1,58737.488,0.55506,0.11255,0.40566,0.58521,-0.11559,0.43382,0.07976,0.09199,0.10507,0.11486,0.0356,0.08084,0.1008,0.05628,0.17074,0.11334,0.30964,0.45998,5.68234,1.34198,-0.51584,1.00476,1.41874,-38.96615
20260926-133621,20260926-133621-2,1,58737.518,0.5561,0.11167,0.39951,0.58373,-0.11573,0.44323,0.07968,0.09339,0.10541,0.11401,0.03828,0.07714,0.09634,0.05881,0.16803,0.11633,0.28485,0.47717,5.8297,1.42044,-0.64851,1.09189,1.3652,-38.65187
20260926-133621,20260926-133621-2,1,58737.551,0.52022,0.11176,0.40094,0.61759,-0.10405,0.4436,0.07498,0.09107,0.11407,0.12014,0.01215,0.20123,0.20593,0.02513,0.17359,0.10612,0.2761,0.49745,6.08412,1.51049,-0.66529,1.19974,1.30108,-38.37087
20260926-133621,20260926-133621-2,1,58737.582,0.51041,0.11143,0.39483,0.63219,-0.09978,0.42779,0.07441,0.09059,0.11515,0.11939,0.00873,0.24807,0.24502,0.02047,0.19743,0.10669,0.28975,0.50855,6.45706,1.71717,-0.75323,1.3289,1.24689,-38.12774
20260926-133621,20260926-133621-2,1,58737.615,0.51435,0.1132,0.3833,0.64412,-0.10444,0.40881,0.08517,0.10164,0.10256,0.10996,0.0076,0.25562,0.2632,0.02195,0.23637,0.12568,0.31284,0.51616,6.85709,2.0129,-0.76435,1.46373,1.24203,-37.96748
20260926-133621,20260926-133621-2,1,58737.661,0.52082,0.1167,0.37886,0.63306,-0.1053,0.39587,0.08317,0.09963,0.10802,0.11622,0.00977,0.22281,0.23854,0.02566,0.26087,0.13528,0.33156,0.52665,7.28477,1.73947,-0.77864,1.60257,1.21937,-37.78985
20260926-133621,20260926-133621-2,1,58737.694,0.52576,0.11854,0.37514,0.63244,-0.10513,0.3932,0.08302,0.10063,0.10846,0.11496,0.01047,0.21207,0.23044,0.02727,0.26382,0.13998,0.3331,0.52885,7.49043,1.53688,-0.82033,1.7051,1.20626,-37.71881
20260926-133621,20260926-133621-2,1,58737.708,0.52856,0.12012,0.37497,0.63538,-0.10568,0.39412,0.0819,0.09911,0.10855,0.11548,0.01052,0.20384,0.2322,0.02909,0.26547,0.14173,0.32805,0.52658,7.61106,1.49785,-0.76768,1.7239,1.20449,-37.70102
20260926-133621,20260926-133621-2,1,58737.725,0.52419,0.12019,0.37634,0.6358,-0.10547,0.3965,0.08315,0.10197,0.10696,0.11218,0.00984,0.21882,0.23808,0.02675,0.26139,0.13686,0.32495,0.53096,7.81297,1.33489,-0.718,1.74897,1.19833,-37.6555
20260926-133621,20260926-133621-2,1,58737.76,0.53915,0.11787,0.38255,0.62952,-0.10581,0.40995,0.08665,0.10743,0.10271,0.10791,0.01259,0.18288,0.21407,0.03279,0.247,0.1287,0.31281,0.54091,8.00462,1.22859,-0.59816,1.76959,1.20406,-37.60204
20260926-133621,20260926-133621-2,1,58737.789,0.54434,0.11715,0.38559,0.63377,-0.10648,0.41939,0.08691,0.10686,0.10066,0.10603,0.01265,0.16561,0.21909,0.0376,0.23674,0.12485,0.30124,0.54008,8.17008,1.16164,-0.46952,1.75051,1.21097,-37.53257
20260926-133621,20260926-133621-2,1,58737.854,0.5426,0.12065,0.38942,0.62758,-0.11429,0.42764,0.09308,0.1143,0.09211,0.09944,0.01528,0.15719,0.19545,0.03751,0.23489,0.12462,0.29128,0.53436,8.4345,0.91953,-0.25702,1.66886,1.19133,-37.4545
20260926-133621,20260926-133621-2,1,58737.886,0.5379,0.12092,0.39099,0.62821,-0.11622,0.42937,0.10256,0.12862,0.08382,0.09076,0.01452,0.16445,0.20388,0.03593,0.23889,0.11948,0.2919,0.55278,8.43892,0.8903,-0.08743,1.62633,1.17258,-37.38189
20260926-133621,20260926-133621-2,1,58737.921,0.53588,0.1206,0.39189,0.62691,-0.11727,0.43149,0.10353,0.12854,0.08293,0.08946,0.01597,0.15055,0.19317,0.03846,0.23799,0.11394,0.29636,0.54097,8.53393,0.83339,-0.01056,1.56914,1.13411,-37.2072
20260926-133621,20260926-133621-2,1,58737.951,0.53182,0.12,0.39448,0.62799,-0.11603,0.42983,0.1059,0.12887,0.08074,0.08761,0.01513,0.15696,0.1968,0.03686,0.23334,0.11243,0.30937,0.52769,8.57328,0.99463,-0.01573,1.50998,1.09834,-36.98761
20260926-133621,20260926-133621-2,1,58737.983,0.53631,0.11451,0.40264,0.63861,-0.11023,0.43252,0.09503,0.11219,0.08454,0.09482,0.0127,0.14122,0.22671,0.04325,0.21951,0.10676,0.30311,0.49313,8.52432,1.07914,0.10184,1.44978,1.03965,-36.81422
20260926-133621,20260926-133621-2,1,58738.03,0.53204,0.11309,0.40595,0.64519,-0.10587,0.43343,0.08771,0.10437,0.09057,0.10013,0.00981,0.16197,0.25886,0.03868,0.21475,0.10346,0.29839,0.50184,8.32298,1.28897,0.06782,1.38805,0.9923,-36.69591
20260926-133621,20260926-133621-2,1,58738.065,0.53121,0.11007,0.40796,0.6505,-0.10218,0.43246,0.08214,0.09626,0.0942,0.10508,0.00791,0.16532,0.29516,0.03919,0.21248,0.10237,0.2991,0.4964,8.21962,1.55206,0.0988,1.34105,0.95084,-36.6669
20260926-133621,20260926-133621-2,1,58738.075,0.5321,0.11067,0.40734,0.65378,-0.10161,0.42988,0.08492,0.10043,0.09098,0.10054,0.00721,0.166,0.31211,0.03981,0.21577,0.10212,0.30256,0.50719,8.19657,1.67517,0.04356,1.3306,0.95139,-36.68234
20260926-133621,20260926-133621-2,1,58738.094,0.53363,0.11032,0.40781,0.6531,-0.10216,0.43162,0.08599,0.10125,0.08939,0.09934,0.00735,0.16101,0.31127,0.04118,0.21457,0.10254,0.30142,0.5069,8.15444,1.80284,0.03985,1.30774,0.91705,-36.65113
20260926-133621,20260926-133621-2,1,58738.127,0.56179,0.10558,0.4075,0.61676,-0.10584,0.43286,0.08527,0.09864,0.09281,0.10529,0.02352,0.07857,0.16069,0.07124,0.21542,0.10443,0.31386,0.495,8.06219,2.22288,0.12583,1.27015,0.87682,-36.58353
20260926-133621,20260926-133621-2,1,58738.158,0.57799,0.10764,0.40862,0.58867,-0.11107,0.43806,0.09083,0.10984,0.08928,0.09661,0.06483,0.04362,0.07096,0.10337,0.21578,0.10225,0.30843,0.49563,8.0617,2.63782,0.2799,1.23383,0.83974,-36.48242
20260926-133621,20260926-133621-2,1,58738.191,0.57856,0.10871,0.40793,0.58454,-0.11027,0.44056,0.09486,0.11766,0.08619,0.08872,0.07583,0.03885,0.06106,0.10939,0.21171,0.09738,0.304,0.51257,8.08869,2.77338,0.21336,1.19912,0.80298,-36.3909
20260926-133621,20260926-133621-2,1,58738.252,0.58938,0.11497,0.407,0.56934,-0.11928,0.44132,0.1122,0.14045,0.0733,0.07061,0.11894,0.02564,0.0414,0.14192,0.21041,0.09506,0.30058,0.52504,8.03728,2.94051,0.12224,1.14848,0.79137,-36.23946
20260926-133621,20260926-133621-2,1,58738.288,0.59209,0.11587,0.40605,0.56275,-0.12098,0.44297,0.11568,0.14589,0.07085,0.06757,0.13649,0.02238,0.03635,0.15391,0.20219,0.09405,0.30162,0.52986,7.98763,3.055,0.14064,1.11994,0.79552,-36.1577
20260926-133621,20260926-133621-2,1,58738.316,0.59003,0.11498,0.40435,0.56059,-0.12064,0.44086,0.1085,0.1382,0.0756,0.07258,0.13924,0.02234,0.03566,0.15279,0.20282,0.09692,0.30049,0.52636,7.91324,3.10171,0.15591,1.09545,0.80093,-36.08033
20260926-133621,20260926-133621-2,1,58738.35,0.58698,0.11583,0.40577,0.56139,-0.11863,0.43849,0.10354,0.13264,0.07939,0.07645,0.13125,0.02417,0.03755,0.14436,0.20775,0.09868,0.30206,0.51848,7.877,3.13526,0.1712,1.06689,0.80524,-35.98834
20260926-133621,20260926-133621-2,1,58738.398,0.58766,0.12268,0.41298,0.56424,-0.12028,0.43717,0.11202,0.14269,0.07415,0.06895,0.12426,0.02542,0.03941,0.14006,0.21656,0.09934,0.30183,0.50453,7.84951,3.15298,0.17562,1.04326,0.80963,-35.92273
20260926-133621,20260926-133621-2,1,58738.43,0.58678,0.12406,0.413,0.5658,-0.12152,0.43749,0.11608,0.14768,0.07181,0.06596,0.11756,0.02718,0.04122,0.13278,0.22297,0.09974,0.29854,0.51007,7.847,3.18381,0.21313,1.02416,0.80952,-35.85397
20260926-133621,20260926-133621-2,1,58738.442,0.5856,0.12361,0.41232,0.56612,-0.12199,0.4384,0.11714,0.14887,0.071,0.06537,0.1152,0.02772,0.04181,0.13086,0.22167,0.09987,0.29817,0.51341,7.83991,3.20989,0.2257,1.01897,0.80984,-35.83452
20260926-133621,20260926-133621-2,1,58738.46,0.58482,0.12342,0.41337,0.56783,-0.12251,0.4423,0.11942,0.151,0.06927,0.06403,0.11194,0.02843,0.04285,0.12833,0.21652,0.099,0.29694,0.51732,7.82721,3.21944,0.23571,1.0118,0.80685,-35.79267
20260926-133621,20260926-133621-2,1,58738.496,0.5825,0.12328,0.4121,0.56965,-0.12189,0.44225,0.11985,0.15069,0.06907,0.06388,0.10672,0.02977,0.04479,0.12447,0.21902,0.09994,0.29899,0.52073,7.80025,3.35118,0.25875,0.99711,0.80487,-35.68563
20260926-133621,20260926-133621-2,1,58738.526,0.5808,0.12287,0.41136,0.57122,-0.12214,0.44346,0.12269,0.15279,0.06752,0.0625,0.10229,0.03115,0.04651,0.1205,0.2197,0.10014,0.30205,0.52462,7.79415,3.3991,0.26528,0.98411,0.79488,-35.57788
20260926-133621,20260926-133621-2,1,58738.559,0.57918,0.12259,0.4099,0.57216,-0.12252,0.44378,0.12379,0.15401,0.06708,0.06228,0.09859,0.03259,0.04823,0.11633,0.22243,0.10109,0.30287,0.52832,7.76614,3.49899,0.26697,0.9678,0.78274,-35.43711
20260926-133621,20260926-133621-2,1,58738.591,0.57704,0.12282,0.40931,0.57142,-0.1228,0.44379,0.12466,0.15485,0.06684,0.0619,0.09618,0.03384,0.04926,0.1126,0.22533,0.10208,0.30335,0.53026,7.72601,3.69929,0.27662,0.95363,0.77885,-35.29264
20260926-133621,20260926-133621-2,1,58738.653,0.57585,0.12264,0.40811,0.56985,-0.12281,0.4444,0.12778,0.15817,0.0652,0.06039,0.09489,0.03446,0.04976,0.1106,0.22557,0.10157,0.30566,0.53674,7.62595,3.83315,0.28399,0.93508,0.76418,-35.06005
20260926-133621,20260926-133621-2,1,58738.687,0.57421,0.12291,0.40747,0.57064,-0.12226,0.44318,0.12927,0.16047,0.06457,0.05959,0.08786,0.03721,0.05287,0.10427,0.22868,0.10111,0.30864,0.53881,7.62872,3.87398,0.29986,0.91929,0.74873,-34.91301
20260926-133621,20260926-133621-2,1,58738.719,0.57193,0.12285,0.40665,0.5706,-0.12259,0.44316,0.13145,0.16432,0.06396,0.05837,0.08177,0.04043,0.05561,0.09732,0.2301,0.10023,0.30845,0.54008,7.6139,3.98773,0.33631,0.898,0.73998,-34.74427
20260926-133621,20260926-133621-2,1,58738.764,0.57341,0.12247,0.40489,0.57209,-0.1241,0.44321,0.13479,0.16795,0.06183,0.05678,0.08033,0.04021,0.05631,0.09823,0.23051,0.0997,0.30691,0.5446,7.55284,4.06377,0.39017,0.87817,0.72649,-34.57601
20260926-133621,20260926-133621-2,1,58738.798,0.57362,0.1236,0.40538,0.57219,-0.12415,0.44204,0.14013,0.17397,0.05953,0.05438,0.07745,0.04164,0.05809,0.09536,0.23317,0.09885,0.31084,0.55307,7.47944,4.22551,0.43774,0.86256,0.71226,-34.42844
20260926-133621,20260926-133621-2,1,58738.808,0.57409,0.12339,0.4055,0.57241,-0.12411,0.44173,0.14114,0.1747,0.05897,0.0541,0.07801,0.04115,0.05791,0.09644,0.23236,0.09887,0.31323,0.55125,7.46742,4.25432,0.43517,0.86016,0.70709,-34.3922
20260926-133621,20260926-133621-2,1,58738.83,0.57205,0.12561,0.40844,0.57381,-0.12596,0.4427,0.15357,0.18652,0.05321,0.05004,0.0736,0.04336,0.06063,0.09214,0.22722,0.1006,0.32439,0.54496,7.37243,4.48147,0.50672,0.85683,0.68436,-34.28448
20260926-133621,20260926-133621-2,1,58738.86,0.56967,0.11901,0.41903,0.57525,-0.12263,0.45215,0.15152,0.18096,0.05285,0.05205,0.06923,0.04553,0.06285,0.08935,0.19791,0.0912,0.33502,0.53044,7.2647,4.76722,0.56373,0.86069,0.62936,-34.1077
20260926-133621,20260926-133621-2,1,58738.892,0.56332,0.10491,0.4086,0.59673,-0.10793,0.43481,0.12517,0.14806,0.06479,0.07088,0.04048,0.06885,0.09666,0.06831,0.20811,0.09861,0.35735,0.53769,7.11866,5.03059,0.5362,0.87617,0.53876,-33.99883
20260926-133621,20260926-133621-2,1,58738.925,0.55062,0.10274,0.40852,0.62308,-0.09907,0.42102,0.1302,0.14925,0.06133,0.07096,0.01762,0.12616,0.17024,0.04255,0.20365,0.09975,0.39454,0.54026,6.89293,5.2923,0.49154,0.91068,0.45546,-33.82458
20260926-133621,20260926-133621-2,1,58738.958,0.53446,0.108,0.40267,0.62989,-0.10074,0.41335,0.13894,0.15985,0.0575,0.06484,0.01166,0.17415,0.21209,0.0312,0.21299,0.10433,0.40306,0.55,6.76715,5.6377,0.43566,0.96378,0.3896,-33.6326
20260926-133621,20260926-133621-2,1,58738.991,0.52997,0.11154,0.40081,0.62828,-0.10313,0.41055,0.14885,0.17135,0.05319,0.05821,0.01045,0.19045,0.22183,0.0283,0.21633,0.10143,0.40756,0.55716,6.61654,5.85391,0.49646,1.036,0.32456,-33.44308
20260926-133621,20260926-133621-2,1,58739.056,0.53979,0.11354,0.39444,0.62501,-0.1075,0.41068,0.18369,0.20782,0.04227,0.04547,0.01287,0.15865,0.19719,0.03355,0.21733,0.10557,0.41733,0.57647,6.45962,6.04128,0.16902,1.24695,0.21103,-33.18081
20260926-133621,20260926-133621-2,1,58739.088,0.54047,0.11444,0.39746,0.61826,-0.11021,0.41975,0.18277,0.20538,0.04231,0.04671,0.01539,0.14196,0.17908,0.03714,0.21234,0.1085,0.40887,0.56741,6.58225,6.25571,0.10501,1.35263,0.17014,-33.16658
20260926-133621,20260926-133621-2,1,58739.133,0.5394,0.11246,0.39297,0.62572,-0.10616,0.40902,0.17537,0.1955,0.04454,0.05014,0.01403,0.14624,0.19013,0.03675,0.2193,0.11048,0.42443,0.56777,6.60256,6.23151,-0.02516,1.4756,0.125,-33.14526
20260926-133621,20260926-133621-2,1,58739.167,0.55226,0.11555,0.39565,0.61569,-0.11321,0.41248,0.1929,0.21293,0.03997,0.04495,0.02128,0.10547,0.14652,0.04874,0.21931,0.11208,0.42541,0.57153,6.63864,6.28591,-0.08404,1.5803,0.10467,-33.16418
20260926-133621,20260926-133621-2,1,58739.191,0.54957,0.12107,0.39784,0.62419,-0.11692,0.41804,0.20218,0.22451,0.03767,0.04097,0.01728,0.12432,0.16694,0.04189,0.22249,0.11173,0.39655,0.57256,6.62842,6.29215,-0.08833,1.60795,0.09497,-33.17191
20260926-133621,20260926-133621-2,1,58739.208,0.55985,0.12014,0.39917,0.61192,-0.11813,0.4207,0.19784,0.22123,0.03852,0.04132,0.02678,0.08703,0.12454,0.05629,0.21781,0.11046,0.39314,0.56956,6.60156,6.29916,-0.16855,1.67297,0.09119,-33.15142
20260926-133621,20260926-133621-2,1,58739.231,0.57222,0.11904,0.39886,0.60173,-0.12126,0.4233,0.20272,0.22485,0.03721,0.04011,0.0395,0.06105,0.09524,0.07513,0.21336,0.11012,0.4001,0.56867,6.59662,6.29839,-0.24966,1.79056,0.08513,-33.15055
20260926-133621,20260926-133621-2,1,58739.261,0.58315,0.11876,0.39821,0.59935,-0.1237,0.42396,0.21199,0.23206,0.03552,0.03902,0.04852,0.04982,0.08403,0.08957,0.21618,0.1131,0.41064,0.56925,6.64331,6.31334,-0.39118,1.92014,0.08316,-33.20174
20260926-133621,20260926-133621-2,1,58739.293,0.58562,0.12397,0.39746,0.60541,-0.12838,0.42341,0.2231,0.24124,0.03332,0.03744,0.03813,0.05274,0.10851,0.09136,0.22171,0.12368,0.42664,0.58097,6.48783,6.33027,-0.38096,2.04226,0.08213,-33.28891
20260926-133621,20260926-133621-2,1,58739.327,0.57797,0.12757,0.39808,0.62337,-0.13247,0.40546,0.22284,0.23546,0.0329,0.03816,0.01695,0.06895,0.22262,0.08428,0.248,0.13043,0.46537,0.57997,6.54926,6.37363,-0.64772,2.16795,0.08298,-33.40546
20260926-133621,20260926-133621-2,1,58739.356,0.57604,0.12837,0.39575,0.63232,-0.13572,0.39582,0.22089,0.22844,0.03099,0.03891,0.01228,0.06609,0.28958,0.09299,0.25099,0.13491,0.48997,0.56809,6.69158,6.36731,-0.81758,2.26661,0.08542,-33.51131
20260926-133621,20260926-133621-2,1,58739.39,0.56259,0.13203,0.39479,0.63886,-0.13741,0.39013,0.21184,0.21934,0.03173,0.0406,0.0089,0.08381,0.3375,0.07791,0.25347,0.13689,0.50086,0.55786,6.7684,6.21956,-0.86443,2.35551,0.07902,-33.65
20260926-133621,20260926-133621-2,1,58739.456,0.53454,0.13497,0.38571,0.65163,-0.13847,0.393,0.21315,0.21876,0.03217,0.04048,0.00567,0.14382,0.38874,0.04852,0.24199,0.13587,0.49887,0.58138,6.99219,5.64308,-0.98374,2.50338,0.06749,-33.97854
20260926-133621,20260926-133621-2,1,58739.5,0.54031,0.1319,0.38198,0.65054,-0.13677,0.39696,0.20991,0.21686,0.03261,0.04139,0.00595,0.13132,0.38696,0.05349,0.23832,0.13868,0.48994,0.59309,7.18265,5.43745,-1.09749,2.57715,0.07975,-34.17762
20260926-133621,20260926-133621-2,1,58739.535,0.54663,0.12866,0.37901,0.64862,-0.1367,0.40035,0.20235,0.20954,0.03403,0.04326,0.00661,0.109,0.38151,0.0647,0.23741,0.14034,0.47623,0.60416,7.28613,5.31225,-1.15968,2.62282,0.10155,-34.33668
20260926-133621,20260926-133621-2,1,58739.558,0.55918,0.12575,0.3758,0.63613,-0.13718,0.40179,0.20096,0.20889,0.03464,0.04452,0.00956,0.08495,0.32588,0.07787,0.23632,0.14177,0.47367,0.60602,7.31771,5.25227,-1.17594,2.64008,0.10768,-34.3939
20260926-133621,20260926-133621-2,1,58739.577,0.5633,0.12319,0.37426,0.63431,-0.137,0.40284,0.19246,0.20006,0.03625,0.04689,0.01048,0.0726,0.31961,0.09073,0.23439,0.14061,0.46703,0.61199,7.34028,5.21613,-1.22975,2.65655,0.12363,-34.48092
20260926-133621,20260926-133621-2,1,58739.596,0.57294,0.11999,0.37267,0.63078,-0.13607,0.40276,0.18585,0.1948,0.03775,0.04866,0.01176,0.06063,0.30982,0.10672,0.23362,0.13887,0.45891,0.61846,7.2171,5.17708,-1.25643,2.67097,0.14759,-34.62081
20260926-133621,20260926-133621-2,1,58739.63,0.57725,0.11768,0.3726,0.62937,-0.13295,0.4029,0.1747,0.1856,0.04067,0.05178,0.01203,0.05629,0.30904,0.11436,0.23073,0.1368,0.44442,0.61985,7.02201,5.06062,-1.31772,2.68357,0.18248,-34.81542
20260926-133621,20260926-133621-2,1,58739.662,0.57312,0.11855,0.37756,0.62846,-0.13032,0.40678,0.16474,0.17808,0.04383,0.05425,0.01162,0.06134,0.30544,0.10448,0.22394,0.13164,0.41836,0.60147,6.8065,4.89036,-1.37117,2.68985,0.21502,-34.93946
20260926-133621,20260926-133621-2,1,58739.692,0.56719,0.11971,0.38446,0.63329,-0.12814,0.41579,0.15228,0.16538,0.04758,0.05732,0.01006,0.06701,0.32266,0.09799,0.21111,0.12297,0.39374,0.58066,6.5564,4.60454,-1.32533,2.6837,0.23984,-35.18024
20260926-133621,20260926-133621-2,1,58739.726,0.56679,0.12011,0.38948,0.63051,-0.12736,0.42098,0.15606,0.16933,0.04685,0.05673,0.01124,0.07005,0.29744,0.09091,0.20475,0.11979,0.39363,0.56923,6.22841,4.3773,-1.34757,2.66414,0.26005,-35.49604
20260926-133621,20260926-133621-2,1,58739.756,0.56267,0.1207,0.3971,0.63837,-0.12324,0.41812,0.15173,0.17005,0.04855,0.0578,0.00856,0.09827,0.32555,0.06632,0.21104,0.11751,0.39109,0.55744,5.91195,4.04571,-1.37037,2.6207,0.28186,-35.80512
20260926-133621,20260926-133621-2,1,58739.789,0.54445,0.12234,0.41019,0.62966,-0.11956,0.42001,0.14489,0.16731,0.05353,0.06091,0.00939,0.17753,0.24973,0.03191,0.20406,0.10408,0.38282,0.52898,5.55824,3.87665,-1.37847,2.56325,0.32223,-36.03289
20260926-133621,20260926-133621-2,1,58739.871,0.5224,0.11474,0.47398,0.61923,-0.10091,0.48265,0.13108,0.15869,0.05467,0.05414,0.00904,0.21325,0.22134,0.02227,0.09465,0.03089,0.28473,0.3202,5.10697,3.80399,-1.17043,2.40248,0.42785,-36.22373
20260926-133621,20260926-133621-2,1,58739.902,0.5101,0.11052,0.48925,0.61411,-0.09509,0.49466,0.11407,0.14448,0.06173,0.06094,0.00935,0.22023,0.22078,0.01911,0.07112,0.01992,0.24007,0.24014,5.02737,3.69429,-1.20791,2.31969,0.47153,-36.35871
20260926-133621,20260926-133621-2,1,58739.924,0.5139,0.1057,0.48974,0.61016,-0.09126,0.49548,0.10582,0.13663,0.06726,0.06724,0.01084,0.19996,0.20462,0.02122,0.06845,0.01882,0.23108,0.22806,5.00204,3.48553,-1.1989,2.29571,0.47664,-36.40334
20260926-133621,20260926-133621-2,1,58739.939,0.50399,0.10207,0.49351,0.60872,-0.08502,0.50205,0.09636,0.12524,0.07349,0.07345,0.00977,0.22144,0.22111,0.01779,0.05486,0.0157,0.21136,0.20496,4.91244,3.45313,-1.17576,2.24465,0.50226,-36.52299
20260926-133621,20260926-133621-2,1,58739.965,0.50309,0.09349,0.50768,0.59913,-0.0739,0.52466,0.08299,0.10905,0.08543,0.08557,0.01174,0.19873,0.19767,0.01864,0.03203,0.01027,0.16302,0.15876,4.86081,3.52797,-1.16935,2.14789,0.56021,-36.69635
20260926-133621,20260926-133621-2,1,58739.998,0.50558,0.08737,0.51307,0.59858,-0.06611,0.53223,0.07464,0.09496,0.09703,0.0968,0.01202,0.19253,0.19214,0.01963,0.02552,0.00911,0.14479,0.14102,4.78906,3.52903,-0.99371,2.04422,0.61927,-36.90892
20260926-133621,20260926-133621-2,1,58740.036,0.50697,0.08308,0.51492,0.59507,-0.06279,0.53142,0.06775,0.08624,0.10682,0.10582,0.01368,0.17513,0.17445,0.02175,0.02548,0.00869,0.14561,0.13035,4.77974,3.54536,-0.89273,1.9365,0.66503,-37.07638
20260926-133621,20260926-133621-2,1,58740.062,0.51088,0.08117,0.5141,0.598,-0.0618,0.52746,0.06435,0.08227,0.11324,0.11105,0.01378,0.16999,0.1719,0.02352,0.028,0.0088,0.15098,0.13056,4.75162,3.47075,-0.87517,1.83794,0.69565,-37.30255
20260926-133621,20260926-133621-2,1,58740.092,0.51661,0.07857,0.51391,0.59335,-0.05926,0.52812,0.06058,0.07725,0.121,0.11772,0.01536,0.1532,0.15888,0.02693,0.02826,0.00909,0.15022,0.13399,4.73859,3.45324,-0.76832,1.7402,0.72246,-37.49002
20260926-133621,20260926-133621-2,1,58740.127,0.51481,0.0802,0.51472,0.5898,-0.05916,0.52845,0.05834,0.0754,0.12498,0.11958,0.01495,0.16044,0.1635,0.02508,0.02789,0.00909,0.14572,0.13525,4.57448,3.30064,-0.6608,1.64282,0.73509,-37.65341
20260926-133621,20260926-133621-2,1,58740.158,0.51734,0.07984,0.51382,0.59766,-0.05802,0.52667,0.06012,0.0776,0.12244,0.11691,0.01363,0.16591,0.17194,0.02517,0.02783,0.00882,0.14574,0.13645,4.48134,3.13872,-0.56938,1.55176,0.74407,-37.85441
20260926-133621,20260926-133621-2,1,58740.19,0.52384,0.07837,0.51111,0.59535,-0.05787,0.52228,0.06106,0.08,0.1217,0.11417,0.01532,0.15151,0.157,0.02766,0.02835,0.00821,0.14692,0.13774,4.40085,2.94735,-0.47474,1.45427,0.74709,-38.02717
20260926-133621,20260926-133621-2,1,58740.272,0.54539,0.07711,0.50586,0.57607,-0.05519,0.51644,0.05828,0.07833,0.13315,0.11918,0.03135,0.08791,0.09619,0.04537,0.03128,0.00901,0.16585,0.16304,4.43912,3.0489,0.03009,1.24391,0.79911,-38.29429
20260926-133621,20260926-133621-2,1,58740.291,0.54332,0.0785,0.50615,0.57157,-0.05633,0.5187,0.05576,0.07627,0.13696,0.12208,0.03401,0.08375,0.09058,0.04661,0.03107,0.00914,0.1583,0.16078,4.26323,2.82256,-0.0786,1.23093,0.78783,-38.3601
20260926-133621,20260926-133621-2,1,58740.308,0.54626,0.08134,0.5036,0.57946,-0.05744,0.52049,0.0558,0.07546,0.13876,0.12374,0.03097,0.08771,0.09887,0.04642,0.03191,0.0108,0.15506,0.17886,4.22032,2.80232,-0.04746,1.16767,0.79341,-38.45614
20260926-133621,20260926-133621-2,1,58740.334,0.54864,0.0817,0.49838,0.58361,-0.05926,0.51264,0.05734,0.07771,0.13611,0.12126,0.02886,0.09186,0.10394,0.045,0.03496,0.01158,0.16186,0.191,4.12725,2.70788,0.01055,1.07091,0.80314,-38.57752
20260926-133621,20260926-133621-2,1,58740.37,0.54744,0.08595,0.49088,0.5892,-0.06214,0.50682,0.05824,0.07817,0.13594,0.12143,0.02448,0.10492,0.11803,0.04077,0.04115,0.01497,0.1744,0.21893,4.07183,2.61675,0.15135,0.96772,0.81996,-38.72248
20260926-133621,20260926-133621-2,1,58740.397,0.54826,0.08996,0.48681,0.59173,-0.06644,0.50151,0.06037,0.08106,0.12904,0.11675,0.02208,0.11141,0.1268,0.0389,0.04514,0.01723,0.17865,0.23799,3.92424,2.48132,0.23921,0.87704,0.82207,-38.8416
20260926-133621,20260926-133621-2,1,58740.428,0.54891,0.09355,0.48253,0.59257,-0.06984,0.49752,0.06269,0.08401,0.12362,0.11296,0.02094,0.11584,0.13165,0.03762,0.04942,0.01964,0.18661,0.25435,3.85164,2.40248,0.36765,0.77852,0.83073,-38.93171
20260926-133621,20260926-133621-2,1,58740.461,0.55324,0.0963,0.47877,0.59134,-0.0742,0.491,0.0665,0.08853,0.11632,0.108,0.0227,0.10918,0.12488,0.03958,0.05622,0.02219,0.20831,0.2701,3.80689,2.38769,0.51293,0.66109,0.8473,-39.02135
20260926-133621,20260926-133621-2,1,58740.495,0.55773,0.0985,0.47279,0.58947,-0.07921,0.48154,0.07124,0.09356,0.10832,0.10239,0.02523,0.1,0.11645,0.04292,0.06447,0.02544,0.2297,0.2877,3.7197,2.35894,0.62719,0.54013,0.85975,-39.0951
20260926-133621,20260926-133621-2,1,58740.528,0.56062,0.10192,0.46497,0.5994,-0.08204,0.47693,0.07988,0.10362,0.09813,0.09426,0.02073,0.1139,0.13548,0.03985,0.07147,0.03045,0.23906,0.3255,3.63874,2.34513,0.85774,0.41723,0.86954,-39.20732
20260926-133621,20260926-133621-2,1,58740.559,0.5617,0.099,0.4497,0.59262,-0.08246,0.47912,0.07255,0.09244,0.10983,0.10594,0.02615,0.09735,0.1167,0.04586,0.0721,0.04139,0.2304,0.37461,3.60546,2.25797,1.00113,0.29398,0.86128,-39.28035
20260926-133621,20260926-133621-2,1,58740.608,0.56443,0.09699,0.43074,0.58949,-0.08348,0.47036,0.06843,0.08438,0.11932,0.11713,0.03155,0.08501,0.1034,0.05175,0.08696,0.05898,0.23568,0.42673,3.50122,2.04864,1.09057,0.14945,0.83858,-39.33153
20260926-133621,20260926-133621-2,1,58740.639,0.55065,0.09539,0.42382,0.59353,-0.08289,0.46383,0.06578,0.07918,0.12416,0.12389,0.02202,0.11857,0.12942,0.03786,0.09433,0.06759,0.24441,0.44091,3.3896,1.98134,1.16287,0.02003,0.82719,-39.36154
20260926-133621,20260926-133621-2,1,58740.669,0.55499,0.09444,0.41762,0.59645,-0.08315,0.45696,0.06797,0.08081,0.12018,0.12167,0.02128,0.1178,0.13354,0.03868,0.10133,0.07144,0.2577,0.4521,3.33623,1.92523,1.23767,-0.11298,0.81757,-39.39385
20260926-133621,20260926-133621-2,1,58740.704,0.55725,0.09503,0.41396,0.60029,-0.08305,0.45185,0.06871,0.08018,0.11936,0.12331,0.02045,0.1178,0.13885,0.03956,0.10804,0.07717,0.26986,0.4552,3.27351,1.8771,1.29284,-0.27276,0.8078,-39.42995
20260926-133621,20260926-133621-2,1,58740.736,0.55595,0.09503,0.41196,0.60024,-0.08274,0.44775,0.06972,0.08159,0.11901,0.12191,0.01916,0.12698,0.14415,0.03665,0.11192,0.08013,0.27481,0.4615,3.21806,1.79441,1.3961,-0.42104,0.79557,-39.44835
20260926-133621,20260926-133621-2,1,58740.766,0.55782,0.09604,0.40876,0.6005,-0.08376,0.44051,0.07089,0.0827,0.11833,0.12097,0.02021,0.12168,0.13917,0.03804,0.1206,0.08443,0.28775,0.46452,3.13266,1.73569,1.49335,-0.55919,0.78273,-39.43454
20260926-133621,20260926-133621-2,1,58740.797,0.55646,0.09881,0.40349,0.60026,-0.08431,0.43776,0.07022,0.08206,0.12165,0.12394,0.01975,0.12549,0.14269,0.03727,0.12735,0.09593,0.29219,0.46533,3.11912,1.72169,1.5749,-0.68467,0.77727,-39.40271
20260926-133621,20260926-133621-2,1,58740.83,0.55526,0.09996,0.40237,0.602,-0.08452,0.43168,0.07081,0.08315,0.11968,0.12146,0.01768,0.1366,0.1521,0.03438,0.13308,0.09781,0.30056,0.4653,3.04379,1.66487,1.66624,-0.81377,0.76933,-39.39751
20260926-133621,20260926-133621-2,1,58740.862,0.53962,0.10197,0.40108,0.60823,-0.08506,0.42846,0.06958,0.08267,0.12137,0.12285,0.0114,0.19691,0.19654,0.02419,0.13721,0.10335,0.29855,0.4726,2.93534,1.54948,1.71552,-0.92146,0.7604,-39.37162
20260926-133621,20260926-133621-2,1,58740.894,0.52736,0.10277,0.40437,0.62047,-0.08959,0.42404,0.07299,0.08457,0.11428,0.11807,0.00754,0.25823,0.24577,0.01767,0.14195,0.1008,0.30202,0.48094,2.8594,1.50002,1.75539,-1.01055,0.76107,-39.34743
20260926-133621,20260926-133621-2,1,58740.927,0.52057,0.10369,0.40475,0.63161,-0.09633,0.42191,0.0781,0.08751,0.1041,0.11167,0.00554,0.2963,0.28108,0.01555,0.14469,0.1013,0.30641,0.47563,2.84937,1.42987,1.8408,-1.09094,0.76382,-39.30903
20260926-133621,20260926-133621-2,1,58740.975,0.51779,0.10658,0.40343,0.62962,-0.10001,0.42014,0.07904,0.08897,0.10112,0.10858,0.00549,0.29541,0.28076,0.0156,0.14976,0.10289,0.30712,0.46608,2.80358,1.35107,1.91945,-1.15112,0.76235,-39.26127
20260926-133621,20260926-133621-2,1,58741.006,0.51521,0.10667,0.4047,0.62653,-0.1006,0.42076,0.07617,0.08552,0.10489,0.11224,0.00554,0.29629,0.28133,0.01542,0.14993,0.10136,0.30787,0.46021,2.79349,1.32103,1.96004,-1.18651,0.76077,-39.21002
20260926-133621,20260926-133621-2,1,58741.036,0.51423,0.10652,0.40439,0.62594,-0.10111,0.42158,0.07553,0.08448,0.10568,0.11323,0.00567,0.29404,0.28002,0.01545,0.14811,0.10045,0.31092,0.45988,2.82756,1.31909,1.98181,-1.20507,0.75976,-39.17228
20260926-133621,20260926-133621-2,1,58741.068,0.51284,0.10686,0.40444,0.62697,-0.10093,0.4216,0.07602,0.08526,0.10498,0.1123,0.00548,0.29955,0.28548,0.01508,0.14785,0.09875,0.31366,0.46205,2.81268,1.33116,2.00702,-1.21175,0.75864,-39.1436
20260926-133621,20260926-133621-2,1,58741.102,0.51484,0.10711,0.40403,0.62721,-0.10069,0.42119,0.07644,0.08638,0.10411,0.11146,0.00562,0.29264,0.28069,0.01569,0.1495,0.09791,0.31331,0.46138,2.82416,1.31738,2.00174,-1.20231,0.75486,-39.13285
20260926-133621,20260926-133621-2,1,58741.136,0.51775,0.10807,0.40362,0.62624,-0.10169,0.42216,0.07858,0.08899,0.10104,0.1086,0.00598,0.27906,0.27159,0.01679,0.15031,0.09928,0.31366,0.4588,2.83845,1.3199,1.98242,-1.18149,0.75225,-39.10659
20260926-133621,20260926-133621-2,1,58741.166,0.51913,0.11031,0.40378,0.62502,-0.10304,0.42228,0.08159,0.09349,0.09731,0.10438,0.00633,0.27114,0.26542,0.0173,0.15234,0.10134,0.31586,0.45557,2.88156,1.28353,1.94851,-1.15409,0.74631,-39.08247
20260926-133621,20260926-133621-2,1,58741.198,0.51923,0.11189,0.4059,0.62308,-0.10433,0.42258,0.08147,0.09374,0.09717,0.10382,0.00655,0.26724,0.2632,0.0174,0.15272,0.10273,0.31648,0.45173,2.89276,1.30992,1.90653,-1.14009,0.74308,-39.07027
20260926-133621,20260926-133621-2,1,58741.23,0.53007,0.11111,0.40208,0.61634,-0.10752,0.42328,0.0898,0.1037,0.08873,0.09629,0.00881,0.22251,0.22319,0.02128,0.15343,0.1073,0.31903,0.45144,3.0928,1.29045,1.73412,-1.06,0.73246,-38.99234
20260926-133621,20260926-133621-2,1,58741.263,0.53612,0.11203,0.40058,0.6119,-0.11321,0.42198,0.09873,0.11356,0.0816,0.08932,0.01065,0.19671,0.20532,0.02418,0.16369,0.11088,0.32015,0.45396,3.17216,1.22539,1.58769,-0.92469,0.71616,-38.92601
20260926-133621,20260926-133621-2,1,58741.295,0.52491,0.1124,0.39798,0.61768,-0.11376,0.41996,0.09927,0.11513,0.08073,0.08739,0.00789,0.24353,0.23756,0.01903,0.16688,0.10951,0.32117,0.46319,3.1934,1.21652,1.48395,-0.77605,0.69917,-38.86589
20260926-133621,20260926-133621-2,1,58741.344,0.52795,0.11263,0.39642,0.62095,-0.11476,0.41922,0.09852,0.11484,0.08191,0.08885,0.00783,0.24033,0.23949,0.02011,0.17016,0.1112,0.31648,0.46573,3.32813,1.10735,1.32927,-0.60877,0.67103,-38.79578
20260926-133621,20260926-133621-2,1,58741.374,0.52084,0.11357,0.39643,0.62017,-0.11725,0.42266,0.09859,0.11387,0.08242,0.08905,0.00768,0.24968,0.24445,0.01878,0.17048,0.11066,0.31201,0.46504,3.53192,0.94759,1.20512,-0.48118,0.64618,-38.75887
20260926-133621,20260926-133621-2,1,58741.405,0.52315,0.11434,0.39533,0.6219,-0.11838,0.42004,0.09771,0.11295,0.0837,0.09075,0.00804,0.23937,0.23729,0.02024,0.17723,0.11324,0.30949,0.46151,3.69746,0.8945,1.05144,-0.33201,0.63008,-38.70285
20260926-133621,20260926-133621-3,1,58744.655,0.49614,0.11905,0.45827,0.6155,-0.09845,0.48585,0.15753,0.19119,0.04438,0.03954,0.00887,0.26466,0.26956,0.01143,0.10141,0.04628,0.30432,0.43209,4.79495,7.76352,-0.99347,1.32834,-0.36698,-35.92598
20260926-133621,20260926-133621-3,1,58744.685,0.49661,0.11874,0.46112,0.61917,-0.09816,0.48494,0.15688,0.19075,0.04447,0.03964,0.00823,0.27168,0.27467,0.0115,0.10321,0.04377,0.30379,0.42052,4.76058,7.69984,-0.95338,1.28567,-0.36862,-35.9282
20260926-133621,20260926-133621-3,1,58744.718,0.49732,0.11729,0.46628,0.62059,-0.09848,0.48744,0.15238,0.18587,0.04588,0.04159,0.00821,0.26851,0.27125,0.01214,0.10154,0.0405,0.29899,0.40715,4.72316,7.61219,-0.90698,1.25381,-0.37442,-35.93327
20260926-133621,20260926-133621-3,1,58744.748,0.49701,0.11648,0.47229,0.61983,-0.09832,0.49146,0.14819,0.18139,0.04691,0.04316,0.00836,0.2675,0.27043,0.01208,0.09717,0.03679,0.29375,0.38772,4.74156,7.59744,-0.83101,1.22458,-0.38263,-35.92724
20260926-133621,20260926-133621-3,1,58744.78,0.49517,0.1157,0.47887,0.62272,-0.0952,0.5016,0.14415,0.17769,0.04832,0.04479,0.00804,0.27492,0.27694,0.01178,0.08674,0.03393,0.27779,0.37765,4.73334,7.59319,-0.80064,1.18764,-0.40052,-35.90598
20260926-133621,20260926-133621-3,1,58744.812,0.49701,0.1167,0.48697,0.62082,-0.09488,0.51096,0.14724,0.18267,0.04686,0.0434,0.00844,0.26485,0.26887,0.01238,0.07729,0.03051,0.26306,0.35505,4.73368,7.6381,-0.74696,1.15446,-0.41874,-35.87939
20260926-133621,20260926-133621-3,1,58744.845,0.49601,0.11642,0.48435,0.62332,-0.09357,0.51014,0.14205,0.17674,0.04874,0.04554,0.00795,0.27237,0.27515,0.01224,0.0769,0.03224,0.26426,0.3703,4.68274,7.65147,-0.6938,1.12767,-0.42929,-35.83765
20260926-133621,20260926-133621-3,1,58744.877,0.49783,0.11621,0.48212,0.62077,-0.09392,0.51043,0.14125,0.17588,0.04939,0.04592,0.00842,0.26151,0.26326,0.01305,0.07706,0.03321,0.2641,0.37682,4.67124,7.64125,-0.647,1.10929,-0.43243,-35.80478
20260926-133621,20260926-133621-3,1,58744.911,0.50478,0.11571,0.47788,0.60946,-0.10246,0.50158,0.14912,0.18213,0.04635,0.04482,0.01069,0.22264,0.22611,0.01645,0.09075,0.03724,0.30089,0.37739,4.69201,7.5846,-0.51479,1.093,-0.42124,-35.77921
20260926-133621,20260926-133621-3,1,58744.942,0.51971,0.12507,0.47802,0.60155,-0.11558,0.49651,0.17207,0.20802,0.03897,0.03667,0.01431,0.17544,0.17933,0.02267,0.11346,0.04491,0.3006,0.37415,4.73054,7.27217,-0.32188,1.07921,-0.37151,-35.76433
20260926-133621,20260926-133621-3,1,58744.991,0.52094,0.12946,0.47468,0.60142,-0.12008,0.49042,0.18782,0.22201,0.03564,0.03294,0.0134,0.18328,0.18553,0.02174,0.12307,0.0481,0.31564,0.37943,4.77614,6.87039,-0.08746,1.06988,-0.29458,-35.73432
20260926-133621,20260926-133621-3,1,58745.024,0.52018,0.13204,0.47352,0.60453,-0.12293,0.49201,0.20399,0.23597,0.03294,0.02986,0.01199,0.19603,0.19694,0.02036,0.12126,0.05012,0.31145,0.39561,4.66789,6.77243,-0.0931,1.06807,-0.25108,-35.72422
20260926-133621,20260926-133621-3,1,58745.053,0.52064,0.13152,0.46709,0.60646,-0.12199,0.48893,0.20417,0.23496,0.03373,0.02986,0.01161,0.19817,0.19916,0.02043,0.12361,0.05326,0.3089,0.42295,4.62058,6.70536,-0.14759,1.07187,-0.20787,-35.76012
20260926-133621,20260926-133621-3,1,58745.088,0.52128,0.13456,0.45806,0.60586,-0.12499,0.4796,0.207,0.23738,0.03365,0.02918,0.01185,0.19459,0.19543,0.02077,0.13725,0.05864,0.31994,0.45326,4.67876,6.5903,-0.21079,1.07473,-0.17507,-35.80421
20260926-133621,20260926-133621-3,1,58745.118,0.52048,0.13702,0.45342,0.60552,-0.12736,0.4717,0.20759,0.2386,0.03335,0.02918,0.01184,0.19462,0.19716,0.0206,0.14768,0.06198,0.32212,0.47108,4.85558,6.39117,-0.14979,1.07219,-0.15384,-35.85772
20260926-133621,20260926-133621-3,1,58745.15,0.51878,0.13656,0.44654,0.60579,-0.12645,0.46553,0.19414,0.22438,0.03586,0.03226,0.01205,0.19173,0.19557,0.02111,0.15191,0.06672,0.31977,0.48108,5.19907,6.00991,-0.02025,1.06787,-0.14332,-35.91289
20260926-133621,20260926-133621-3,1,58745.182,0.52035,0.13448,0.44341,0.60466,-0.12445,0.4623,0.18181,0.21134,0.03819,0.03589,0.0133,0.17687,0.18328,0.02359,0.15176,0.07009,0.32112,0.47516,5.47647,5.69972,0.13484,1.07626,-0.13495,-35.96006
20260926-133621,20260926-133621-3,1,58745.215,0.52371,0.13233,0.44311,0.60294,-0.12169,0.46058,0.17012,0.19935,0.04061,0.03938,0.01544,0.15673,0.16384,0.02761,0.14974,0.07096,0.32559,0.46529,5.78974,5.39467,0.28384,1.08616,-0.13256,-36.01171
20260926-133621,20260926-133621-3,1,58745.244,0.52906,0.13225,0.44392,0.60285,-0.12118,0.46479,0.16757,0.1974,0.04118,0.04051,0.0179,0.13774,0.14667,0.03241,0.14304,0.07092,0.32187,0.45164,6.07528,5.04226,0.45877,1.09925,-0.1236,-36.08559
20260926-133621,20260926-133621-3,1,58745.278,0.53092,0.13153,0.44441,0.60278,-0.12137,0.46936,0.16443,0.19403,0.04234,0.04195,0.01929,0.12925,0.14025,0.03479,0.13971,0.07173,0.30854,0.44451,6.25972,4.67941,0.5581,1.11627,-0.11154,-36.19578
20260926-133621,20260926-133621-3,1,58745.311,0.52977,0.12894,0.44278,0.60198,-0.11814,0.46769,0.15392,0.18244,0.04635,0.04624,0.01991,0.12876,0.13861,0.03483,0.14277,0.07265,0.3037,0.43731,6.39258,4.37512,0.60831,1.1388,-0.10008,-36.30029
20260926-133621,20260926-133621-3,1,58745.357,0.52167,0.12532,0.43671,0.6029,-0.1136,0.46186,0.13873,0.16606,0.05324,0.05371,0.01777,0.14686,0.15112,0.03048,0.14935,0.0763,0.30435,0.44844,6.47482,4.18497,0.63697,1.17301,-0.08382,-36.40863
20260926-133621,20260926-133621-3,1,58745.389,0.51995,0.12251,0.43351,0.60318,-0.11051,0.45734,0.12981,0.15591,0.05777,0.05935,0.01752,0.15051,0.15434,0.02975,0.15373,0.07853,0.30758,0.45095,6.4711,4.06957,0.67294,1.2003,-0.07173,-36.47649
20260926-133621,20260926-133621-3,1,58745.407,0.51864,0.12209,0.43203,0.60381,-0.11053,0.45661,0.12795,0.15337,0.05903,0.06091,0.01701,0.15489,0.15817,0.02899,0.15547,0.07997,0.30677,0.45218,6.49203,3.89889,0.66378,1.21171,-0.07476,-36.51583
20260926-133621,20260926-133621-3,1,58745.453,0.52545,0.11788,0.42103,0.6064,-0.10902,0.45034,0.11961,0.14502,0.06558,0.06729,0.01926,0.13928,0.14624,0.0337,0.1706,0.08848,0.29854,0.46375,6.64872,3.47323,0.65947,1.26158,-0.04568,-36.61797
20260926-133621,20260926-133621-3,1,58745.484,0.52687,0.1159,0.41851,0.60404,-0.10854,0.44732,0.11087,0.13528,0.07186,0.0746,0.02057,0.13473,0.1406,0.03486,0.17472,0.08988,0.30314,0.4682,6.61381,3.2877,0.69662,1.29982,-0.01402,-36.67006
20260926-133621,20260926-133621-3,1,58745.519,0.5304,0.11637,0.41679,0.6058,-0.11016,0.44542,0.10907,0.13339,0.0741,0.07641,0.02136,0.12884,0.13913,0.03673,0.18601,0.09188,0.29624,0.47013,6.58312,2.96154,0.67905,1.34222,0.01011,-36.72014
20260926-133621,20260926-133621-3,1,58745.551,0.52881,0.11655,0.4183,0.61155,-0.10919,0.44617,0.1087,0.1331,0.07506,0.07679,0.01857,0.14253,0.15297,0.03384,0.18382,0.08799,0.29327,0.47295,6.53119,2.72947,0.64555,1.38391,0.03098,-36.74549
20260926-133621,20260926-133621-3,1,58745.583,0.5284,0.11566,0.41483,0.61628,-0.10731,0.44308,0.10572,0.12981,0.07781,0.07918,0.01672,0.15287,0.16441,0.03207,0.18711,0.08894,0.29201,0.48107,6.55015,2.55292,0.59194,1.41666,0.04977,-36.75905
20260926-133621,20260926-133621-3,1,58745.614,0.52919,0.11547,0.4131,0.6173,-0.10712,0.44203,0.10539,0.12893,0.0785,0.07989,0.01709,0.15063,0.16257,0.03274,0.18807,0.09028,0.29327,0.48108,6.61889,2.4191,0.5837,1.44609,0.05838,-36.77859
20260926-133621,20260926-133621-3,1,58745.644,0.52833,0.11603,0.40767,0.62159,-0.10665,0.43561,0.10263,0.12539,0.0817,0.08434,0.01519,0.16573,0.17786,0.03063,0.19741,0.09792,0.29992,0.4973,6.63893,2.31885,0.58963,1.46624,0.06035,-36.81634
20260926-133621,20260926-133621-3,1,58745.676,0.52829,0.08981,0.24179,0.6173,-0.09528,0.32859,0.05921,0.06503,0.16028,0.17654,0.01763,0.15528,0.17475,0.03429,0.37343,0.32978,0.30834,0.50765,6.7289,2.22768,0.557,1.47279,0.06689,-36.93006
20260926-133621,20260926-133621-3,1,58745.727,0.50537,0.0334,0.08964,0.58256,-0.05286,0.16897,0.01716,0.01336,0.48287,0.47914,0.02227,0.14866,0.1574,0.03461,0.60988,0.5764,0.41829,0.5774,6.71349,2.15764,0.45913,1.48772,0.06573,-37.03627
20260926-133621,20260926-133621-3,1,58745.759,0.52277,0.02162,0.10642,0.58497,-0.04734,0.1929,0.01594,0.01194,0.50328,0.49273,0.03092,0.11083,0.13039,0.04695,0.55493,0.52363,0.42332,0.62332,6.61869,2.18849,0.34243,1.49105,0.11182,-37.08324
20260926-133621,20260926-133621-3,1,58745.775,0.52686,0.02182,0.11031,0.58644,-0.04663,0.20194,0.01603,0.01198,0.50307,0.49085,0.03297,0.10412,0.12565,0.05014,0.5326,0.51215,0.42831,0.62619,6.60628,2.2315,0.34067,1.48947,0.12282,-37.09285
20260926-133621,20260926-133621-3,1,58745.791,0.53458,0.04997,0.18066,0.59081,-0.06378,0.26817,0.02521,0.02024,0.38375,0.36939,0.0342,0.09658,0.11916,0.05266,0.40501,0.41142,0.39103,0.55529,6.44865,2.45335,0.28281,1.49344,0.19057,-37.08615
20260926-133621,20260926-133621-3,1,58745.853,0.55054,0.08921,0.35758,0.60749,-0.0856,0.4046,0.06289,0.06461,0.15213,0.15922,0.03176,0.09262,0.1203,0.05331,0.18631,0.14704,0.32987,0.48188,6.39871,2.5937,0.32756,1.46989,0.33546,-37.05346
20260926-133621,20260926-133621-3,1,58745.887,0.55203,0.09998,0.38509,0.61076,-0.09324,0.42795,0.07733,0.08149,0.118,0.12586,0.0287,0.09819,0.12806,0.05029,0.16288,0.12322,0.31313,0.46514,6.49773,2.52339,0.44532,1.44505,0.36588,-37.03513
20260926-133621,20260926-133621-3,1,58745.917,0.54746,0.11364,0.41136,0.61772,-0.10199,0.44779,0.10424,0.11764,0.08341,0.08754,0.02125,0.12587,0.15483,0.04037,0.14908,0.09623,0.29936,0.48151,6.55763,2.54367,0.61554,1.41027,0.42314,-37.01222
20260926-133621,20260926-133621-3,1,58745.95,0.52957,0.11844,0.44203,0.62572,-0.10207,0.47909,0.10311,0.12165,0.08054,0.08236,0.01296,0.18781,0.20478,0.02754,0.10946,0.06228,0.25052,0.45261,6.54993,2.38348,0.87528,1.35884,0.50764,-37.01367
20260926-133621,20260926-133621-3,1,58745.982,0.5147,0.11529,0.45389,0.62486,-0.0984,0.48892,0.08408,0.09701,0.10022,0.09946,0.01003,0.23381,0.23515,0.02016,0.08936,0.0505,0.21467,0.3909,6.52165,1.71677,0.82928,1.30484,0.61267,-37.04475
20260926-133621,20260926-133621-3,1,58746.014,0.50602,0.11255,0.44576,0.62462,-0.09765,0.4774,0.07711,0.08519,0.11126,0.11086,0.00883,0.25995,0.25456,0.01701,0.10074,0.05534,0.22883,0.39215,6.64369,1.22546,0.69389,1.24805,0.73076,-37.08007
20260926-133621,20260926-133621-3,1,58746.047,0.50367,0.1183,0.44835,0.62768,-0.10215,0.47857,0.07808,0.08761,0.10929,0.10772,0.00828,0.27448,0.26629,0.01567,0.10493,0.05399,0.22194,0.38885,6.77663,0.63199,0.48895,1.19385,0.79091,-37.09239
20260926-133621,20260926-133621-3,1,58746.094,0.50174,0.12338,0.44054,0.62645,-0.10701,0.47305,0.08747,0.10044,0.09713,0.09614,0.00867,0.27212,0.26617,0.0153,0.11968,0.06187,0.22426,0.41044,6.95576,0.38863,0.43427,1.13814,0.82569,-37.07843
20260926-133621,20260926-133621-3,1,58746.126,0.49791,0.12045,0.43477,0.6325,-0.10337,0.46571,0.08225,0.09403,0.10374,0.10276,0.00747,0.29214,0.28239,0.0146,0.12629,0.06347,0.23122,0.42116,7.02035,0.29256,0.47253,1.1074,0.8214,-37.08444
20260926-133621,20260926-133621-3,1,58746.143,0.49691,0.12019,0.43405,0.63517,-0.10318,0.46219,0.08294,0.09496,0.10328,0.10205,0.0071,0.29889,0.28781,0.0144,0.13142,0.06311,0.23608,0.42505,7.04098,0.26336,0.48632,1.09797,0.81929,-37.09193
20260926-133621,20260926-133621-3,1,58746.157,0.49676,0.11909,0.43115,0.63439,-0.10233,0.45981,0.08074,0.09235,0.10692,0.10605,0.00722,0.29514,0.28416,0.01489,0.13689,0.06572,0.23968,0.43533,7.08526,0.24961,0.53685,1.08162,0.80734,-37.09032
20260926-133621,20260926-133621-3,1,58746.19,0.49701,0.1177,0.42408,0.63588,-0.10114,0.45182,0.07979,0.09086,0.10932,0.10974,0.00711,0.29571,0.28469,0.01525,0.14985,0.07367,0.25172,0.45765,7.11696,0.31027,0.54507,1.05764,0.78288,-37.07764
20260926-133621,20260926-133621-3,1,58746.257,0.48754,0.11661,0.42772,0.63743,-0.10238,0.46179,0.07989,0.09076,0.1077,0.11445,0.00667,0.31616,0.31045,0.01321,0.15285,0.08299,0.24043,0.44613,7.08708,0.39416,0.58651,1.03122,0.75526,-36.99924
20260926-133621,20260926-133621-3,1,58746.287,0.48821,0.11805,0.42172,0.63896,-0.10257,0.44997,0.08709,0.10115,0.09838,0.10438,0.00617,0.32175,0.31351,0.01364,0.16806,0.08748,0.26884,0.47768,7.1171,0.51561,0.65969,1.01992,0.70482,-36.93138
20260926-133621,20260926-133621-3,1,58746.317,0.49011,0.12041,0.40651,0.64188,-0.10416,0.42918,0.10158,0.11782,0.08532,0.09087,0.00565,0.33383,0.32365,0.0136,0.19024,0.09649,0.31142,0.51791,7.06925,0.9603,0.75758,1.01468,0.6656,-36.88481
20260926-133621,20260926-133621-3,1,58746.351,0.4908,0.12656,0.40156,0.64663,-0.11,0.41558,0.12011,0.14284,0.07174,0.07472,0.00511,0.35321,0.33962,0.01294,0.21073,0.09719,0.33501,0.545,6.99007,1.41434,0.83138,1.01694,0.62068,-36.89033
20260926-133621,20260926-133621-3,1,58746.38,0.49118,0.1302,0.40492,0.65162,-0.11427,0.41416,0.13336,0.15645,0.06461,0.06511,0.00468,0.36449,0.34919,0.01268,0.2159,0.09442,0.33896,0.54887,6.98704,1.69245,0.90735,1.01577,0.55828,-36.88788
20260926-133621,20260926-133621-3,1,58746.414,0.49138,0.13044,0.40695,0.65489,-0.11449,0.41437,0.13549,0.15832,0.0638,0.06325,0.00446,0.37254,0.3553,0.01241,0.21803,0.09189,0.33967,0.55475,6.96282,1.89564,0.94902,1.01647,0.47966,-36.86383
20260926-133621,20260926-133621-3,1,58746.461,0.49121,0.13186,0.40886,0.65969,-0.11518,0.41909,0.13756,0.16028,0.06265,0.06098,0.00416,0.38454,0.36404,0.01193,0.21924,0.09104,0.32641,0.55603,6.9248,2.24319,0.99444,1.01744,0.40834,-36.82291
20260926-133621,20260926-133621-3,1,58746.477,0.49089,0.13035,0.40969,0.66066,-0.11355,0.42246,0.13293,0.15549,0.0651,0.0633,0.00409,0.38815,0.3672,0.01182,0.21518,0.08973,0.3192,0.55602,6.91042,2.27397,0.99197,1.01822,0.39644,-36.81566
20260926-133621,20260926-133621-3,1,58746.493,0.49088,0.13215,0.40535,0.66375,-0.11382,0.42051,0.13386,0.15743,0.0644,0.06209,0.00386,0.39707,0.37404,0.01157,0.21891,0.09258,0.32093,0.56428,6.89992,2.35859,0.99525,1.0192,0.36251,-36.80202
20260926-133621,20260926-133621-3,1,58746.525,0.49002,0.13249,0.40392,0.66691,-0.11353,0.42228,0.13481,0.15941,0.06409,0.06104,0.00355,0.40939,0.38477,0.01125,0.21894,0.09375,0.31476,0.56987,6.87247,2.37104,0.97013,1.02172,0.32706,-36.78939
20260926-133621,20260926-133621-3,1,58746.557,0.48887,0.12635,0.38946,0.66821,-0.10778,0.4071,0.11959,0.14385,0.07256,0.07185,0.00332,0.41893,0.39168,0.01117,0.2359,0.10724,0.32355,0.56901,6.84031,2.38871,0.91742,1.02521,0.28762,-36.78438
20260926-133621,20260926-133621-3,1,58746.593,0.49082,0.1184,0.37194,0.66658,-0.10175,0.39516,0.10566,0.12647,0.08405,0.08548,0.00337,0.4138,0.38546,0.01163,0.24787,0.12451,0.33092,0.57062,6.87472,2.38473,0.86741,1.02945,0.26216,-36.78967
20260926-133621,20260926-133621-3,1,58746.656,0.49147,0.1169,0.37866,0.65616,-0.09944,0.39087,0.10078,0.1213,0.08739,0.08912,0.00405,0.39097,0.36756,0.01152,0.24911,0.11715,0.33617,0.55665,6.87486,2.38337,0.78476,1.05343,0.23523,-36.73443
20260926-133621,20260926-133621-3,1,58746.685,0.49215,0.11755,0.3788,0.65968,-0.09975,0.39212,0.10322,0.12398,0.08496,0.08696,0.0038,0.39522,0.37007,0.01182,0.24526,0.11689,0.33293,0.55353,6.89691,2.37431,0.71428,1.06451,0.22444,-36.7269
20260926-133621,20260926-133621-3,1,58746.72,0.49315,0.11875,0.38038,0.66008,-0.10109,0.39618,0.10554,0.12715,0.08176,0.08384,0.00377,0.38894,0.36357,0.01242,0.2372,0.1146,0.32692,0.54904,6.90956,2.3406,0.67333,1.07627,0.21691,-36.70562
20260926-133621,20260926-133621-3,1,58746.75,0.49388,0.1197,0.38155,0.66053,-0.10193,0.39873,0.10782,0.1301,0.07887,0.08112,0.00377,0.38364,0.36018,0.01282,0.2313,0.11305,0.32414,0.54576,6.91713,2.3411,0.65716,1.0888,0.21894,-36.69243
20260926-133621,20260926-133621-3,1,58746.781,0.49433,0.12022,0.38245,0.65814,-0.10327,0.4001,0.10873,0.13071,0.07748,0.08048,0.00395,0.37396,0.3521,0.01321,0.22816,0.11314,0.32435,0.54256,6.92416,2.30393,0.61937,1.10533,0.22072,-36.68665
20260926-133621,20260926-133621-3,1,58746.834,0.4933,0.11998,0.38121,0.6589,-0.10341,0.40316,0.1057,0.12651,0.07908,0.08253,0.00391,0.37424,0.35166,0.01316,0.22435,0.11554,0.31927,0.53771,6.93675,2.251,0.58518,1.12948,0.22274,-36.68534
20260926-133621,20260926-133621-3,1,58746.859,0.49315,0.1202,0.38055,0.66026,-0.10329,0.40525,0.1047,0.1257,0.07943,0.08274,0.00385,0.37532,0.35274,0.01321,0.22239,0.11631,0.31472,0.53645,6.94046,2.21967,0.57368,1.13892,0.22305,-36.68701
20260926-133621,20260926-133621-3,1,58746.875,0.49341,0.1198,0.38133,0.6593,-0.1033,0.40568,0.10459,0.1254,0.07962,0.08301,0.0039,0.37397,0.35088,0.01321,0.22151,0.11573,0.31485,0.53574,6.94471,2.19572,0.55993,1.14627,0.2229,-36.682
20260926-133621,20260926-133621-3,1,58746.894,0.49291,0.11977,0.38088,0.65893,-0.1033,0.40595,0.10467,0.12532,0.07967,0.08297,0.00389,0.37593,0.35187,0.01302,0.22077,0.11578,0.31477,0.53543,6.95673,2.14561,0.54766,1.15737,0.22106,-36.67954
20260926-133621,20260926-133621-3,1,58746.927,0.49377,0.11966,0.37916,0.6577,-0.103,0.40614,0.10593,0.12697,0.07879,0.08208,0.004,0.37093,0.34759,0.0132,0.2192,0.11639,0.31596,0.53567,6.97504,2.10449,0.53847,1.17556,0.22005,-36.6818
20260926-133621,20260926-133621-3,1,58746.958,0.49464,0.12002,0.37872,0.65882,-0.10207,0.40667,0.10681,0.12823,0.07816,0.08138,0.00404,0.36733,0.34541,0.01349,0.21725,0.11683,0.31774,0.53485,7.025,2.03509,0.52771,1.19131,0.217,-36.69781
20260926-133621,20260926-133621-3,1,58746.991,0.49555,0.12022,0.37895,0.65826,-0.10166,0.40664,0.10798,0.12954,0.0775,0.08079,0.00417,0.36149,0.34085,0.01376,0.21625,0.11666,0.31997,0.53483,7.03283,2.00856,0.51193,1.20351,0.21598,-36.70315
20260926-133621,20260926-133621-3,1,58747.022,0.49533,0.11981,0.38002,0.65882,-0.101,0.40777,0.10763,0.1288,0.07768,0.08108,0.00414,0.36166,0.34133,0.01374,0.21328,0.11491,0.31886,0.53372,7.04511,1.96425,0.50006,1.21327,0.21474,-36.71409
20260926-133621,20260926-133621-3,1,58747.087,0.49622,0.11918,0.37983,0.6571,-0.10031,0.40699,0.10371,0.1254,0.08166,0.084,0.00453,0.34725,0.32856,0.01439,0.21783,0.11338,0.31439,0.541,7.04438,1.87823,0.43889,1.24297,0.22306,-36.72351
20260926-133621,20260926-133621-3,1,58747.117,0.4941,0.11875,0.37956,0.66056,-0.09998,0.40755,0.10172,0.1222,0.08331,0.08593,0.00426,0.35662,0.33733,0.01402,0.21721,0.11355,0.31162,0.53775,7.11918,1.79991,0.43489,1.26277,0.22168,-36.73582
20260926-133621,20260926-133621-3,1,58747.166,0.49845,0.11805,0.37756,0.65733,-0.10001,0.40729,0.10189,0.12312,0.08375,0.08637,0.0047,0.3385,0.3228,0.01508,0.21744,0.11518,0.31044,0.54414,7.13185,1.77017,0.40427,1.28186,0.22467,-36.74165
20260926-133621,20260926-133621-3,1,58747.196,0.49909,0.11779,0.37793,0.6588,-0.09891,0.40738,0.10142,0.1225,0.08408,0.08692,0.00465,0.33874,0.3241,0.01518,0.21564,0.11464,0.31234,0.54288,7.16817,1.75318,0.38269,1.29077,0.22372,-36.7555
20260926-133621,20260926-133621-3,1,58747.208,0.50016,0.11757,0.37816,0.65769,-0.09869,0.40751,0.10092,0.12196,0.08455,0.08748,0.00479,0.33334,0.31968,0.01548,0.21527,0.11478,0.31248,0.54235,7.17106,1.75258,0.37276,1.29307,0.22423,-36.75634
20260926-133621,20260926-133621-3,1,58747.228,0.50067,0.11686,0.37995,0.65772,-0.09725,0.40916,0.09917,0.12012,0.086,0.08872,0.00481,0.33151,0.31825,0.01562,0.212,0.11245,0.31101,0.54077,7.192,1.73676,0.36118,1.29385,0.22213,-36.76548
20260926-133621,20260926-133621-3,1,58747.263,0.50083,0.11679,0.38179,0.65711,-0.09704,0.41079,0.09879,0.12041,0.08608,0.08842,0.00484,0.33123,0.31759,0.01558,0.2116,0.11042,0.30596,0.54083,7.2103,1.72142,0.3446,1.29162,0.21938,-36.77539
20260926-133621,20260926-133621-3,1,58747.292,0.50273,0.11663,0.38278,0.65464,-0.09723,0.41269,0.0981,0.12052,0.08653,0.08857,0.00516,0.32051,0.30832,0.01617,0.2108,0.10925,0.3014,0.5404,7.23403,1.70211,0.32281,1.28859,0.21671,-36.78889
20260926-133621,20260926-133621-3,1,58747.328,0.50603,0.11634,0.38299,0.65102,-0.09802,0.41278,0.09824,0.12126,0.08602,0.08843,0.0057,0.30235,0.29347,0.01735,0.21113,0.10926,0.30146,0.53858,7.24043,1.67862,0.30494,1.28359,0.21453,-36.80213
20260926-133621,20260926-133621-3,1,58747.357,0.50726,0.11612,0.38295,0.64944,-0.0981,0.41335,0.09786,0.12107,0.08617,0.08868,0.00593,0.29531,0.28755,0.0178,0.21021,0.1093,0.30111,0.53752,7.24652,1.67145,0.28354,1.27961,0.21415,-36.80946
20260926-133621,20260926-133621-3,1,58747.393,0.50775,0.11605,0.38308,0.64908,-0.09813,0.41348,0.09795,0.12144,0.08601,0.08858,0.00599,0.29341,0.2862,0.0179,0.21032,0.10916,0.30048,0.53778,7.25514,1.67035,0.2609,1.27567,0.21373,-36.8182
20260926-133621,20260926-133621-3,1,58747.455,0.5094,0.11622,0.384,0.65067,-0.09821,0.41446,0.09821,0.12252,0.0856,0.08795,0.00597,0.29196,0.28536,0.0182,0.21157,0.10817,0.29952,0.5393,7.27023,1.70089,0.19358,1.25644,0.21197,-36.83799
20260926-133621,20260926-133621-3,1,58747.486,0.50816,0.11629,0.38462,0.64949,-0.09863,0.41572,0.099,0.12364,0.08519,0.08716,0.00604,0.29436,0.28545,0.01762,0.21149,0.10739,0.29946,0.53977,7.278,1.71685,0.14466,1.23463,0.21094,-36.84927
20260926-133621,20260926-133621-3,1,58747.533,0.50796,0.11621,0.38495,0.6511,-0.09879,0.41699,0.10072,0.1257,0.08413,0.08579,0.00595,0.29731,0.28696,0.01738,0.21067,0.10731,0.29783,0.539,7.29441,1.74045,0.07489,1.2041,0.20874,-36.87001
20260926-133621,20260926-133621-3,1,58747.568,0.5079,0.11672,0.38598,0.64837,-0.09976,0.41824,0.10072,0.126,0.08399,0.08549,0.00624,0.29001,0.28042,0.0177,0.21101,0.10707,0.29643,0.53641,7.25534,1.77969,0.0613,1.17956,0.20882,-36.8695
20260926-133621,20260926-133621-3,1,58747.592,0.5075,0.11703,0.38607,0.64878,-0.10031,0.41791,0.10117,0.12657,0.08358,0.08506,0.00616,0.2917,0.28187,0.01757,0.21202,0.10738,0.29663,0.53583,7.23613,1.78517,0.05259,1.1679,0.20759,-36.87347
20260926-133621,20260926-133621-3,1,58747.609,0.50827,0.11719,0.38678,0.64785,-0.1004,0.41872,0.10014,0.12546,0.0843,0.08583,0.00641,0.28424,0.27611,0.0182,0.21187,0.10744,0.29538,0.53411,7.22058,1.81073,0.05775,1.15474,0.20834,-36.87065
20260926-133621,20260926-133621-3,1,58747.63,0.50807,0.11654,0.39011,0.64923,-0.09992,0.42034,0.09775,0.12144,0.08641,0.08783,0.00631,0.28433,0.27626,0.01836,0.21047,0.10513,0.29371,0.52635,7.19598,1.85874,0.05999,1.12902,0.20524,-36.86915
20260926-133621,20260926-133621-3,1,58747.661,0.50325,0.11487,0.39199,0.65777,-0.09638,0.42129,0.09157,0.11263,0.09228,0.09332,0.00521,0.31092,0.299,0.01699,0.20616,0.10147,0.29451,0.52477,7.17215,1.97603,0.05529,1.0861,0.18904,-36.876
20260926-133621,20260926-133621-3,1,58747.694,0.50073,0.11267,0.39043,0.65771,-0.09483,0.42141,0.08856,0.10611,0.09631,0.09885,0.00516,0.31281,0.30157,0.01694,0.20353,0.10369,0.30551,0.52675,7.12791,2.09519,0.0085,1.04908,0.16504,-36.92019
20260926-133621,20260926-133621-3,1,58747.726,0.495,0.11385,0.39158,0.65966,-0.0955,0.4235,0.08761,0.10288,0.09799,0.10049,0.00474,0.33287,0.31589,0.01539,0.19979,0.10418,0.31071,0.52196,7.04348,2.21352,0.01312,1.01156,0.13211,-36.93962
20260926-133621,20260926-133621-3,1,58747.758,0.49481,0.11454,0.39132,0.6601,-0.09606,0.41996,0.08752,0.102,0.0979,0.10069,0.00468,0.33405,0.31665,0.01538,0.20074,0.10331,0.32186,0.52294,6.91985,2.22562,0.00768,0.97805,0.09564,-36.94451
20260926-133621,20260926-133621-3,1,58747.789,0.4951,0.11634,0.39087,0.66527,-0.09811,0.41883,0.09234,0.1075,0.09171,0.09513,0.00422,0.34474,0.32847,0.01518,0.20072,0.10446,0.32234,0.52203,6.83058,2.20649,0.00733,0.94949,0.07277,-36.9618
20260926-133621,20260926-133621-3,1,58747.856,0.49707,0.11758,0.39282,0.66816,-0.09966,0.42054,0.09547,0.11285,0.08722,0.09031,0.00382,0.35794,0.3417,0.0146,0.19876,0.10341,0.30942,0.52017,6.6796,2.10584,0.06672,0.90356,0.05694,-37.01262
20260926-133621,20260926-133621-3,1,58747.902,0.49927,0.11746,0.39314,0.66834,-0.09964,0.42036,0.09574,0.11421,0.08624,0.08919,0.00381,0.35306,0.33944,0.01506,0.1982,0.103,0.30394,0.51805,6.6339,2.13232,0.0819,0.8766,0.05583,-37.01025
20260926-133621,20260926-133621-3,1,58747.934,0.49969,0.11771,0.39316,0.66763,-0.09991,0.42025,0.09711,0.11638,0.08512,0.08772,0.00392,0.34987,0.33632,0.01516,0.19906,0.10286,0.30251,0.51896,6.64859,2.13018,0.10909,0.85437,0.05388,-37.01517
20260926-133621,20260926-133621-3,1,58747.958,0.50039,0.11781,0.39249,0.66536,-0.10024,0.41903,0.09856,0.11847,0.08379,0.08625,0.00411,0.34201,0.32911,0.01547,0.20032,0.10287,0.30426,0.51942,6.66098,2.12613,0.11726,0.8452,0.05128,-37.00836
20260926-133621,20260926-133621-3,1,58747.974,0.50091,0.11811,0.39268,0.66449,-0.10067,0.41909,0.09895,0.11965,0.08352,0.08555,0.00416,0.34067,0.32748,0.01549,0.20175,0.10268,0.30236,0.52056,6.65404,2.12559,0.13611,0.83298,0.04944,-37.00568
20260926-133621,20260926-133621-3,1,58747.997,0.49945,0.11886,0.39265,0.6652,-0.10128,0.41926,0.09917,0.1202,0.08361,0.08547,0.00404,0.34857,0.33394,0.01502,0.20408,0.10335,0.30145,0.52281,6.63165,2.11023,0.15321,0.81576,0.04427,-37.00329
20260926-133621,20260926-133621-3,1,58748.029,0.50032,0.11883,0.39419,0.6638,-0.10134,0.42046,0.09835,0.11972,0.08427,0.08612,0.00416,0.34369,0.33053,0.01527,0.20382,0.10229,0.29981,0.52377,6.58779,2.11702,0.18119,0.80288,0.03959,-37.00894
20260926-133621,20260926-133621-3,1,58748.06,0.5018,0.11915,0.39461,0.66165,-0.10195,0.42009,0.09935,0.12106,0.08338,0.08541,0.00438,0.33489,0.32308,0.01574,0.20457,0.10233,0.30247,0.52411,6.55988,2.13431,0.18675,0.79857,0.03573,-37.00837
20260926-133621,20260926-133621-3,1,58748.093,0.50294,0.12011,0.3954,0.65905,-0.10317,0.42065,0.10062,0.12306,0.08194,0.08424,0.00464,0.32514,0.31525,0.01628,0.20532,0.10248,0.30266,0.52397,6.53888,2.14823,0.18304,0.79693,0.03144,-37.0088
20260926-133621,20260926-133621-3,1,58748.127,0.50304,0.12056,0.39612,0.65799,-0.10354,0.42112,0.10045,0.12316,0.08187,0.08417,0.00472,0.32242,0.31292,0.01643,0.20546,0.10214,0.30269,0.52405,6.51768,2.17643,0.18278,0.79654,0.02769,-37.01338
20260926-133621,20260926-133621-3,1,58748.159,0.50225,0.12097,0.39633,0.65899,-0.10366,0.42079,0.10087,0.12407,0.08156,0.08365,0.00459,0.32837,0.31774,0.01605,0.20708,0.10208,0.30368,0.52617,6.49579,2.2093,0.19139,0.7946,0.02285,-37.0201
20260926-133621,20260926-133621-3,1,58748.197,0.50036,0.12049,0.3986,0.66023,-0.10304,0.42188,0.09948,0.12164,0.08262,0.08498,0.00436,0.33841,0.32576,0.01536,0.20477,0.10075,0.30488,0.52358,6.41539,2.33498,0.2137,0.79282,0.02053,-37.02193
20260926-133621,20260926-133621-3,1,58748.272,0.49837,0.11826,0.39986,0.66148,-0.10143,0.42391,0.09892,0.11795,0.08369,0.08735,0.00416,0.34726,0.33332,0.01481,0.1959,0.09843,0.31718,0.52654,6.29182,2.43908,0.27254,0.78535,0.00482,-37.06133
20260926-133621,20260926-133621-3,1,58748.302,0.49848,0.11902,0.3985,0.66416,-0.10191,0.42135,0.1013,0.12148,0.08157,0.08485,0.00397,0.35411,0.3392,0.01455,0.19958,0.09902,0.31859,0.5298,6.26999,2.43681,0.27111,0.78154,-0.00103,-37.05867
20260926-133621,20260926-133621-3,1,58748.325,0.49786,0.11932,0.39786,0.66571,-0.10189,0.421,0.10243,0.12321,0.08056,0.08358,0.00383,0.35962,0.34397,0.01428,0.19975,0.09899,0.31834,0.53216,6.26096,2.45576,0.2726,0.77958,-0.00364,-37.0593
20260926-133621,20260926-133621-3,1,58748.34,0.49775,0.11939,0.39724,0.66608,-0.10201,0.42023,0.10288,0.12394,0.08012,0.08307,0.0038,0.3609,0.34508,0.01421,0.20084,0.09916,0.3184,0.53366,6.25558,2.46175,0.27074,0.77952,-0.00542,-37.05851
20260926-133621,20260926-133621-3,1,58748.366,0.49759,0.11959,0.39583,0.66591,-0.10251,0.41911,0.10341,0.12461,0.07969,0.08273,0.00381,0.36059,0.34493,0.01421,0.20332,0.10096,0.31871,0.53344,6.25006,2.46908,0.26026,0.78001,-0.00746,-37.05424
20260926-133621,20260926-133621-3,1,58748.398,0.49764,0.11958,0.39489,0.66641,-0.1026,0.41746,0.10313,0.12473,0.07995,0.08268,0.00377,0.36265,0.34644,0.01413,0.20717,0.10156,0.31792,0.53421,6.25378,2.47213,0.25057,0.78063,-0.01261,-37.04524
20260926-133621,20260926-133621-3,1,58748.433,0.49706,0.11937,0.39261,0.66673,-0.10233,0.41637,0.10161,0.12297,0.08118,0.08394,0.00371,0.36567,0.34883,0.01402,0.20991,0.10411,0.3165,0.53457,6.25467,2.48178,0.24257,0.7825,-0.01962,-37.03861
20260926-133621,20260926-133621-3,1,58748.463,0.497,0.11913,0.39148,0.66755,-0.10126,0.41572,0.10076,0.12208,0.08216,0.08463,0.00365,0.36868,0.35115,0.01393,0.21004,0.10446,0.31723,0.53768,6.26932,2.5035,0.24028,0.78758,-0.02636,-37.04154
20260926-133621,20260926-133621-3,1,58748.493,0.49891,0.11904,0.39072,0.66655,-0.10093,0.41457,0.10072,0.12253,0.08239,0.08472,0.00377,0.36219,0.34583,0.01438,0.21232,0.10488,0.3177,0.5401,6.28905,2.49901,0.22297,0.79499,-0.03539,-37.04823
20260926-133621,20260926-133621-3,1,58748.524,0.49914,0.11961,0.38983,0.66629,-0.10096,0.4136,0.10154,0.12384,0.08176,0.08412,0.00375,0.36387,0.34729,0.01429,0.21342,0.10592,0.31934,0.5419,6.29024,2.50011,0.18943,0.80323,-0.04456,-37.05445
20260926-133621,20260926-133621-3,1,58748.558,0.49779,0.12047,0.39006,0.66725,-0.10132,0.41381,0.10114,0.12356,0.08164,0.08393,0.00362,0.36979,0.35218,0.01397,0.21223,0.10589,0.31794,0.53984,6.28474,2.48415,0.17908,0.81235,-0.05322,-37.05204
20260926-133621,20260926-133621-3,1,58748.591,0.49621,0.12073,0.38935,0.66834,-0.10167,0.41292,0.10101,0.12323,0.08173,0.08413,0.00351,0.37604,0.35761,0.01363,0.21412,0.10722,0.3174,0.53839,6.28152,2.48323,0.15775,0.81992,-0.05673,-37.05611
20260926-133621,20260926-133621-3,1,58748.67,0.49629,0.12137,0.38909,0.66941,-0.10292,0.41176,0.10266,0.12546,0.0803,0.08263,0.00345,0.37846,0.35963,0.0136,0.21677,0.10817,0.31689,0.53733,6.27521,2.46425,0.13158,0.83285,-0.06313,-37.05894
20260926-133621,20260926-133621-3,1,58748.691,0.49662,0.12145,0.38918,0.66902,-0.10311,0.41193,0.10275,0.12577,0.0802,0.08247,0.00347,0.37729,0.35863,0.01365,0.21667,0.10826,0.31605,0.53711,6.2686,2.45555,0.12515,0.8362,-0.06486,-37.0578
20260926-133621,20260926-133621-3,1,58748.708,0.49683,0.12141,0.38923,0.66897,-0.10301,0.41194,0.10231,0.12543,0.08033,0.08262,0.00348,0.37599,0.35775,0.01374,0.21606,0.10809,0.3156,0.53625,6.26267,2.45141,0.13212,0.84128,-0.06601,-37.05139
20260926-133621,20260926-133621-3,1,58748.735,0.49682,0.12171,0.38966,0.66885,-0.10303,0.41208,0.10268,0.12627,0.07999,0.08201,0.00349,0.37462,0.35658,0.01378,0.21508,0.10723,0.31541,0.53676,6.23134,2.44451,0.16155,0.85053,-0.06805,-37.03962
20260926-133621,20260926-133621-3,1,58748.767,0.49701,0.12217,0.39131,0.66772,-0.10334,0.41324,0.10319,0.12718,0.07946,0.08122,0.00353,0.37316,0.35509,0.01376,0.21392,0.10568,0.31397,0.53534,6.20852,2.44367,0.18557,0.85475,-0.06971,-37.03522
20260926-133621,20260926-133621-3,1,58748.798,0.49826,0.12249,0.39304,0.66212,-0.10341,0.41568,0.10322,0.12758,0.07918,0.08082,0.00381,0.36198,0.34505,0.01394,0.20916,0.10469,0.3142,0.53411,6.15605,2.4358,0.19577,0.85414,-0.07019,-37.04035
20260926-133621,20260926-133621-3,1,58748.828,0.50485,0.12312,0.39485,0.65344,-0.10387,0.41727,0.10427,0.12995,0.07786,0.07886,0.0045,0.33207,0.31868,0.01527,0.20405,0.10417,0.31345,0.53025,6.07229,2.44797,0.24196,0.83269,-0.06947,-37.04248
20260926-133621,20260926-133621-3,1,58748.86,0.51012,0.12299,0.39596,0.64577,-0.10384,0.41908,0.10436,0.13105,0.07765,0.07832,0.00538,0.30268,0.29273,0.01671,0.19909,0.10382,0.31294,0.52848,5.98377,2.4551,0.27624,0.80108,-0.06827,-37.0519
20260926-133621,20260926-133621-3,1,58748.891,0.50978,0.1232,0.39678,0.64565,-0.10336,0.42115,0.10518,0.13225,0.07719,0.07712,0.0053,0.30665,0.29526,0.01622,0.1943,0.10266,0.31015,0.53052,5.9101,2.48515,0.32112,0.76829,-0.06505,-37.05332
20260926-133621,20260926-133621-3,1,58748.926,0.51235,0.12334,0.39683,0.64377,-0.10449,0.42257,0.10753,0.13498,0.07539,0.07546,0.00571,0.29252,0.28369,0.01721,0.19238,0.10291,0.30879,0.52999,5.87064,2.47825,0.34604,0.74187,-0.06482,-37.05536
20260926-133621,20260926-133621-3,1,58748.957,0.50994,0.12396,0.39721,0.64741,-0.10413,0.42379,0.10776,0.13487,0.07539,0.0752,0.00515,0.30947,0.29846,0.01622,0.19094,0.10298,0.30694,0.53015,5.8371,2.49657,0.37983,0.71964,-0.06391,-37.05345
20260926-133621,20260926-133621-3,1,58749.006,0.50363,0.12492,0.39819,0.65088,-0.10373,0.42561,0.10815,0.13484,0.07603,0.07489,0.0045,0.33988,0.321,0.01415,0.19017,0.10225,0.30474,0.5322,5.78851,2.53917,0.41948,0.68337,-0.06144,-37.04968
20260926-133621,20260926-133621-3,1,58749.039,0.49824,0.12599,0.39827,0.65205,-0.10345,0.4248,0.10675,0.13293,0.07737,0.07449,0.00411,0.36311,0.33649,0.01251,0.19032,0.10108,0.30178,0.5298,5.71732,2.55707,0.5226,0.64514,-0.06316,-37.02867
20260926-133621,20260926-133621-3,1,58749.068,0.49329,0.12672,0.39719,0.65335,-0.10307,0.42335,0.10556,0.13146,0.07821,0.07399,0.00384,0.38029,0.35026,0.01127,0.19024,0.10016,0.30063,0.52819,5.57818,2.57604,0.60765,0.60071,-0.06438,-37.00031
20260926-133621,20260926-133621-3,1,58749.102,0.49092,0.12709,0.39856,0.64966,-0.10355,0.42441,0.10342,0.12958,0.07922,0.07474,0.00398,0.38161,0.35392,0.01051,0.1888,0.10009,0.2975,0.52367,5.43275,2.60333,0.66826,0.55494,-0.06515,-36.98766
20260926-133621,20260926-133621-3,1,58749.133,0.49129,0.1264,0.39821,0.65065,-0.10322,0.42524,0.10216,0.12825,0.08005,0.07571,0.0039,0.38297,0.35473,0.01057,0.18655,0.10058,0.29519,0.52318,5.31273,2.68148,0.70153,0.51318,-0.06034,-36.97921
20260926-133621,20260926-133621-3,1,58749.164,0.49178,0.12506,0.39972,0.65114,-0.10235,0.42633,0.1005,0.12599,0.08089,0.07733,0.0038,0.38389,0.35493,0.01074,0.18281,0.09944,0.29582,0.51931,5.21656,2.72302,0.72279,0.47812,-0.05886,-36.99758
20260926-133621,20260926-133621-3,1,58749.196,0.49053,0.1256,0.40175,0.65152,-0.10232,0.42754,0.10027,0.1258,0.08069,0.07647,0.00369,0.38927,0.36016,0.01042,0.18145,0.09772,0.29407,0.51696,5.10004,2.75496,0.79479,0.44943,-0.05942,-37.00381
20260926-133621,20260926-133621-3,1,58749.23,0.48997,0.12717,0.40396,0.6484,-0.10304,0.42889,0.10026,0.12597,0.08056,0.07571,0.0038,0.38786,0.35934,0.01016,0.18108,0.09782,0.29293,0.51196,4.89099,2.84753,0.86401,0.42058,-0.05736,-36.9978
20260926-133621,20260926-133621-3,1,58749.263,0.48729,0.12876,0.40532,0.64682,-0.10343,0.42874,0.1025,0.12857,0.07816,0.07262,0.00373,0.39843,0.37065,0.00912,0.17963,0.097,0.29494,0.51097,4.68177,2.90331,0.92879,0.38652,-0.0595,-36.99113
20260926-133621,20260926-133621-3,1,58749.294,0.48547,0.12882,0.40405,0.64947,-0.10267,0.42672,0.10288,0.12848,0.07727,0.07126,0.00341,0.41201,0.38199,0.00857,0.17744,0.09734,0.29802,0.5087,4.43256,3.02752,0.98722,0.34021,-0.05563,-36.97293
20260926-133621,20260926-133621-3,1,58749.326,0.48183,0.1297,0.40552,0.64841,-0.10273,0.42695,0.10192,0.12735,0.07753,0.07067,0.0034,0.41967,0.39043,0.00775,0.17526,0.09643,0.29862,0.50406,4.13201,3.07279,1.05777,0.29226,-0.05719,-36.97075
20260926-133621,20260926-133621-3,1,58749.374,0.48392,0.12922,0.4075,0.65057,-0.1017,0.42939,0.10256,0.12786,0.07673,0.07016,0.00321,0.42263,0.39111,0.00807,0.16962,0.0943,0.2976,0.5001,3.95691,3.14009,1.10421,0.24714,-0.05549,-36.98737
20260926-133621,20260926-133621-3,1,58749.405,0.48217,0.12904,0.40804,0.65179,-0.10111,0.43208,0.10355,0.12916,0.07564,0.06914,0.00313,0.43092,0.40053,0.00766,0.16461,0.0928,0.29552,0.50234,3.83688,3.17485,1.18453,0.22292,-0.05508,-36.99354
20260926-133621,20260926-133621-3,1,58749.438,0.48358,0.12935,0.40962,0.64812,-0.10227,0.43603,0.10665,0.13315,0.07261,0.06683,0.00338,0.42044,0.39307,0.0077,0.16026,0.09293,0.29154,0.50191,3.6993,3.20784,1.22956,0.19926,-0.0527,-37.0027
20260926-133621,20260926-133621-3,1,58749.472,0.48758,0.12901,0.4101,0.64698,-0.10315,0.43861,0.10886,0.13504,0.0701,0.06591,0.00336,0.41186,0.38518,0.00834,0.15622,0.09408,0.28947,0.49892,3.54646,3.24198,1.27999,0.15865,-0.04486,-37.02184
20260926-133621,20260926-133621-3,1,58749.502,0.48553,0.12895,0.41434,0.65156,-0.10212,0.44142,0.11291,0.13718,0.06593,0.06438,0.00313,0.42995,0.40541,0.00746,0.14033,0.09132,0.30644,0.49239,3.27868,3.29078,1.47556,0.09593,-0.02425,-37.05428
20260926-133621,20260926-133621-3,1,58749.533,0.47997,0.1299,0.41721,0.65583,-0.10322,0.44238,0.11884,0.14138,0.06132,0.06208,0.00292,0.45295,0.43111,0.00639,0.12769,0.09066,0.31841,0.48407,2.95211,3.32038,1.66745,0.00884,0.00847,-37.1025
20260926-133621,20260926-133621-3,1,58749.565,0.47641,0.1296,0.42024,0.65718,-0.10355,0.43899,0.12332,0.14442,0.05836,0.06075,0.00271,0.47535,0.45383,0.00567,0.12733,0.08994,0.34128,0.47647,2.57124,3.28164,1.82736,-0.07149,0.04319,-37.16922
20260926-133621,20260926-133621-3,1,58749.599,0.46965,0.12909,0.42213,0.66334,-0.10143,0.4388,0.11837,0.13847,0.06069,0.06397,0.00242,0.50439,0.48431,0.00497,0.12401,0.08683,0.3451,0.47194,2.35732,3.19259,1.94088,-0.14063,0.05725,-37.19421
20260926-133621,20260926-133621-3,1,58749.629,0.4716,0.12739,0.42133,0.66528,-0.09812,0.43722,0.11231,0.13179,0.06434,0.06798,0.00227,0.5101,0.48961,0.00517,0.12308,0.08573,0.34551,0.47002,2.22167,3.14595,2.0485,-0.19496,0.0706,-37.19973
20260926-133621,20260926-133621-4,1,58753.214,0.52227,0.08195,0.44433,0.61739,-0.07195,0.47534,0.03358,0.03742,0.23339,0.24289,0.0108,0.24273,0.23791,0.02036,0.13102,0.06743,0.21935,0.32763,5.24221,1.45663,0.2211,1.43915,0.62401,-33.72882
20260926-133621,20260926-133621-4,1,58753.244,0.52299,0.08179,0.44239,0.61822,-0.07183,0.47434,0.03365,0.03757,0.23291,0.24339,0.0111,0.23649,0.23364,0.02114,0.13358,0.06978,0.22159,0.3322,5.34424,1.46181,0.20221,1.41406,0.62259,-33.75606
20260926-133621,20260926-133621-4,1,58753.277,0.52624,0.08133,0.44054,0.61976,-0.07164,0.47339,0.03353,0.03748,0.23293,0.24583,0.01186,0.22172,0.22337,0.02339,0.13641,0.07224,0.22515,0.33532,5.4862,1.42521,0.21207,1.38079,0.61705,-33.76889
20260926-133621,20260926-133621-4,1,58753.308,0.51867,0.08194,0.4396,0.62876,-0.07057,0.47171,0.03331,0.03688,0.23476,0.24671,0.00987,0.24854,0.24551,0.02056,0.13836,0.07288,0.22559,0.33593,5.63491,1.47403,0.25354,1.34167,0.61664,-33.76527
20260926-133621,20260926-133621-4,1,58753.342,0.50756,0.08271,0.44045,0.64198,-0.06917,0.47049,0.03413,0.03766,0.23328,0.24118,0.00706,0.30627,0.29161,0.01596,0.13955,0.07083,0.22302,0.34244,5.79195,1.51622,0.30772,1.29662,0.61679,-33.76534
20260926-133621,20260926-133621-4,1,58753.388,0.50144,0.08163,0.4395,0.65037,-0.06709,0.46868,0.03441,0.03753,0.23647,0.24169,0.00582,0.34317,0.32069,0.01371,0.13964,0.06928,0.22572,0.34576,5.87799,1.52864,0.31405,1.26254,0.61657,-33.76204
20260926-133621,20260926-133621-4,1,58753.423,0.4953,0.082,0.43979,0.6545,-0.06666,0.46791,0.0341,0.03708,0.23942,0.24309,0.00538,0.36722,0.34338,0.01182,0.14016,0.06868,0.22377,0.34572,5.86702,1.52525,0.35514,1.23594,0.61625,-33.76203
20260926-133621,20260926-133621-4,1,58753.456,0.49026,0.082,0.43746,0.65907,-0.0653,0.46525,0.03354,0.03646,0.24178,0.24514,0.00481,0.39125,0.36687,0.01044,0.14098,0.0702,0.22297,0.34804,5.85631,1.50165,0.37077,1.2139,0.61573,-33.75595
20260926-133621,20260926-133621-4,1,58753.486,0.48487,0.08214,0.43557,0.66375,-0.06416,0.46298,0.03303,0.0361,0.24355,0.2451,0.00425,0.41796,0.39223,0.00914,0.14132,0.07044,0.22003,0.35142,5.82623,1.48994,0.4116,1.19316,0.61431,-33.73908
20260926-133621,20260926-133621-4,1,58753.519,0.48193,0.08329,0.4346,0.66713,-0.06381,0.46288,0.03278,0.03604,0.24311,0.24437,0.0039,0.43823,0.41223,0.00822,0.14067,0.07294,0.21731,0.35754,5.73021,1.52116,0.42959,1.17847,0.61475,-33.73038
20260926-133621,20260926-133621-4,1,58753.548,0.47836,0.08474,0.43231,0.66978,-0.06328,0.4631,0.03224,0.03595,0.24218,0.24332,0.0036,0.45432,0.42863,0.00759,0.13943,0.07578,0.21338,0.37049,5.64687,1.53062,0.51109,1.16579,0.60551,-33.71675
20260926-133621,20260926-133621-4,1,58753.582,0.47451,0.08406,0.43029,0.67209,-0.06084,0.46327,0.03092,0.03422,0.24489,0.2509,0.00329,0.46764,0.44593,0.00702,0.13404,0.079,0.21687,0.37131,5.46812,1.64482,0.54893,1.15888,0.59133,-33.70635
20260926-133621,20260926-133621-4,1,58753.614,0.47156,0.08406,0.42913,0.67261,-0.05846,0.46627,0.02974,0.03286,0.24791,0.2571,0.00317,0.47185,0.45373,0.00675,0.12613,0.08095,0.21135,0.36942,5.34166,1.74015,0.54088,1.16023,0.5662,-33.70761
20260926-133621,20260926-133621-4,1,58753.647,0.47106,0.08587,0.42436,0.67363,-0.05923,0.46434,0.03134,0.03522,0.23366,0.24467,0.00307,0.47577,0.45893,0.00665,0.12869,0.08687,0.21237,0.3834,5.21477,1.93885,0.54425,1.16673,0.54114,-33.71558
20260926-133621,20260926-133621-4,1,58753.678,0.47222,0.09018,0.41751,0.6765,-0.06357,0.46034,0.0348,0.0396,0.21172,0.223,0.00291,0.48119,0.4629,0.00667,0.13672,0.09357,0.21869,0.40223,5.19462,2.05337,0.51084,1.16968,0.50986,-33.7004
20260926-133621,20260926-133621-4,1,58753.709,0.47248,0.09276,0.41349,0.67814,-0.0661,0.45587,0.03715,0.04287,0.19858,0.20922,0.0028,0.48536,0.46615,0.00665,0.14455,0.09739,0.22211,0.41416,5.1703,2.15975,0.47591,1.17495,0.48284,-33.67279
20260926-133621,20260926-133621-4,1,58753.759,0.4733,0.096,0.41194,0.67555,-0.06867,0.45214,0.03919,0.04595,0.18756,0.19724,0.00298,0.47148,0.45209,0.00696,0.15401,0.10097,0.22574,0.41333,5.21269,2.22543,0.46558,1.17991,0.44924,-33.62602
20260926-133621,20260926-133621-4,1,58753.79,0.47296,0.09627,0.41101,0.67616,-0.06866,0.45287,0.03877,0.04586,0.18958,0.19731,0.00305,0.46606,0.44558,0.00717,0.15542,0.10006,0.22047,0.41761,5.26843,2.21494,0.46595,1.18431,0.42668,-33.59816
20260926-133621,20260926-133621-4,1,58753.806,0.47379,0.09606,0.40945,0.67405,-0.06876,0.45157,0.03838,0.04527,0.19215,0.19943,0.00323,0.45467,0.43429,0.00748,0.15878,0.10179,0.22378,0.41895,5.27951,2.23037,0.45536,1.18799,0.41801,-33.57991
20260926-133621,20260926-133621-4,1,58753.854,0.47526,0.09353,0.41096,0.67474,-0.06599,0.45424,0.037,0.04458,0.19863,0.20379,0.00323,0.45342,0.43349,0.00754,0.15791,0.09643,0.21504,0.42652,5.39163,2.35157,0.48369,1.19542,0.37943,-33.54884
20260926-133621,20260926-133621-4,1,58753.885,0.47798,0.09232,0.40735,0.67077,-0.06655,0.4504,0.03596,0.04312,0.20467,0.21111,0.00356,0.4326,0.41399,0.00824,0.16827,0.10174,0.22267,0.4302,5.36895,2.40203,0.45115,1.20968,0.33597,-33.50391
20260926-133621,20260926-133621-4,1,58753.918,0.47881,0.09129,0.40951,0.67031,-0.06646,0.45407,0.03616,0.04275,0.20299,0.21225,0.00355,0.43075,0.41346,0.00842,0.16105,0.10219,0.22521,0.42579,5.37515,2.49459,0.52011,1.22082,0.28871,-33.45547
20260926-133621,20260926-133621-4,1,58753.95,0.48169,0.08666,0.40789,0.67009,-0.06153,0.45194,0.0351,0.04183,0.21085,0.21787,0.00359,0.42534,0.4071,0.00881,0.16352,0.10016,0.22715,0.43109,5.37604,2.61471,0.51031,1.23538,0.24345,-33.42614
20260926-133621,20260926-133621-4,1,58753.984,0.48254,0.08985,0.40638,0.66834,-0.06488,0.44794,0.03804,0.04609,0.19611,0.20294,0.00376,0.4157,0.39925,0.00909,0.17565,0.10355,0.23417,0.43997,5.43178,2.92311,0.54658,1.25111,0.21072,-33.38764
20260926-133621,20260926-133621-4,1,58754.012,0.48379,0.09137,0.40564,0.66975,-0.06545,0.44668,0.04047,0.05046,0.18545,0.18913,0.00371,0.41728,0.39893,0.00911,0.17945,0.10001,0.23339,0.45371,5.449,3.11605,0.5019,1.27154,0.17529,-33.37881
20260926-133621,20260926-133621-4,1,58754.046,0.48568,0.09426,0.40659,0.66839,-0.06838,0.44531,0.04471,0.05593,0.16915,0.17402,0.00386,0.40628,0.38808,0.00959,0.18197,0.09934,0.24217,0.45658,5.58681,3.26443,0.53658,1.29075,0.13907,-33.34558
20260926-133621,20260926-133621-4,1,58754.08,0.48905,0.0956,0.40455,0.66656,-0.06997,0.44002,0.04786,0.06014,0.15944,0.16383,0.00399,0.39392,0.37381,0.01046,0.18824,0.0998,0.24846,0.46285,5.67116,3.28694,0.50074,1.30697,0.10481,-33.33224
20260926-133621,20260926-133621-4,1,58754.126,0.49189,0.09695,0.40284,0.66083,-0.07158,0.43823,0.05069,0.06342,0.15151,0.15737,0.00446,0.36737,0.34854,0.01183,0.18857,0.10193,0.26199,0.46793,5.76938,3.29181,0.46963,1.32126,0.07777,-33.30373
20260926-133621,20260926-133621-4,1,58754.159,0.49234,0.09822,0.40166,0.65816,-0.07298,0.43803,0.05278,0.06567,0.14636,0.15313,0.00474,0.35667,0.33916,0.0123,0.18862,0.10523,0.26755,0.46836,5.83883,3.33774,0.4878,1.32426,0.06918,-33.28865
20260926-133621,20260926-133621-4,1,58754.177,0.49277,0.09857,0.40028,0.65722,-0.07327,0.43688,0.05316,0.06625,0.14568,0.15237,0.00485,0.35256,0.33563,0.01253,0.19008,0.10627,0.26999,0.47329,5.86906,3.32597,0.48447,1.32661,0.0646,-33.28881
20260926-133621,20260926-133621-4,1,58754.191,0.49309,0.099,0.39947,0.65625,-0.07382,0.43611,0.05441,0.0676,0.14267,0.14996,0.00496,0.34781,0.33181,0.01274,0.19077,0.10759,0.27365,0.47397,5.89177,3.32597,0.48809,1.3274,0.06082,-33.28629
20260926-133621,20260926-133621-4,1,58754.254,0.49965,0.09724,0.39868,0.64756,-0.07408,0.43825,0.0548,0.06758,0.1424,0.15133,0.0062,0.30747,0.29854,0.01494,0.18601,0.10734,0.27857,0.47596,5.91588,3.28039,0.52409,1.32677,0.05596,-33.28782
20260926-133621,20260926-133621-4,1,58754.287,0.5035,0.09633,0.39995,0.64125,-0.07434,0.43889,0.05451,0.06719,0.14324,0.15257,0.00719,0.28309,0.27782,0.01644,0.18434,0.10564,0.27957,0.47515,5.93108,3.25495,0.53936,1.32521,0.05363,-33.28586
20260926-133621,20260926-133621-4,1,58754.318,0.50559,0.09605,0.40034,0.63524,-0.07494,0.43931,0.0547,0.06741,0.14289,0.15258,0.00816,0.26419,0.2616,0.01761,0.18287,0.10566,0.28157,0.47528,5.95135,3.23753,0.52986,1.32354,0.05411,-33.28905
20260926-133621,20260926-133621-4,1,58754.35,0.50939,0.09642,0.40153,0.62903,-0.07576,0.44022,0.0548,0.06792,0.14236,0.15213,0.00956,0.2404,0.24132,0.01947,0.18147,0.10542,0.28157,0.47415,5.96137,3.22703,0.52958,1.32122,0.05516,-33.28963
20260926-133621,20260926-133621-4,1,58754.382,0.51081,0.0965,0.40184,0.62411,-0.07651,0.44154,0.0547,0.06784,0.14312,0.15282,0.01075,0.22657,0.2288,0.02042,0.18113,0.10559,0.28121,0.47293,5.98751,3.20338,0.5256,1.31799,0.05572,-33.29148
20260926-133621,20260926-133621-4,1,58754.415,0.5106,0.09678,0.40253,0.62235,-0.0771,0.4431,0.05446,0.06751,0.14423,0.15409,0.01136,0.22108,0.2238,0.02079,0.18129,0.10597,0.28015,0.47146,6.00867,3.18406,0.5232,1.31425,0.05597,-33.29221
20260926-133621,20260926-133621-4,1,58754.446,0.51083,0.09667,0.40296,0.62118,-0.07743,0.44353,0.05443,0.06725,0.14463,0.15454,0.01174,0.21746,0.22042,0.02106,0.18143,0.10588,0.28036,0.46926,6.04282,3.11015,0.51705,1.31235,0.05269,-33.30059
20260926-133621,20260926-133621-4,1,58754.496,0.51112,0.09663,0.40216,0.6209,-0.07752,0.44403,0.05437,0.06701,0.14501,0.15482,0.01197,0.21494,0.2179,0.0213,0.1807,0.10621,0.27986,0.47132,6.12068,2.9853,0.50584,1.30954,0.04677,-33.30945
20260926-133621,20260926-133621-4,1,58754.528,0.5108,0.0968,0.40207,0.62219,-0.07736,0.44401,0.0545,0.06741,0.14507,0.15352,0.01193,0.2152,0.21767,0.02136,0.18088,0.10526,0.27809,0.47217,6.19429,2.91119,0.48807,1.30937,0.04541,-33.31491
20260926-133621,20260926-133621-4,1,58754.542,0.51062,0.09693,0.40202,0.62232,-0.07737,0.44419,0.05447,0.06731,0.14516,0.15364,0.01191,0.21541,0.2178,0.02135,0.18049,0.1053,0.2779,0.47172,6.21944,2.88274,0.48529,1.30852,0.04467,-33.31547
20260926-133621,20260926-133621-4,1,58754.558,0.51071,0.09673,0.40077,0.62399,-0.07722,0.44414,0.05471,0.06765,0.1448,0.15306,0.01178,0.21601,0.21849,0.02147,0.18099,0.10584,0.27705,0.47461,6.27074,2.81453,0.45491,1.31176,0.04295,-33.3251
20260926-133621,20260926-133621-4,1,58754.591,0.5101,0.0979,0.39914,0.62364,-0.07723,0.44421,0.05559,0.06929,0.14338,0.15028,0.01202,0.21416,0.21644,0.02156,0.18174,0.10658,0.27619,0.47843,6.35395,2.76316,0.42432,1.31868,0.04241,-33.32196
20260926-133621,20260926-133621-4,1,58754.653,0.50468,0.10231,0.39456,0.63537,-0.07626,0.44079,0.05853,0.07324,0.13728,0.14213,0.00985,0.24183,0.23981,0.0191,0.18631,0.11069,0.28275,0.48665,6.4998,2.61222,0.23189,1.37643,0.04138,-33.36047
20260926-133621,20260926-133621-4,1,58754.685,0.50359,0.10168,0.3949,0.63416,-0.07687,0.44133,0.0586,0.07249,0.13727,0.14408,0.01005,0.23914,0.2381,0.01935,0.18703,0.11195,0.28621,0.48056,6.60369,2.53929,0.11147,1.40696,0.04241,-33.37949
20260926-133621,20260926-133621-4,1,58754.717,0.50431,0.10086,0.39478,0.63264,-0.07727,0.44067,0.05902,0.07247,0.13692,0.14473,0.01046,0.2334,0.23339,0.01987,0.18836,0.11271,0.28968,0.47643,6.72082,2.41493,0.00936,1.4378,0.03961,-33.39737
20260926-133621,20260926-133621-4,1,58754.75,0.50717,0.09926,0.39542,0.62988,-0.07752,0.44053,0.05878,0.07185,0.13758,0.14604,0.01132,0.22099,0.22311,0.02126,0.18897,0.11137,0.29067,0.47378,6.8473,2.3236,-0.06953,1.4591,0.03858,-33.3992
20260926-133621,20260926-133621-4,1,58754.782,0.51017,0.09851,0.39554,0.6288,-0.07744,0.43942,0.05814,0.07097,0.13938,0.14825,0.0121,0.2101,0.21446,0.02266,0.1908,0.11125,0.2932,0.47295,6.93056,2.27794,-0.12685,1.47902,0.03762,-33.40604
20260926-133621,20260926-133621-4,1,58754.813,0.51105,0.09756,0.39522,0.62835,-0.07689,0.4377,0.05751,0.0699,0.14032,0.15009,0.01227,0.20615,0.21164,0.0233,0.19145,0.11106,0.29613,0.47142,6.97802,2.23988,-0.19786,1.49538,0.03685,-33.40429
20260926-133621,20260926-133621-4,1,58754.861,0.50958,0.0969,0.39514,0.62657,-0.07624,0.43615,0.05693,0.06943,0.14052,0.15062,0.01213,0.20729,0.2126,0.02313,0.19357,0.11132,0.29638,0.47045,7.00821,2.23493,-0.26667,1.51029,0.03915,-33.40956
20260926-133621,20260926-133621-4,1,58754.896,0.50833,0.09584,0.39519,0.6252,-0.07472,0.43629,0.05494,0.06698,0.14481,0.1547,0.01226,0.20538,0.21069,0.02326,0.19277,0.11026,0.2943,0.4663,7.06254,2.21166,-0.30108,1.51799,0.0379,-33.40718
20260926-133621,20260926-133621-4,1,58754.909,0.50838,0.09552,0.39542,0.62476,-0.0746,0.43652,0.05457,0.06651,0.14574,0.1556,0.01239,0.20389,0.20935,0.02341,0.1928,0.10976,0.29386,0.46582,7.08367,2.20828,-0.31128,1.52044,0.03799,-33.4082
20260926-133621,20260926-133621-4,1,58754.924,0.50888,0.09518,0.39543,0.62402,-0.07457,0.43649,0.05427,0.06617,0.14661,0.15639,0.0127,0.2005,0.20633,0.02383,0.19333,0.10957,0.29341,0.46551,7.10722,2.20283,-0.32339,1.5236,0.03788,-33.40606
20260926-133621,20260926-133621-4,1,58754.959,0.50913,0.09475,0.39587,0.62312,-0.07413,0.43689,0.05384,0.06567,0.14763,0.15741,0.01296,0.19781,0.20364,0.02412,0.19297,0.10876,0.29271,0.46483,7.15692,2.21771,-0.34842,1.52729,0.03855,-33.4056
20260926-133621,20260926-133621-4,1,58754.992,0.51166,0.09464,0.39643,0.62157,-0.07455,0.43775,0.05383,0.06604,0.14723,0.15684,0.01388,0.18706,0.19371,0.02579,0.19398,0.10888,0.2899,0.46411,7.18085,2.21968,-0.36506,1.5292,0.03833,-33.40939
20260926-133621,20260926-133621-4,1,58755.056,0.5114,0.09436,0.39648,0.62134,-0.07431,0.43802,0.05296,0.06529,0.14966,0.15826,0.01385,0.18763,0.1939,0.02565,0.19478,0.10814,0.2858,0.46552,7.20126,2.23327,-0.37432,1.52812,0.03811,-33.40327
20260926-133621,20260926-133621-4,1,58755.085,0.51185,0.09444,0.39655,0.621,-0.07452,0.43853,0.05278,0.06516,0.14988,0.15863,0.01414,0.18453,0.19101,0.02616,0.1952,0.10863,0.284,0.46424,7.22132,2.22089,-0.38406,1.52786,0.03703,-33.40211
20260926-133621,20260926-133621-4,1,58755.118,0.51189,0.09437,0.39646,0.62044,-0.07432,0.4385,0.05251,0.06486,0.15051,0.15909,0.01432,0.18271,0.18915,0.0264,0.19538,0.10883,0.28315,0.46343,7.24364,2.23221,-0.38987,1.52647,0.03742,-33.39708
20260926-133621,20260926-133621-4,1,58755.151,0.51187,0.09437,0.39671,0.62034,-0.07417,0.43886,0.05239,0.06478,0.15088,0.15921,0.01431,0.18288,0.18922,0.02636,0.19529,0.1086,0.28184,0.46358,7.26053,2.24402,-0.38973,1.52495,0.03786,-33.3938
20260926-133621,20260926-133621-4,1,58755.181,0.51186,0.0944,0.3969,0.62029,-0.07439,0.43893,0.05224,0.06468,0.15132,0.1595,0.0143,0.18331,0.18955,0.02629,0.19634,0.10856,0.27975,0.46355,7.26162,2.23755,-0.39973,1.52425,0.03684,-33.39304
20260926-133621,20260926-133621-4,1,58755.231,0.51017,0.09447,0.39697,0.61995,-0.07441,0.43993,0.05197,0.0644,0.15153,0.15964,0.01414,0.18496,0.19084,0.02587,0.1953,0.10841,0.27704,0.46231,7.26364,2.23528,-0.40479,1.52083,0.03611,-33.38803
20260926-133621,20260926-133621-4,1,58755.263,0.50867,0.0946,0.39664,0.62003,-0.07433,0.43896,0.0515,0.06384,0.15283,0.16063,0.0138,0.18898,0.19435,0.02513,0.19659,0.10833,0.2768,0.46266,7.25878,2.23905,-0.40803,1.51824,0.03605,-33.38307
20260926-133621,20260926-133621-4,1,58755.273,0.50838,0.09464,0.39654,0.62011,-0.07436,0.43865,0.05146,0.0638,0.15296,0.16071,0.01369,0.19012,0.1954,0.02495,0.19705,0.10836,0.27687,0.4629,7.25726,2.23923,-0.40945,1.51758,0.0359,-33.38181
20260926-133621,20260926-133621-4,1,58755.293,0.50794,0.09472,0.39657,0.62024,-0.07429,0.43844,0.0513,0.06361,0.15334,0.16101,0.0136,0.19104,0.19623,0.02482,0.19718,0.10831,0.27681,0.46261,7.25662,2.23911,-0.41392,1.51584,0.03537,-33.3796
20260926-133621,20260926-133621-4,1,58755.327,0.50698,0.09473,0.39647,0.62056,-0.07409,0.43809,0.05111,0.06339,0.15389,0.16132,0.01328,0.19423,0.19916,0.02438,0.19748,0.10825,0.27617,0.46292,7.25638,2.23783,-0.42,1.51221,0.03458,-33.37307
20260926-133621,20260926-133621-4,1,58755.357,0.50756,0.09465,0.39655,0.62012,-0.07417,0.43822,0.05104,0.06342,0.1541,0.16128,0.01349,0.19186,0.19683,0.02475,0.1976,0.10823,0.27493,0.46265,7.25517,2.23949,-0.42753,1.509,0.0337,-33.36766
20260926-133621,20260926-133621-4,1,58755.389,0.50782,0.09451,0.39692,0.62031,-0.07394,0.43871,0.05088,0.06323,0.15431,0.16146,0.01348,0.19085,0.19611,0.02505,0.19676,0.10809,0.27318,0.46106,7.26277,2.24274,-0.43527,1.50135,0.03299,-33.36029
20260926-133621,20260926-133621-4,1,58755.458,0.50781,0.09471,0.39626,0.62102,-0.07387,0.43854,0.05076,0.06344,0.15382,0.16103,0.01347,0.18842,0.19477,0.0257,0.1973,0.10893,0.26985,0.4594,7.28341,2.26424,-0.46703,1.48173,0.03153,-33.35021
20260926-133621,20260926-133621-4,1,58755.486,0.50664,0.0949,0.396,0.62095,-0.07389,0.43853,0.05081,0.06344,0.15304,0.16082,0.01337,0.18879,0.1953,0.02563,0.19642,0.10955,0.27031,0.45807,7.3013,2.30087,-0.47683,1.47026,0.0333,-33.33824
20260926-133621,20260926-133621-4,1,58755.519,0.50572,0.09522,0.3963,0.62247,-0.07428,0.43854,0.05177,0.06439,0.1515,0.15912,0.01262,0.1984,0.20402,0.02423,0.19704,0.10922,0.27049,0.46127,7.298,2.3379,-0.48036,1.4575,0.03513,-33.32797
20260926-133621,20260926-133621-4,1,58755.551,0.50862,0.09537,0.39752,0.62305,-0.07458,0.44026,0.05205,0.06471,0.15171,0.15925,0.01309,0.19379,0.20003,0.02502,0.19547,0.10877,0.27034,0.46304,7.30313,2.37813,-0.4613,1.44599,0.03719,-33.32996
20260926-133621,20260926-133621-4,1,58755.596,0.5102,0.09557,0.39792,0.62439,-0.07454,0.44004,0.05271,0.06533,0.15111,0.15836,0.01313,0.19359,0.2001,0.02512,0.19493,0.10845,0.27177,0.46572,7.2944,2.40512,-0.45405,1.43122,0.0386,-33.33095
20260926-133621,20260926-133621-4,1,58755.63,0.51014,0.096,0.39921,0.6237,-0.07482,0.44159,0.05239,0.06496,0.15215,0.15894,0.01331,0.19248,0.19872,0.02518,0.19356,0.10801,0.27047,0.46627,7.27399,2.44947,-0.43846,1.41611,0.04122,-33.32554
20260926-133621,20260926-133621-4,1,58755.641,0.51005,0.09611,0.39937,0.62434,-0.0748,0.44166,0.0526,0.06517,0.15197,0.15859,0.01313,0.19475,0.20083,0.02487,0.19358,0.10778,0.27051,0.46738,7.27051,2.45354,-0.43613,1.41252,0.04134,-33.32693
20260926-133621,20260926-133621-4,1,58755.662,0.51003,0.09628,0.39975,0.62407,-0.07486,0.44187,0.05274,0.06538,0.15176,0.15828,0.01314,0.19532,0.20117,0.02471,0.19273,0.10752,0.27061,0.46874,7.24944,2.46684,-0.42726,1.40333,0.04209,-33.32428
20260926-133621,20260926-133621-4,1,58755.694,0.50924,0.09663,0.39987,0.62414,-0.07496,0.44174,0.05332,0.0661,0.15037,0.15694,0.01289,0.19868,0.20418,0.0241,0.19216,0.10731,0.27177,0.47056,7.21646,2.49284,-0.42189,1.39278,0.04336,-33.3239
20260926-133621,20260926-133621-4,1,58755.725,0.50951,0.09673,0.39961,0.62298,-0.07507,0.44157,0.05341,0.06632,0.14988,0.15638,0.01332,0.19375,0.1994,0.02476,0.19154,0.10732,0.27219,0.47063,7.19379,2.50371,-0.40883,1.38262,0.04374,-33.31788
20260926-133621,20260926-133621-4,1,58755.756,0.50819,0.09691,0.39908,0.62265,-0.07511,0.44138,0.05368,0.06678,0.14884,0.15523,0.01307,0.1969,0.20201,0.02423,0.19132,0.10726,0.27225,0.47171,7.18129,2.50979,-0.39981,1.37528,0.04383,-33.31271
20260926-133621,20260926-133621-4,1,58755.79,0.5071,0.09707,0.39892,0.62272,-0.07518,0.44142,0.05404,0.0672,0.14794,0.15443,0.01271,0.20149,0.20611,0.02353,0.19098,0.10719,0.27273,0.47302,7.15956,2.54206,-0.40374,1.36958,0.04551,-33.30782
20260926-133621,20260926-133621-4,1,58755.855,0.50817,0.0971,0.39927,0.6226,-0.07533,0.4424,0.05412,0.06749,0.14792,0.15402,0.01297,0.19901,0.20356,0.02382,0.18909,0.10642,0.27221,0.4751,7.14721,2.56263,-0.39684,1.36118,0.04637,-33.31125
20260926-133621,20260926-133621-4,1,58755.886,0.50782,0.09732,0.39937,0.62276,-0.07548,0.44258,0.05441,0.06794,0.14713,0.15308,0.01285,0.20063,0.20495,0.02354,0.18871,0.10626,0.27256,0.47576,7.1429,2.55713,-0.40254,1.3592,0.04557,-33.3126
20260926-133621,20260926-133621-4,1,58755.918,0.5075,0.09742,0.39928,0.62266,-0.07555,0.44268,0.05462,0.06823,0.14649,0.15239,0.01275,0.20183,0.20595,0.02338,0.18832,0.106,0.27251,0.47674,7.14475,2.55873,-0.39741,1.35615,0.04542,-33.30952
20260926-133621,20260926-133621-4,1,58755.964,0.50749,0.0978,0.39869,0.62314,-0.07584,0.44216,0.05571,0.06965,0.14391,0.14964,0.01254,0.20438,0.20806,0.02311,0.18809,0.10603,0.27472,0.47999,7.14148,2.57526,-0.41045,1.35495,0.04402,-33.30906
20260926-133621,20260926-133621-4,1,58755.997,0.50728,0.09816,0.39744,0.62347,-0.07601,0.44052,0.05645,0.07085,0.14232,0.14761,0.01242,0.20631,0.20954,0.02287,0.19073,0.10637,0.27554,0.48471,7.13732,2.6055,-0.4113,1.35402,0.04111,-33.30633
20260926-133621,20260926-133621-4,1,58756.008,0.5071,0.09837,0.39733,0.62358,-0.07634,0.4405,0.05685,0.07145,0.14134,0.14652,0.01237,0.20711,0.21017,0.02275,0.19109,0.10626,0.27539,0.48629,7.1383,2.60694,-0.41923,1.35371,0.03946,-33.30603
20260926-133621,20260926-133621-4,1,58756.029,0.50713,0.09847,0.39609,0.62361,-0.076,0.4386,0.05632,0.07129,0.14255,0.147,0.01243,0.20662,0.20959,0.0228,0.1951,0.10683,0.27445,0.48917,7.1487,2.62158,-0.42661,1.35285,0.03359,-33.30046
20260926-133621,20260926-133621-4,1,58756.061,0.50636,0.09854,0.396,0.62477,-0.07489,0.43679,0.05496,0.0705,0.14546,0.14868,0.01207,0.21112,0.21341,0.02236,0.19991,0.10542,0.27079,0.49274,7.16031,2.63724,-0.44046,1.35248,0.02174,-33.29103
20260926-133621,20260926-133621-4,1,58756.092,0.50503,0.09838,0.39468,0.62556,-0.07363,0.43542,0.05438,0.07,0.14684,0.14956,0.01172,0.21556,0.2171,0.02193,0.20128,0.10587,0.27164,0.49607,7.17479,2.67483,-0.45532,1.35212,0.01197,-33.28501
20260926-133621,20260926-133621-4,1,58756.125,0.50429,0.0992,0.39515,0.62623,-0.07402,0.43618,0.05528,0.07124,0.14417,0.14695,0.01145,0.21871,0.21983,0.02159,0.19989,0.10544,0.27239,0.49681,7.18208,2.67125,-0.45589,1.35224,0.00396,-33.27744
20260926-133621,20260926-133621-4,1,58756.159,0.50283,0.10004,0.39532,0.62702,-0.07459,0.4368,0.05647,0.0727,0.14095,0.14389,0.01099,0.22501,0.22501,0.02084,0.19802,0.10509,0.27394,0.4982,7.18495,2.66719,-0.4535,1.35252,-0.00165,-33.26936
20260926-133621,20260926-133621-4,1,58756.188,0.50148,0.10115,0.39573,0.62828,-0.07544,0.43754,0.05792,0.07469,0.13725,0.14013,0.01052,0.23168,0.23066,0.02015,0.19692,0.10443,0.27391,0.50028,7.1841,2.66865,-0.45442,1.35359,-0.0046,-33.26847
20260926-133621,20260926-133621-4,1,58756.252,0.50182,0.10224,0.39648,0.62716,-0.07735,0.43937,0.0605,0.07823,0.1308,0.13388,0.01066,0.22879,0.22834,0.02035,0.19428,0.10315,0.27451,0.50193,7.19623,2.67697,-0.47804,1.35882,-0.0112,-33.26262
20260926-133621,20260926-133621-4,1,58756.284,0.50134,0.1019,0.3975,0.62637,-0.07735,0.44015,0.06022,0.07752,0.13066,0.13425,0.01083,0.22493,0.22532,0.02076,0.19299,0.10329,0.27464,0.49681,7.22435,2.6755,-0.48546,1.36003,-0.01632,-33.25637
20260926-133621,20260926-133621-4,1,58756.334,0.5,0.10216,0.39971,0.62854,-0.0768,0.44182,0.06012,0.07861,0.13042,0.13248,0.0102,0.23379,0.2326,0.01991,0.19335,0.09936,0.26776,0.50091,7.22181,2.7033,-0.51863,1.36594,-0.02618,-33.26502
20260926-133621,20260926-133621-4,1,58756.365,0.49864,0.10139,0.40113,0.62698,-0.07646,0.44286,0.05964,0.07735,0.13046,0.13332,0.01037,0.23014,0.2295,0.02017,0.19123,0.09914,0.26862,0.49365,7.28017,2.74281,-0.52835,1.36708,-0.03138,-33.25245
20260926-133621,20260926-133621-4,1,58756.392,0.49682,0.10174,0.40243,0.62803,-0.07659,0.44463,0.05956,0.07762,0.13046,0.13259,0.00999,0.23682,0.2346,0.01941,0.19092,0.09774,0.26305,0.49182,7.28361,2.75466,-0.54329,1.36912,-0.03561,-33.25592
20260926-133621,20260926-133621-4,1,58756.408,0.49651,0.1014,0.40238,0.62779,-0.0764,0.44406,0.05924,0.07697,0.13105,0.13343,0.00997,0.23681,0.23465,0.0194,0.1915,0.09789,0.26449,0.49046,7.2907,2.75625,-0.54722,1.37041,-0.03972,-33.25374
20260926-133621,20260926-133621-4,1,58756.428,0.49634,0.10159,0.40223,0.62795,-0.07645,0.44343,0.05926,0.07715,0.13107,0.13321,0.0099,0.23811,0.23569,0.01928,0.19312,0.09796,0.26442,0.4917,7.29187,2.75586,-0.56118,1.37236,-0.04581,-33.25694
20260926-133621,20260926-133621-4,1,58756.463,0.49657,0.10125,0.40211,0.62729,-0.07644,0.44394,0.05939,0.07696,0.1309,0.13348,0.01002,0.23619,0.23424,0.01946,0.1915,0.09816,0.26628,0.49198,7.30679,2.79186,-0.5592,1.37364,-0.04624,-33.25636
20260926-133621,20260926-133621-4,1,58756.493,0.49677,0.10146,0.40223,0.62725,-0.07666,0.44419,0.05978,0.07744,0.13014,0.13287,0.01008,0.23542,0.23374,0.01953,0.19077,0.09803,0.26722,0.49208,7.30878,2.79449,-0.56605,1.37494,-0.04721,-33.26089
20260926-133621,20260926-133621-4,1,58756.528,0.49671,0.10152,0.40279,0.62714,-0.07688,0.44661,0.06014,0.07774,0.1293,0.13236,0.01012,0.2348,0.23335,0.01958,0.18665,0.0977,0.2668,0.49135,7.31773,2.78552,-0.56597,1.37465,-0.04688,-33.26347
20260926-133621,20260926-133621-4,1,58756.558,0.49652,0.10239,0.40536,0.62704,-0.07789,0.4499,0.06101,0.07866,0.12724,0.13083,0.01015,0.23472,0.23348,0.01954,0.18077,0.09507,0.26796,0.4902,7.30285,2.73329,-0.57133,1.37451,-0.04546,-33.27241
20260926-133621,20260926-133621-4,1,58756.591,0.49616,0.10307,0.40721,0.62719,-0.07838,0.45442,0.06182,0.07936,0.12573,0.12987,0.01019,0.23547,0.23419,0.0194,0.17276,0.09283,0.26631,0.48927,7.29655,2.68275,-0.57325,1.37187,-0.03688,-33.28374
20260926-133621,20260926-133621-4,1,58756.654,0.4956,0.1044,0.40924,0.63002,-0.07913,0.45807,0.06409,0.08207,0.12199,0.12578,0.00974,0.24262,0.23976,0.01874,0.16503,0.08927,0.26735,0.492,7.29645,2.6474,-0.5745,1.3679,-0.01659,-33.31107
20260926-133621,20260926-133621-4,1,58756.701,0.4958,0.10603,0.4098,0.62982,-0.08049,0.4588,0.06617,0.08496,0.11848,0.12233,0.00984,0.24229,0.23956,0.01867,0.16434,0.08929,0.26832,0.49271,7.29502,2.64832,-0.5834,1.36608,-0.00315,-33.32858
20260926-133621,20260926-133621-4,1,58756.732,0.49612,0.10674,0.41057,0.62871,-0.08121,0.45859,0.0669,0.08591,0.11731,0.12092,0.01007,0.23984,0.23709,0.0188,0.16425,0.08868,0.26891,0.49083,7.29932,2.61319,-0.59023,1.36527,0.00222,-33.3325
20260926-133621,20260926-133621-4,1,58756.758,0.49629,0.10686,0.41082,0.62832,-0.08136,0.45814,0.06712,0.08615,0.11697,0.12053,0.01014,0.23908,0.23637,0.01886,0.16433,0.08834,0.27002,0.49033,7.302,2.60654,-0.59535,1.36477,0.0067,-33.33481
20260926-133621,20260926-133621-4,1,58756.775,0.49607,0.10666,0.41141,0.62801,-0.08122,0.45817,0.06686,0.08559,0.11733,0.12097,0.01017,0.23866,0.23587,0.01888,0.16395,0.08781,0.2703,0.48735,7.30986,2.59681,-0.59708,1.36357,0.0095,-33.33317
20260926-133621,20260926-133621-4,1,58756.797,0.49601,0.10647,0.4121,0.6275,-0.08094,0.45839,0.06654,0.08512,0.1178,0.12151,0.0102,0.23872,0.23577,0.01882,0.16273,0.08697,0.27066,0.48479,7.31292,2.58762,-0.60037,1.36217,0.01273,-33.33532
20260926-133621,20260926-133621-4,1,58756.83,0.49553,0.10597,0.41195,0.62672,-0.08048,0.45864,0.06514,0.08292,0.11983,0.12391,0.01032,0.23634,0.23377,0.01901,0.16153,0.08735,0.27014,0.47811,7.33686,2.54029,-0.58974,1.35647,0.01463,-33.32949
20260926-133621,20260926-133621-4,1,58756.864,0.496,0.10577,0.4114,0.62679,-0.08004,0.4576,0.06472,0.0823,0.12101,0.12516,0.01023,0.23852,0.23559,0.01882,0.16184,0.08769,0.27165,0.48023,7.33471,2.53888,-0.59561,1.35315,0.01825,-33.33467
20260926-133621,20260926-133621-4,1,58756.894,0.49574,0.10563,0.41095,0.62618,-0.07979,0.45781,0.06457,0.08196,0.12078,0.12524,0.01032,0.23618,0.23388,0.01905,0.1601,0.08815,0.27165,0.47771,7.35171,2.51324,-0.57963,1.34634,0.01964,-33.33112
20260926-133621,20260926-133621-4,1,58756.926,0.49602,0.1056,0.41082,0.62674,-0.07944,0.45702,0.0643,0.08164,0.1213,0.12577,0.01018,0.23782,0.23543,0.01896,0.16082,0.08835,0.27262,0.47775,7.34435,2.50814,-0.58514,1.34368,0.02076,-33.33133
20260926-133621,20260926-133621-4,1,58756.958,0.49538,0.10557,0.41072,0.62649,-0.07928,0.4571,0.0641,0.08124,0.12151,0.12615,0.01017,0.238,0.23555,0.01889,0.16004,0.08873,0.27336,0.47631,7.34551,2.49544,-0.57278,1.33978,0.02192,-33.3279
20260926-133621,20260926-133621-4,1,58756.988,0.49536,0.10567,0.41112,0.62719,-0.07898,0.45659,0.06391,0.08107,0.12203,0.12646,0.00993,0.24169,0.23855,0.0186,0.16046,0.08852,0.2731,0.47774,7.31816,2.50117,-0.5646,1.3361,0.02257,-33.32488
20260926-133621,20260926-133621-4,1,58757.07,0.49266,0.10588,0.41137,0.62915,-0.07865,0.45563,0.06419,0.08131,0.12163,0.1257,0.00916,0.25489,0.24878,0.01739,0.16141,0.08826,0.27315,0.48122,7.2399,2.55545,-0.54298,1.32672,0.02315,-33.31457
20260926-133621,20260926-133621-4,1,58757.091,0.49229,0.10598,0.41149,0.62972,-0.07859,0.45551,0.06437,0.0816,0.12133,0.12527,0.009,0.2578,0.25113,0.01715,0.16166,0.08811,0.27315,0.48269,7.22003,2.5745,-0.54008,1.32482,0.02355,-33.31395
20260926-133621,20260926-133621-4,1,58757.108,0.49223,0.10587,0.41157,0.62981,-0.07844,0.45538,0.06455,0.08192,0.12108,0.12487,0.00898,0.2583,0.25149,0.0171,0.16195,0.08782,0.27315,0.48382,7.21779,2.58015,-0.53866,1.32344,0.02217,-33.31367
20260926-133621,20260926-133621-4,1,58757.132,0.49165,0.10556,0.41054,0.62991,-0.07813,0.45492,0.06449,0.08178,0.12127,0.12491,0.00891,0.25954,0.25233,0.01702,0.16284,0.08884,0.27262,0.4856,7.21833,2.57836,-0.53328,1.32158,0.01845,-33.30926
20260926-133621,20260926-133621-4,1,58757.165,0.49129,0.10521,0.40849,0.62969,-0.07772,0.4521,0.06347,0.0807,0.12313,0.1264,0.00893,0.259,0.25166,0.01703,0.16801,0.09069,0.27286,0.48779,7.22146,2.58294,-0.53668,1.31993,0.01175,-33.29955
20260926-133621,20260926-133621-4,1,58757.198,0.49026,0.10435,0.40674,0.62957,-0.07693,0.45144,0.06179,0.07857,0.12627,0.12936,0.00892,0.2595,0.25184,0.01695,0.17084,0.09306,0.26937,0.48538,7.22352,2.58149,-0.53366,1.31793,0.00493,-33.28934
20260926-133621,20260926-133621-4,1,58757.228,0.49013,0.10411,0.40578,0.62927,-0.07673,0.44995,0.06102,0.07783,0.12768,0.13046,0.00896,0.25878,0.25112,0.01699,0.17504,0.09458,0.26746,0.48538,7.22785,2.58041,-0.54557,1.31729,-0.00197,-33.28318
20260926-133621,20260926-133621-4,1,58757.265,0.4884,0.10312,0.40563,0.6291,-0.07635,0.45128,0.05983,0.07589,0.12966,0.13294,0.00891,0.25929,0.25153,0.01691,0.17529,0.09694,0.26264,0.47705,7.26291,2.5269,-0.53977,1.31369,-0.013,-33.2771
20260926-133621,20260926-133621-4,1,58757.293,0.48819,0.10289,0.4056,0.63007,-0.07572,0.45225,0.05929,0.07556,0.13075,0.13358,0.00874,0.26186,0.25374,0.01679,0.1758,0.09724,0.25772,0.47613,7.2618,2.53699,-0.5408,1.31394,-0.01714,-33.27763
20260926-133621,20260926-133621-4,1,58757.325,0.48807,0.10282,0.4058,0.6299,-0.07559,0.45306,0.05897,0.07515,0.13103,0.13395,0.0088,0.26024,0.25238,0.0169,0.17573,0.0981,0.2555,0.47321,7.26207,2.5276,-0.53486,1.31386,-0.02488,-33.27406
20260926-133621,20260926-133621-4,1,58757.357,0.48806,0.10181,0.40617,0.63036,-0.07466,0.45426,0.05794,0.0739,0.13329,0.13607,0.00872,0.2613,0.25343,0.0169,0.17481,0.09768,0.25165,0.47166,7.26484,2.53498,-0.52957,1.31371,-0.02866,-33.2722
20260926-133621,20260926-133621-4,1,58757.406,0.48819,0.10124,0.40459,0.62951,-0.07422,0.45142,0.05679,0.07221,0.13559,0.13864,0.00887,0.25707,0.24999,0.01724,0.17887,0.10025,0.2538,0.47009,7.27885,2.51199,-0.54675,1.31344,-0.03908,-33.26965
20260926-133621,20260926-133621-4,1,58757.438,0.48767,0.10054,0.40571,0.62977,-0.07384,0.45309,0.05625,0.07138,0.13691,0.13986,0.00883,0.25758,0.2505,0.01724,0.17795,0.09956,0.2499,0.46626,7.29328,2.48952,-0.53348,1.31249,-0.04498,-33.26896
20260926-133621,20260926-133621-4,1,58757.47,0.48705,0.09943,0.40753,0.63024,-0.07251,0.45493,0.05484,0.06946,0.14006,0.14297,0.00872,0.25876,0.25168,0.0172,0.17556,0.09743,0.24738,0.46135,7.31585,2.4334,-0.53947,1.31113,-0.05396,-33.27491
20260926-133621,20260926-133621-4,1,58757.502,0.48692,0.09818,0.40845,0.63042,-0.07188,0.45521,0.0542,0.06821,0.14161,0.14504,0.00864,0.25933,0.25234,0.01721,0.17459,0.09668,0.24758,0.45675,7.3143,2.42419,-0.52901,1.30905,-0.06039,-33.27135
20260926-133621,20260926-133621-4,1,58757.532,0.48758,0.09857,0.40747,0.6307,-0.07217,0.45324,0.05469,0.06927,0.14072,0.14356,0.00858,0.26026,0.25312,0.01721,0.17618,0.09615,0.25079,0.46436,7.30675,2.41919,-0.53449,1.30794,-0.06702,-33.2695
20260926-133621,20260926-133621-4,1,58757.567,0.48808,0.09823,0.40557,0.6307,-0.07197,0.45083,0.05484,0.06913,0.1405,0.14426,0.00852,0.26091,0.25394,0.0172,0.17735,0.09758,0.25675,0.46969,7.27699,2.50103,-0.52788,1.30683,-0.06805,-33.25597
20260926-133621,20260926-133621-4,1,58757.598,0.48829,0.09881,0.40448,0.63091,-0.07248,0.44861,0.05604,0.071,0.13801,0.14153,0.00847,0.26236,0.25521,0.0171,0.17878,0.09744,0.26156,0.47745,7.25268,2.55065,-0.5322,1.30758,-0.07087,-33.24957
20260926-133621,20260926-133621-4,1,58757.631,0.48807,0.09868,0.40326,0.63093,-0.07264,0.44795,0.05656,0.0714,0.1371,0.14102,0.0084,0.26421,0.25669,0.01694,0.1781,0.09806,0.26486,0.4824,7.23157,2.59967,-0.52279,1.30744,-0.07195,-33.24029
20260926-133621,20260926-133621-4,1,58757.662,0.4888,0.09934,0.403,0.63141,-0.07291,0.44677,0.05771,0.07311,0.13471,0.13843,0.00836,0.26524,0.25764,0.01688,0.17826,0.09736,0.26869,0.48733,7.21017,2.63266,-0.52587,1.30915,-0.07491,-33.24104
20260926-133621,20260926-133621-4,1,58757.693,0.48928,0.10025,0.40272,0.6314,-0.07368,0.44712,0.05983,0.07566,0.13039,0.13453,0.00838,0.26541,0.2579,0.01684,0.17603,0.097,0.27263,0.49152,7.18109,2.69853,-0.51475,1.30993,-0.07619,-33.23923
20260926-133621,20260926-133621-4,1,58757.726,0.49,0.1016,0.40247,0.6314,-0.0749,0.44653,0.06206,0.07874,0.12606,0.13022,0.00841,0.26522,0.25786,0.0168,0.17575,0.09657,0.27647,0.49659,7.15874,2.72657,-0.50813,1.31148,-0.08006,-33.24736
20260926-133621,20260926-133621-4,1,58757.774,0.49073,0.10334,0.40151,0.631,-0.07685,0.44665,0.06494,0.08274,0.12084,0.12494,0.00857,0.26307,0.25615,0.0169,0.1757,0.09716,0.27845,0.50267,7.14751,2.73765,-0.49972,1.31201,-0.08658,-33.252
20260926-133621,20260926-133621-4,1,58757.804,0.49119,0.10427,0.40169,0.63115,-0.07775,0.44672,0.06658,0.08509,0.11795,0.12192,0.00859,0.26278,0.25603,0.01693,0.17587,0.09673,0.27954,0.50496,7.13698,2.74877,-0.49252,1.31194,-0.09013,-33.25368
20260926-133621,20260926-133621-4,1,58757.841,0.49189,0.10495,0.40211,0.63113,-0.0785,0.44695,0.06773,0.08665,0.11598,0.12007,0.00866,0.26133,0.25505,0.01705,0.17564,0.09656,0.28065,0.50592,7.12195,2.75747,-0.48704,1.31174,-0.09291,-33.25516
20260926-133621,20260926-133621-4,1,58757.871,0.49152,0.10527,0.40266,0.6313,-0.07875,0.44749,0.06801,0.08686,0.1155,0.11967,0.00863,0.26201,0.2556,0.01697,0.17466,0.09634,0.28076,0.50611,7.11139,2.7731,-0.47588,1.31102,-0.09415,-33.25641
20260926-133621,20260926-133621-4,1,58757.903,0.49274,0.1054,0.40293,0.63108,-0.07892,0.44776,0.06846,0.08758,0.11486,0.11899,0.00877,0.25924,0.2535,0.01723,0.17423,0.09591,0.28142,0.50769,7.10228,2.79786,-0.47303,1.31052,-0.09405,-33.25704
20260926-133621,20260926-133621-4,1,58757.937,0.49283,0.10573,0.40285,0.63131,-0.07916,0.44797,0.06858,0.0878,0.11464,0.11866,0.00879,0.25889,0.25315,0.01727,0.17405,0.09589,0.28122,0.50889,7.10169,2.8069,-0.46891,1.30938,-0.09592,-33.25533
20260926-133621,20260926-133621-4,1,58757.964,0.49326,0.10559,0.4029,0.63075,-0.07922,0.4484,0.06845,0.08764,0.1147,0.11869,0.00893,0.25577,0.25057,0.01751,0.17348,0.09568,0.28077,0.50809,7.10329,2.80236,-0.47279,1.30756,-0.09708,-33.2543
20260926-133621,20260926-133621-4,1,58757.999,0.49338,0.10492,0.40274,0.63056,-0.07915,0.44827,0.06778,0.0865,0.11565,0.11991,0.00896,0.25435,0.24948,0.01766,0.1732,0.09582,0.28063,0.50635,7.09796,2.81322,-0.4658,1.30418,-0.09767,-33.24897
20260926-133621,20260926-133621-4,1,58758.029,0.49399,0.10496,0.40313,0.63047,-0.07932,0.44806,0.06754,0.08626,0.11605,0.12028,0.009,0.25343,0.2488,0.01778,0.1739,0.09568,0.28038,0.50621,7.07739,2.83239,-0.46915,1.3005,-0.09885,-33.24471
20260926-133621,20260926-133621-4,1,58758.063,0.4928,0.10488,0.40309,0.6316,-0.07913,0.44862,0.06678,0.085,0.11735,0.12176,0.00867,0.25938,0.25372,0.01734,0.17291,0.0961,0.27889,0.50607,7.05307,2.89871,-0.45445,1.2913,-0.09759,-33.22898
20260926-133621,20260926-133621-4,1,58758.094,0.49224,0.10474,0.40287,0.63111,-0.07881,0.44843,0.06609,0.08433,0.11863,0.12287,0.00867,0.26043,0.25454,0.0172,0.17371,0.09614,0.27773,0.50783,7.04667,2.91699,-0.47296,1.28266,-0.09939,-33.22333
20260926-133621,20260926-133621-4,1,58758.141,0.48899,0.10457,0.40262,0.63417,-0.07829,0.44915,0.0655,0.08281,0.11976,0.12445,0.00799,0.2737,0.2653,0.01624,0.17134,0.09693,0.2775,0.50706,7.04128,2.94794,-0.43573,1.26514,-0.10257,-33.21394
20260926-133621,20260926-133621-4,1,58758.175,0.49006,0.10474,0.4009,0.63474,-0.07864,0.44683,0.06609,0.08363,0.11924,0.12393,0.008,0.27364,0.26557,0.0163,0.17522,0.09835,0.28009,0.51122,7.04008,2.95864,-0.44333,1.25757,-0.10585,-33.22384
20260926-133621,20260926-133621-4,1,58758.204,0.49107,0.10518,0.40076,0.63603,-0.07894,0.44699,0.06666,0.08419,0.11796,0.12287,0.00802,0.27077,0.26374,0.01663,0.17412,0.09887,0.28036,0.50984,7.04807,2.95928,-0.4162,1.24789,-0.10969,-33.22893
20260926-133621,20260926-133621-5,0,58761.406,0.69908,0.13432,0.622,0.45018,-0.15433,0.52742,0.07597,0.09109,0.1098,0.0978,0.26512,0.01546,0.02278,0.2761,0.06482,0.0237,0.08263,0.09955,-18.25114,-4.02109,6.95476,-2.46824,0.38255,-31.70867
20260926-133621,20260926-133621-5,0,58761.454,0.69053,0.12113,0.64484,0.43744,-0.14784,0.53934,0.06201,0.06868,0.13096,0.12579,0.2481,0.01733,0.02275,0.25794,0.04773,0.01886,0.07,0.07063,-18.65535,-4.43124,6.74107,-2.50426,0.43704,-31.65316
20260926-133621,20260926-133621-5,0,58761.486,0.69536,0.11577,0.62972,0.43382,-0.14303,0.52277,0.05447,0.05825,0.14243,0.13951,0.24962,0.01541,0.02377,0.26421,0.05736,0.02174,0.07985,0.07009,-18.90654,-4.59991,6.867,-2.52806,0.45687,-31.67097
20260926-133621,20260926-133621-5,0,58761.517,0.68711,0.11247,0.63035,0.44081,-0.13946,0.52344,0.05291,0.05618,0.14224,0.14,0.20418,0.01823,0.02938,0.22672,0.05093,0.01859,0.07724,0.06709,-18.94374,-4.59628,6.9266,-2.52746,0.45466,-31.67482
20260926-133621,20260926-133621-5,0,58761.548,0.67684,0.11807,0.6219,0.44485,-0.14537,0.52096,0.05959,0.06161,0.12272,0.12655,0.15295,0.02329,0.03753,0.19101,0.0516,0.02224,0.07855,0.07309,-19.01612,-4.57204,7.14796,-2.50495,0.45985,-31.70462
20260926-133621,20260926-133621-5,0,58761.58,0.68227,0.12484,0.60902,0.44924,-0.15062,0.51973,0.06966,0.07117,0.10475,0.11277,0.15274,0.02161,0.0388,0.20504,0.04991,0.0258,0.08587,0.08072,-18.94013,-4.71829,7.22399,-2.49248,0.44597,-31.76434
20260926-133621,20260926-133621-5,0,58761.612,0.64943,0.14,0.61619,0.45645,-0.16305,0.52115,0.08176,0.08618,0.08365,0.09165,0.08748,0.0417,0.05879,0.11742,0.04784,0.02695,0.07745,0.08821,-18.86617,-4.67026,7.14636,-2.47812,0.44568,-31.78986
20260926-133621,20260926-133621-5,0,58761.644,0.62157,0.14618,0.62585,0.45529,-0.16806,0.52156,0.07825,0.08557,0.08298,0.09086,0.05624,0.06918,0.07826,0.07177,0.04749,0.02474,0.07178,0.08428,-18.7736,-4.71707,7.07817,-2.46873,0.43979,-31.84116
20260926-133621,20260926-133621-5,0,58761.677,0.61477,0.14583,0.61631,0.46068,-0.16521,0.51619,0.0749,0.08321,0.08217,0.09273,0.03917,0.08706,0.10009,0.05778,0.0483,0.02569,0.07454,0.09027,-18.50109,-4.83894,6.97302,-2.44926,0.43402,-31.94368
20260926-133621,20260926-133621-5,0,58761.712,0.61322,0.15216,0.61676,0.47185,-0.16562,0.51617,0.08567,0.09675,0.0687,0.08042,0.03003,0.10364,0.12266,0.04981,0.04443,0.02464,0.07838,0.09296,-18.07777,-4.8784,6.82744,-2.42315,0.43531,-32.15779
20260926-133621,20260926-133621-5,0,58761.742,0.62821,0.15329,0.61573,0.47408,-0.16745,0.51989,0.09137,0.10271,0.06265,0.07501,0.03246,0.08808,0.11731,0.05905,0.04159,0.02333,0.07701,0.09017,-17.96113,-4.94044,6.76774,-2.36923,0.43684,-32.28018
20260926-133621,20260926-133621-5,0,58761.774,0.64389,0.15374,0.61104,0.46671,-0.17097,0.51956,0.10077,0.11408,0.0564,0.06783,0.04593,0.06267,0.09266,0.07983,0.04198,0.0225,0.07894,0.0904,-17.76581,-4.99957,6.7322,-2.31995,0.43978,-32.35486
20260926-133621,20260926-133621-5,0,58761.822,0.65376,0.15711,0.61166,0.45939,-0.17619,0.52089,0.10947,0.12238,0.05193,0.06297,0.06092,0.0482,0.07543,0.0995,0.04074,0.02207,0.07973,0.08764,-17.68515,-5.16444,6.71233,-2.27097,0.45524,-32.40704
20260926-133621,20260926-133621-5,0,58761.853,0.65063,0.15713,0.62269,0.46609,-0.17535,0.52956,0.11525,0.12893,0.05032,0.06024,0.05477,0.05421,0.0816,0.09049,0.03424,0.0175,0.07452,0.07876,-17.61696,-5.21915,6.60129,-2.24445,0.48845,-32.48028
20260926-133621,20260926-133621-5,0,58761.885,0.65266,0.15767,0.63012,0.46623,-0.17631,0.53505,0.12338,0.13787,0.04747,0.0556,0.05734,0.05204,0.07939,0.09301,0.03024,0.01478,0.07002,0.07494,-17.63376,-5.21731,6.50999,-2.22018,0.52399,-32.50586
20260926-133621,20260926-133621-5,0,58761.919,0.65842,0.15733,0.6279,0.46777,-0.17609,0.53163,0.12465,0.13853,0.04685,0.05471,0.0592,0.0486,0.07865,0.1003,0.03128,0.01524,0.07134,0.07744,-17.72503,-5.17809,6.49783,-2.18644,0.54016,-32.54411
20260926-133621,20260926-133621-5,0,58761.95,0.6592,0.15689,0.63156,0.46861,-0.17492,0.53128,0.12267,0.13688,0.04756,0.05469,0.05808,0.04919,0.07949,0.09984,0.0307,0.0144,0.06894,0.07515,-17.77501,-5.17916,6.4361,-2.15734,0.5437,-32.55031
20260926-133621,20260926-133621-5,0,58761.982,0.65958,0.15688,0.63667,0.46928,-0.17425,0.53247,0.12102,0.13598,0.0483,0.05533,0.05865,0.04967,0.07934,0.09894,0.03004,0.01388,0.06709,0.07138,-17.86731,-5.15834,6.34304,-2.12836,0.55411,-32.56633
20260926-133621,20260926-133621-5,0,58762.012,0.65968,0.15584,0.6376,0.47211,-0.17306,0.53299,0.12067,0.13547,0.04886,0.05627,0.05894,0.04999,0.07965,0.09848,0.02952,0.01404,0.06762,0.07182,-17.87705,-5.15632,6.22743,-2.09643,0.56073,-32.56136
20260926-133621,20260926-133621-5,0,58762.046,0.65939,0.1549,0.63851,0.47308,-0.1721,0.53432,0.11834,0.1329,0.05003,0.05827,0.05838,0.05063,0.08055,0.098,0.02891,0.01434,0.0655,0.0708,-17.87682,-5.17578,6.15265,-2.05897,0.5661,-32.56561
20260926-133621,20260926-133621-5,0,58762.078,0.66151,0.15343,0.63542,0.46867,-0.1726,0.53191,0.11504,0.12786,0.05178,0.06043,0.06691,0.04555,0.07191,0.10577,0.02979,0.01514,0.0671,0.07092,-17.80376,-5.28746,6.13281,-2.01585,0.56707,-32.55353
20260926-133621,20260926-133621-5,0,58762.108,0.6608,0.15229,0.62732,0.45765,-0.17369,0.52442,0.10824,0.12034,0.05518,0.06386,0.07873,0.0399,0.0618,0.11443,0.03407,0.01683,0.07027,0.07414,-17.62016,-5.57047,6.24031,-1.96686,0.5613,-32.55502
20260926-133621,20260926-133621-5,0,58762.143,0.66032,0.15143,0.62086,0.46908,-0.17132,0.52026,0.10233,0.11301,0.05971,0.0692,0.07105,0.04399,0.06771,0.10985,0.03606,0.01841,0.07562,0.07879,-17.4049,-5.83384,6.26788,-1.90736,0.56553,-32.62579
20260926-133621,20260926-133621-5,0,58762.193,0.66067,0.14945,0.62194,0.46708,-0.17153,0.51894,0.10194,0.11284,0.06141,0.07032,0.08045,0.04164,0.06104,0.11258,0.03741,0.0184,0.08273,0.07645,-16.90772,-5.9472,6.18668,-1.85317,0.59038,-32.65575
20260926-133621,20260926-133621-5,0,58762.208,0.66669,0.1502,0.62251,0.45781,-0.17317,0.5181,0.10094,0.11299,0.06194,0.06973,0.10475,0.03282,0.04916,0.13293,0.03866,0.01824,0.08269,0.07509,-16.83068,-5.98313,6.22015,-1.8375,0.59483,-32.66066
20260926-133621,20260926-133621-5,0,58762.254,0.67148,0.14877,0.6117,0.46082,-0.17299,0.51589,0.09895,0.11001,0.0627,0.07148,0.11062,0.02955,0.04782,0.14769,0.04177,0.02005,0.0872,0.07873,-16.42271,-6.03438,6.15016,-1.77054,0.62711,-32.70042
20260926-133621,20260926-133621-5,0,58762.285,0.67114,0.14728,0.61109,0.4487,-0.17278,0.51039,0.09237,0.1056,0.06804,0.07425,0.13452,0.02549,0.04022,0.1608,0.04522,0.01942,0.08474,0.08195,-16.19962,-6.12909,6.16818,-1.74774,0.6339,-32.67382
20260926-133621,20260926-133621-5,0,58762.32,0.67376,0.14517,0.60908,0.4389,-0.17206,0.50765,0.09098,0.10572,0.0696,0.0732,0.17054,0.02078,0.03216,0.18209,0.04519,0.01859,0.08496,0.08533,-15.92343,-6.03034,6.10879,-1.73758,0.65186,-32.66861
20260926-133621,20260926-133621-5,0,58762.35,0.67478,0.14378,0.60672,0.43673,-0.17107,0.50616,0.09033,0.10595,0.07045,0.07275,0.18382,0.01924,0.02967,0.19514,0.04564,0.01802,0.08594,0.08694,-15.7205,-5.99752,6.10556,-1.73046,0.66615,-32.67823
20260926-133621,20260926-133621-5,0,58762.381,0.67676,0.1446,0.60659,0.4325,-0.17173,0.50606,0.09237,0.1086,0.06866,0.0704,0.19957,0.01751,0.02703,0.21053,0.04545,0.0179,0.08634,0.08757,-15.53555,-6.00875,6.13034,-1.73075,0.67015,-32.688
20260926-133621,20260926-133621-5,0,58762.413,0.67969,0.14358,0.60228,0.43001,-0.1716,0.50482,0.09281,0.10816,0.06852,0.07043,0.2197,0.01557,0.0244,0.23047,0.04585,0.01863,0.09096,0.0901,-15.39778,-6.01418,6.15026,-1.73172,0.67279,-32.70255
20260926-133621,20260926-133621-5,0,58762.443,0.68042,0.14336,0.60358,0.42924,-0.17218,0.50558,0.09458,0.10956,0.06704,0.06924,0.22638,0.01501,0.02369,0.23709,0.04472,0.01808,0.09308,0.0878,-15.28299,-6.01905,6.18114,-1.73516,0.67455,-32.72567
20260926-133621,20260926-133621-5,0,58762.478,0.67769,0.14412,0.60594,0.43121,-0.17288,0.50728,0.09612,0.11149,0.06555,0.06778,0.21441,0.016,0.02506,0.22576,0.04314,0.01751,0.09219,0.08566,-15.20583,-6.01098,6.2145,-1.74096,0.67757,-32.75117
20260926-133621,20260926-133621-5,0,58762.526,0.67636,0.14566,0.6084,0.43313,-0.17431,0.50961,0.09844,0.11496,0.06348,0.06582,0.20607,0.0168,0.02606,0.2178,0.04196,0.01734,0.09241,0.08404,-15.09753,-5.96961,6.24993,-1.74992,0.6838,-32.7725
20260926-133621,20260926-133621-5,0,58762.558,0.67625,0.14623,0.60938,0.43394,-0.17524,0.51068,0.09984,0.11669,0.06239,0.06498,0.20405,0.01701,0.02641,0.21572,0.04153,0.01729,0.09261,0.0829,-15.0625,-5.94302,6.26558,-1.75608,0.68756,-32.78082
20260926-133621,20260926-133621-5,0,58762.578,0.67628,0.14656,0.60969,0.43433,-0.17596,0.51115,0.10042,0.11714,0.06185,0.06473,0.20399,0.01702,0.02644,0.21553,0.0414,0.01745,0.09363,0.0821,-15.02701,-5.9361,6.26938,-1.75971,0.68911,-32.78539
20260926-133621,20260926-133621-5,0,58762.592,0.67623,0.14666,0.60948,0.4347,-0.17611,0.51072,0.10051,0.11723,0.06173,0.06469,0.20253,0.01713,0.0267,0.21411,0.04154,0.01751,0.09435,0.08229,-15.03004,-5.92805,6.27853,-1.7613,0.69119,-32.78705
20260926-133621,20260926-133621-5,0,58762.655,0.67754,0.14556,0.60717,0.43449,-0.17521,0.5094,0.09821,0.11437,0.06334,0.06637,0.2082,0.01655,0.02614,0.21927,0.0424,0.01787,0.09596,0.08326,-15.02522,-5.90957,6.30437,-1.76907,0.70343,-32.80405
20260926-133621,20260926-133621-5,0,58762.687,0.67741,0.14564,0.60824,0.4338,-0.17593,0.51086,0.09841,0.11431,0.06315,0.06638,0.21015,0.01639,0.02582,0.22121,0.04168,0.01747,0.09525,0.08212,-15.01469,-5.92089,6.31604,-1.77303,0.71073,-32.81114
20260926-133621,20260926-133621-5,0,58762.718,0.67878,0.14525,0.60844,0.43068,-0.1763,0.51174,0.09683,0.11221,0.06397,0.06745,0.21932,0.01558,0.02455,0.23065,0.0413,0.01736,0.09367,0.08181,-15.0094,-5.93154,6.35087,-1.77683,0.71853,-32.81943
20260926-133621,20260926-133621-5,0,58762.749,0.68081,0.14486,0.60795,0.42692,-0.17622,0.51076,0.09563,0.1104,0.06475,0.06834,0.23315,0.0145,0.02266,0.24406,0.04171,0.0176,0.09557,0.08078,-15.00912,-5.91068,6.37131,-1.78103,0.72822,-32.83793
20260926-133621,20260926-133621-5,0,58762.782,0.68101,0.14502,0.60708,0.42622,-0.17696,0.50903,0.09607,0.1107,0.06424,0.06814,0.23609,0.0143,0.02226,0.24675,0.04264,0.01789,0.0994,0.08041,-15.00236,-5.87762,6.38478,-1.7841,0.73542,-32.84827
20260926-133621,20260926-133621-5,0,58762.812,0.68085,0.14537,0.60705,0.4261,-0.17773,0.50834,0.09682,0.11131,0.06355,0.06772,0.23678,0.01428,0.02211,0.24733,0.04298,0.01815,0.10078,0.08007,-14.98803,-5.84303,6.39196,-1.78754,0.74072,-32.85989
20260926-133621,20260926-133621-5,0,58762.847,0.68075,0.14543,0.607,0.42631,-0.1779,0.50812,0.09693,0.11139,0.06349,0.06777,0.23637,0.01433,0.02208,0.24688,0.04305,0.01828,0.10174,0.07981,-14.94514,-5.81104,6.39759,-1.79218,0.7439,-32.86447
20260926-133621,20260926-133621-5,0,58762.898,0.68084,0.14571,0.60724,0.42728,-0.17832,0.50796,0.09781,0.11216,0.06286,0.06736,0.23531,0.01441,0.02225,0.24577,0.04303,0.01844,0.10252,0.07927,-14.8847,-5.74858,6.38526,-1.79777,0.74774,-32.87051
20260926-133621,20260926-133621-5,0,58762.929,0.67866,0.14695,0.60945,0.4303,-0.17865,0.50978,0.09972,0.11461,0.06156,0.06603,0.2225,0.01544,0.02385,0.23334,0.04216,0.01819,0.10163,0.07813,-14.86401,-5.72051,6.37839,-1.79966,0.74947,-32.87032
20260926-133621,20260926-133621-5,0,58762.942,0.6787,0.147,0.60965,0.43042,-0.17873,0.51005,0.0998,0.11469,0.06148,0.06596,0.22226,0.01546,0.0239,0.23314,0.04205,0.01817,0.10152,0.07795,-14.85722,-5.71743,6.3791,-1.80017,0.74954,-32.8708
20260926-133621,20260926-133621-5,0,58762.958,0.67782,0.14755,0.61168,0.4324,-0.17917,0.51156,0.10115,0.11649,0.06046,0.06494,0.214,0.0161,0.02505,0.22508,0.04133,0.01774,0.1005,0.07658,-14.84061,-5.68999,6.37571,-1.80129,0.75173,-32.86921
20260926-133621,20260926-133621-5,0,58762.992,0.67714,0.14761,0.61235,0.43453,-0.17954,0.51213,0.10159,0.11704,0.05997,0.06461,0.2066,0.01668,0.02627,0.21793,0.04114,0.01772,0.10005,0.07619,-14.8192,-5.67612,6.38019,-1.80171,0.75385,-32.86975
20260926-133621,20260926-133621-5,0,58763.055,0.66755,0.15124,0.61902,0.44192,-0.18201,0.51714,0.10456,0.12093,0.05711,0.06223,0.16177,0.02184,0.03323,0.17996,0.03987,0.01717,0.09546,0.07345,-14.82386,-5.6788,6.38649,-1.79716,0.75682,-32.87535
20260926-133621,20260926-133621-5,0,58763.086,0.67061,0.15128,0.61841,0.44193,-0.18203,0.51704,0.10525,0.12112,0.05681,0.06232,0.16679,0.02088,0.03245,0.18711,0.04035,0.01772,0.09754,0.07292,-14.81212,-5.66877,6.36932,-1.7942,0.76034,-32.88892
20260926-133621,20260926-133621-5,0,58763.118,0.66997,0.15212,0.62002,0.44512,-0.18217,0.51795,0.10526,0.11995,0.05651,0.06286,0.15482,0.0222,0.0349,0.18118,0.0401,0.01808,0.09815,0.07148,-14.81422,-5.65933,6.33552,-1.78739,0.76305,-32.90165
20260926-133621,20260926-133621-5,0,58763.148,0.67164,0.15248,0.62002,0.44547,-0.18198,0.51782,0.10531,0.11962,0.05626,0.06289,0.15618,0.02174,0.03469,0.18441,0.04007,0.01836,0.09912,0.07121,-14.82073,-5.66353,6.30349,-1.77596,0.76276,-32.91233
20260926-133621,20260926-133621-5,0,58763.18,0.66608,0.15254,0.62104,0.45208,-0.18074,0.51818,0.10366,0.11784,0.05658,0.06348,0.13474,0.02518,0.03926,0.16559,0.03941,0.0182,0.09858,0.07163,-14.78525,-5.65195,6.28509,-1.76049,0.76372,-32.91539
20260926-133621,20260926-133621-5,0,58763.213,0.66363,0.15238,0.62148,0.45711,-0.17992,0.51934,0.10329,0.11711,0.05642,0.06359,0.12634,0.02684,0.04143,0.15785,0.03818,0.01811,0.09698,0.07152,-14.69971,-5.60815,6.26001,-1.7422,0.76505,-32.91123
20260926-133621,20260926-133621-5,0,58763.262,0.66484,0.15245,0.62071,0.45983,-0.18006,0.52154,0.10648,0.12107,0.05427,0.06123,0.12447,0.02675,0.04193,0.15883,0.0363,0.01776,0.09253,0.07331,-14.64925,-5.57579,6.24855,-1.72094,0.76284,-32.91325
20260926-133621,20260926-133621-5,0,58763.294,0.66586,0.15229,0.619,0.46127,-0.18002,0.52296,0.10755,0.12262,0.05347,0.06017,0.12271,0.02666,0.0424,0.15917,0.03518,0.01765,0.08887,0.07578,-14.6266,-5.56176,6.22021,-1.70706,0.75793,-32.8985
20260926-133621,20260926-133621-5,0,58763.309,0.66646,0.15202,0.61826,0.46093,-0.17997,0.52407,0.1076,0.12278,0.05342,0.06001,0.12396,0.02631,0.04203,0.1606,0.03452,0.01757,0.08693,0.07672,-14.61203,-5.56232,6.21382,-1.7028,0.75523,-32.89299
20260926-133621,20260926-133621-5,0,58763.326,0.66713,0.15135,0.61776,0.46013,-0.17957,0.5258,0.10613,0.12145,0.0541,0.0606,0.12674,0.02566,0.04126,0.16337,0.03349,0.01735,0.08364,0.07769,-14.59343,-5.5642,6.207,-1.69597,0.74996,-32.88344
20260926-133621,20260926-133621-5,0,58763.359,0.66803,0.14975,0.61614,0.45795,-0.17868,0.52681,0.10445,0.11957,0.05507,0.06149,0.13376,0.02424,0.03946,0.16955,0.0326,0.017,0.08081,0.07904,-14.54691,-5.56065,6.19598,-1.6839,0.74049,-32.87737
20260926-133621,20260926-133621-5,0,58763.39,0.66877,0.14887,0.61516,0.45559,-0.1785,0.52761,0.1046,0.12007,0.05504,0.0612,0.13997,0.02319,0.03796,0.1743,0.03219,0.01677,0.07927,0.08003,-14.51672,-5.53034,6.16255,-1.67258,0.73264,-32.88053
20260926-133621,20260926-133621-5,0,58763.455,0.66864,0.14883,0.61649,0.45601,-0.1792,0.53086,0.10842,0.12406,0.05312,0.05927,0.13799,0.02371,0.03844,0.17078,0.03059,0.01645,0.07655,0.07721,-14.48108,-5.45139,6.10423,-1.65588,0.7227,-32.91679
20260926-133621,20260926-133621-5,0,58763.486,0.67027,0.14911,0.61629,0.45527,-0.17987,0.53175,0.11153,0.12733,0.05163,0.05773,0.14483,0.02257,0.03696,0.17651,0.03024,0.0164,0.07726,0.07725,-14.48047,-5.4268,6.09597,-1.64652,0.72255,-32.94088
20260926-133621,20260926-133621-5,0,58763.518,0.67393,0.14976,0.61748,0.45355,-0.18115,0.5331,0.1157,0.13145,0.04987,0.05605,0.15757,0.02084,0.03447,0.18669,0.02995,0.01633,0.07966,0.07571,-14.48424,-5.42357,6.08252,-1.63483,0.72342,-32.97086
20260926-133621,20260926-133621-5,0,58763.55,0.6774,0.15033,0.61818,0.4521,-0.18241,0.53482,0.12017,0.13609,0.04811,0.05437,0.17001,0.0194,0.03233,0.19634,0.02964,0.01634,0.0821,0.0748,-14.45888,-5.45877,6.07749,-1.62194,0.72217,-33.00746
20260926-133621,20260926-133621-5,0,58763.582,0.68355,0.15148,0.61943,0.44975,-0.18397,0.5366,0.12415,0.14033,0.04666,0.05273,0.18979,0.01714,0.02946,0.2149,0.02984,0.01646,0.0835,0.07493,-14.46939,-5.48557,6.07677,-1.60892,0.72133,-33.03311
20260926-133621,20260926-133621-5,0,58763.631,0.69011,0.13657,0.60316,0.42899,-0.1723,0.5232,0.09061,0.10383,0.06766,0.07246,0.2529,0.0125,0.02117,0.2618,0.03302,0.01739,0.08787,0.08513,-14.47184,-5.5651,6.14999,-1.59177,0.71379,-33.02454
20260926-133621,20260926-133621-5,0,58763.662,0.70545,0.11852,0.58918,0.408,-0.15555,0.50701,0.0628,0.07234,0.10133,0.10295,0.33034,0.00839,0.01437,0.33605,0.03724,0.01764,0.09733,0.09058,-14.46014,-5.60038,6.20967,-1.58422,0.70923,-33.01165
20260926-133621,20260926-133621-5,0,58763.674,0.71056,0.11373,0.58468,0.40197,-0.15189,0.50236,0.05795,0.06632,0.11027,0.1107,0.35598,0.00738,0.01268,0.36198,0.03923,0.018,0.09982,0.09223,-14.46047,-5.61558,6.2342,-1.58279,0.70723,-33.01041
20260926-133621,20260926-133621-5,0,58763.693,0.71513,0.10785,0.5801,0.39359,-0.14692,0.497,0.05193,0.05908,0.12332,0.12165,0.38796,0.00636,0.01081,0.39432,0.04191,0.01796,0.10272,0.09267,-14.46037,-5.65211,6.29524,-1.58005,0.70041,-33.00558
20260926-133621,20260926-133621-5,0,58763.731,0.72774,0.0888,0.57203,0.34555,-0.13567,0.48688,0.03753,0.04041,0.16302,0.16007,0.54442,0.00344,0.00455,0.55492,0.04733,0.0166,0.10757,0.08342,-14.43064,-5.77905,6.51506,-1.57898,0.67482,-33.00232
20260926-133621,20260926-133621-5,0,58763.758,0.73701,0.07938,0.56966,0.3252,-0.12746,0.48401,0.03165,0.03396,0.18938,0.1828,0.61711,0.00254,0.00315,0.62889,0.04642,0.01442,0.10978,0.08053,-14.40523,-5.92447,6.64268,-1.57785,0.65451,-32.98778
20260926-133621,20260926-133621-5,0,58763.79,0.74092,0.07613,0.57226,0.3106,-0.1259,0.48537,0.03057,0.03247,0.1939,0.18839,0.65553,0.00217,0.00248,0.66875,0.04441,0.013,0.10856,0.0751,-14.42944,-5.98715,6.75,-1.57554,0.63867,-32.98308
20260926-133621,20260926-133621-5,0,58763.855,0.74614,0.07684,0.57411,0.30074,-0.1274,0.48565,0.03277,0.03518,0.18127,0.17668,0.67855,0.00194,0.00216,0.69347,0.04247,0.012,0.10907,0.07424,-14.47687,-5.98301,6.81424,-1.57649,0.62332,-32.97225
20260926-133621,20260926-133621-5,0,58763.886,0.74765,0.07824,0.57641,0.29543,-0.12985,0.4869,0.03528,0.0379,0.16908,0.16621,0.68838,0.00187,0.00201,0.70376,0.04178,0.01152,0.10947,0.07271,-14.49076,-5.95765,6.83169,-1.57875,0.62023,-32.96911
20260926-133621,20260926-133621-5,0,58763.917,0.74832,0.07904,0.57807,0.29286,-0.13173,0.48745,0.03695,0.03935,0.16216,0.16115,0.69065,0.00185,0.00198,0.7062,0.04158,0.01141,0.10987,0.07099,-14.54913,-5.93636,6.85225,-1.58148,0.61916,-32.95644
20260926-133621,20260926-133621-5,0,58763.95,0.75403,0.08011,0.57819,0.29,-0.1334,0.48765,0.03911,0.04154,0.15407,0.15439,0.70525,0.00171,0.00185,0.72059,0.04154,0.01157,0.1119,0.0711,-14.63973,-5.84365,6.84689,-1.58213,0.6244,-32.93902
20260926-133621,20260926-133621-5,0,58763.998,0.77129,0.08228,0.57777,0.27547,-0.13785,0.48798,0.04461,0.04704,0.13563,0.13797,0.76256,0.00123,0.00137,0.7771,0.04211,0.01154,0.11687,0.06947,-14.73011,-5.81082,6.86758,-1.58716,0.62752,-32.94196
20260926-133621,20260926-133621-5,0,58764.031,0.77668,0.08334,0.57752,0.26993,-0.13964,0.48709,0.04713,0.04932,0.12855,0.13195,0.77825,0.00111,0.00125,0.7927,0.04253,0.01137,0.1195,0.06805,-14.82628,-5.8663,6.89178,-1.59244,0.625,-32.95131
20260926-133621,20260926-133621-5,0,58764.057,0.77773,0.08376,0.57728,0.2692,-0.14019,0.48701,0.04808,0.05029,0.1261,0.12966,0.78043,0.00109,0.00124,0.79506,0.04258,0.0112,0.12062,0.06805,-14.87265,-5.91911,6.90994,-1.59765,0.62198,-32.95705
20260926-133621,20260926-133621-5,0,58764.074,0.77749,0.08395,0.57752,0.26941,-0.14022,0.48715,0.04821,0.0504,0.12583,0.12939,0.77887,0.00109,0.00126,0.79368,0.04247,0.01115,0.12107,0.0682,-14.90543,-5.95062,6.92039,-1.60153,0.62064,-32.96143
20260926-133621,20260926-133621-5,0,58764.094,0.77791,0.08485,0.57812,0.26964,-0.14015,0.48769,0.04843,0.0507,0.12549,0.12912,0.77732,0.0011,0.00128,0.79224,0.0423,0.01114,0.12137,0.06834,-14.99691,-5.99961,6.93524,-1.60577,0.61818,-32.96409
20260926-133621,20260926-133621-5,0,58764.128,0.77794,0.08509,0.57978,0.27117,-0.1399,0.49009,0.04817,0.05014,0.12687,0.13066,0.7719,0.00113,0.00136,0.78691,0.04166,0.01113,0.12035,0.06774,-15.16988,-5.99639,6.9233,-1.61283,0.6209,-32.9716
20260926-133621,20260926-133621-5,0,58764.159,0.77855,0.08535,0.58074,0.27184,-0.14024,0.49158,0.04796,0.04964,0.12771,0.13201,0.76893,0.00115,0.00141,0.78406,0.04074,0.01123,0.11793,0.06691,-15.37479,-6.00951,6.89375,-1.61814,0.62245,-32.98274
20260926-133621,20260926-133621-5,0,58764.192,0.78202,0.08478,0.58129,0.27117,-0.14081,0.49355,0.04753,0.04866,0.12826,0.13405,0.77264,0.0011,0.0014,0.78801,0.03982,0.01124,0.11521,0.06425,-15.55423,-6.00113,6.8243,-1.62867,0.62852,-33.00664
20260926-133621,20260926-133621-5,0,58764.256,0.78149,0.08509,0.58557,0.28024,-0.1385,0.49608,0.04399,0.04428,0.13802,0.14555,0.74312,0.00125,0.00174,0.75888,0.03945,0.0115,0.10824,0.06098,-15.76783,-6.2076,6.74851,-1.67543,0.62805,-33.00904
20260926-133621,20260926-133621-5,0,58764.286,0.76578,0.09601,0.5872,0.31411,-0.15206,0.48844,0.0553,0.05471,0.11098,0.12257,0.64156,0.00197,0.00318,0.65828,0.04766,0.01389,0.1166,0.06358,-15.97444,-6.22787,6.7482,-1.69588,0.63187,-33.00077
20260926-133621,20260926-133621-5,0,58764.316,0.6562,0.13819,0.58756,0.44633,-0.17292,0.48677,0.0971,0.09729,0.06267,0.07633,0.09976,0.03187,0.0503,0.13424,0.05308,0.02543,0.1256,0.09467,-16.30345,-6.23278,6.66893,-1.71844,0.64675,-33.06689
20260926-133621,20260926-133621-5,0,58764.363,0.5438,0.17434,0.62018,0.55277,-0.17928,0.50841,0.1495,0.14842,0.03617,0.04701,0.00336,0.42194,0.40511,0.01143,0.03748,0.02557,0.10512,0.10436,-16.63354,-6.24997,6.39486,-1.72293,0.67262,-33.15714
20260926-133621,20260926-133621-5,0,58764.399,0.53174,0.18585,0.63597,0.57118,-0.18375,0.5148,0.18787,0.18449,0.02772,0.03533,0.00236,0.4981,0.48098,0.00833,0.03414,0.02304,0.10156,0.09959,-16.69802,-6.1545,6.26633,-1.72247,0.69716,-33.16158
20260926-133621,20260926-133621-5,0,58764.425,0.5255,0.18663,0.64168,0.57663,-0.1826,0.51628,0.19376,0.18924,0.02677,0.03423,0.0021,0.52848,0.51287,0.00719,0.03288,0.02232,0.10059,0.09829,-16.7171,-6.07343,6.19605,-1.72174,0.71246,-33.15787
20260926-133621,20260926-133621-5,0,58764.439,0.52513,0.18619,0.64864,0.58128,-0.18096,0.51974,0.19495,0.18969,0.02673,0.03438,0.00191,0.54345,0.52715,0.00704,0.03029,0.02052,0.09805,0.09249,-16.72553,-6.02794,6.14649,-1.72076,0.72112,-33.16245
20260926-133621,20260926-133621-5,0,58764.462,0.52239,0.18498,0.65789,0.59004,-0.1775,0.5243,0.19395,0.1885,0.02721,0.0348,0.0016,0.57375,0.5568,0.00651,0.02776,0.01813,0.09363,0.0845,-16.68513,-5.95681,6.08923,-1.72115,0.73244,-33.16329
20260926-133621,20260926-133621-5,0,58764.496,0.52434,0.18273,0.66796,0.59675,-0.17411,0.53009,0.19209,0.18682,0.0277,0.03562,0.00143,0.5853,0.56754,0.00664,0.02458,0.01561,0.08848,0.07559,-16.61517,-5.85116,5.9943,-1.72139,0.74774,-33.17603
20260926-133621,20260926-133621-5,0,58764.526,0.52761,0.18156,0.67103,0.60111,-0.17157,0.5332,0.18745,0.18355,0.02848,0.03665,0.00133,0.58839,0.5695,0.00698,0.02327,0.0149,0.08428,0.0717,-16.56759,-5.82423,5.89545,-1.71419,0.75775,-33.20461
20260926-133621,20260926-133621-5,0,58764.556,0.52921,0.18032,0.67211,0.59907,-0.17133,0.53583,0.18631,0.18359,0.02848,0.03666,0.00144,0.5735,0.55619,0.00722,0.0223,0.01424,0.07993,0.06756,-16.47212,-5.83054,5.81521,-1.70014,0.76648,-33.22385
20260926-133621,20260926-133621-5,0,58764.59,0.53749,0.18377,0.67012,0.59152,-0.17548,0.5376,0.19899,0.19727,0.02627,0.03336,0.00177,0.52742,0.51131,0.00871,0.02264,0.01489,0.0789,0.0686,-16.31521,-5.87355,5.75108,-1.68058,0.77191,-33.25656
20260926-133621,20260926-133621-5,0,58764.653,0.55752,0.18665,0.66281,0.57971,-0.1825,0.53884,0.21805,0.21765,0.02353,0.0299,0.00281,0.42446,0.4203,0.01346,0.02262,0.01556,0.08292,0.06947,-16.10859,-6.36793,5.76107,-1.6377,0.78837,-33.37025
20260926-133621,20260926-133621-5,0,58764.688,0.55896,0.18662,0.66035,0.57351,-0.18314,0.53833,0.21501,0.21531,0.0244,0.03082,0.00326,0.40123,0.39789,0.01434,0.02321,0.0157,0.08523,0.06932,-15.92711,-6.6106,5.75687,-1.6141,0.80096,-33.39569
20260926-133621,20260926-133621-5,0,58764.737,0.5611,0.18655,0.6591,0.56721,-0.18379,0.53774,0.20864,0.20953,0.02537,0.03138,0.00368,0.37524,0.37612,0.01568,0.02321,0.01506,0.08138,0.0661,-15.77433,-6.94651,5.79624,-1.59194,0.81183,-33.40585
20260926-133621,20260926-133621-5,0,58764.766,0.55911,0.18759,0.66038,0.565,-0.18436,0.53844,0.20652,0.20991,0.02586,0.03089,0.00375,0.37377,0.37082,0.0156,0.02357,0.01447,0.0782,0.06491,-15.64189,-7.106,5.80729,-1.58352,0.82546,-33.40565
20260926-133621,20260926-133621-5,0,58764.791,0.561,0.18757,0.65901,0.56468,-0.18478,0.53742,0.21097,0.21452,0.02536,0.02987,0.00386,0.36775,0.36671,0.01587,0.0242,0.01437,0.07859,0.06482,-15.58537,-7.05591,5.79077,-1.57672,0.83742,-33.40157
20260926-133621,20260926-133621-5,0,58764.808,0.55902,0.18761,0.66133,0.56355,-0.18481,0.53932,0.20753,0.21204,0.02573,0.03023,0.00388,0.37017,0.36625,0.01549,0.02357,0.01395,0.0764,0.06295,-15.53789,-7.09052,5.78775,-1.57062,0.8483,-33.41362
20260926-133621,20260926-133621-5,0,58764.831,0.55908,0.18678,0.66312,0.56132,-0.18428,0.5405,0.20107,0.20689,0.02672,0.03097,0.00396,0.36737,0.36356,0.01551,0.02336,0.01344,0.07162,0.06141,-15.4935,-7.09593,5.7217,-1.55804,0.86747,-33.42985
20260926-133621,20260926-133621-5,0,58764.861,0.56119,0.18648,0.66142,0.56042,-0.18446,0.54003,0.1971,0.20484,0.02721,0.03097,0.00404,0.36153,0.35883,0.0158,0.02393,0.01334,0.06787,0.06192,-15.41858,-7.06474,5.66824,-1.53991,0.88942,-33.4286
20260926-133621,20260926-133621-5,0,58764.894,0.56178,0.18434,0.65964,0.55683,-0.18408,0.54012,0.18881,0.1992,0.02854,0.03171,0.00413,0.35699,0.35362,0.01584,0.02436,0.01298,0.06273,0.06383,-15.36821,-7.06298,5.64319,-1.52266,0.9079,-33.42641
20260926-133621,20260926-133621-5,0,58764.924,0.56418,0.18253,0.65778,0.55227,-0.1839,0.5399,0.18431,0.19619,0.02911,0.03212,0.00443,0.34436,0.34143,0.01642,0.02434,0.01295,0.06098,0.06542,-15.28142,-6.97874,5.58634,-1.50939,0.92562,-33.41835
20260926-133621,20260926-133621-5,0,58764.958,0.5655,0.18014,0.65795,0.54975,-0.1834,0.54079,0.17849,0.19104,0.0301,0.0331,0.00456,0.33852,0.33562,0.01676,0.02385,0.01245,0.05859,0.06432,-15.20808,-6.90665,5.54691,-1.50099,0.9443,-33.4176
20260926-133621,20260926-133621-5,0,58764.99,0.56894,0.17998,0.65401,0.54662,-0.1842,0.54049,0.17673,0.19004,0.03049,0.03337,0.00502,0.31999,0.31993,0.01808,0.02423,0.01283,0.05776,0.0656,-15.15129,-6.95436,5.52644,-1.49205,0.95385,-33.41972
20260926-133621,20260926-133621-5,0,58765.054,0.57194,0.18471,0.65605,0.54593,-0.18751,0.54476,0.18291,0.19587,0.02957,0.03246,0.0054,0.30703,0.31352,0.01923,0.0239,0.01355,0.05535,0.06688,-15.10131,-7.18073,5.38663,-1.46802,0.98292,-33.50679
20260926-133621,20260926-133621-5,0,58765.104,0.57507,0.18248,0.65224,0.54286,-0.18783,0.54446,0.18096,0.19477,0.03011,0.03303,0.00626,0.28703,0.29417,0.02046,0.0241,0.01346,0.05584,0.06423,-14.90645,-7.15568,5.29112,-1.45808,1.00531,-33.52581
20260926-133621,20260926-133621-5,0,58765.136,0.57208,0.18094,0.64936,0.54502,-0.18747,0.54323,0.18067,0.19382,0.03013,0.03339,0.00602,0.29759,0.29991,0.01933,0.02432,0.0135,0.05894,0.06378,-14.83346,-7.14409,5.22008,-1.44977,1.01769,-33.52584
20260926-133621,20260926-133621-5,0,58765.157,0.5703,0.17876,0.64812,0.54616,-0.18597,0.54179,0.17555,0.1886,0.03107,0.03467,0.00581,0.30473,0.30551,0.01865,0.02446,0.01333,0.06005,0.06341,-14.79413,-7.13594,5.21044,-1.44694,1.02301,-33.5227
20260926-133621,20260926-133621-5,0,58765.175,0.57126,0.17894,0.64795,0.54422,-0.18653,0.54207,0.17736,0.19038,0.03066,0.03436,0.00604,0.29828,0.29997,0.0191,0.02445,0.01339,0.06078,0.06292,-14.76821,-7.11467,5.19545,-1.44092,1.0257,-33.52024
20260926-133621,20260926-133621-5,0,58765.198,0.57072,0.1765,0.64851,0.54409,-0.18534,0.54106,0.17279,0.18568,0.0315,0.03562,0.00602,0.2993,0.30062,0.01891,0.02439,0.01292,0.06131,0.0613,-14.72698,-7.07978,5.17294,-1.43902,1.03001,-33.5134
20260926-133621,20260926-133621-5,0,58765.231,0.57068,0.17552,0.64945,0.54158,-0.18502,0.54161,0.17059,0.1834,0.0318,0.03623,0.00617,0.29496,0.29666,0.01915,0.02398,0.01256,0.06145,0.05977,-14.68007,-7.04586,5.15303,-1.43581,1.03229,-33.50145
20260926-133621,20260926-133621-5,0,58765.262,0.57097,0.17536,0.65027,0.53977,-0.18497,0.54213,0.16989,0.18276,0.0319,0.0364,0.00631,0.29099,0.29322,0.01948,0.02361,0.01246,0.06096,0.0592,-14.67755,-7.0314,5.15945,-1.4329,1.03445,-33.50344
20260926-133621,20260926-133621-5,0,58765.293,0.57139,0.17492,0.65031,0.53983,-0.18491,0.54234,0.17111,0.18381,0.03164,0.03635,0.00655,0.28609,0.28878,0.01976,0.02345,0.01234,0.06234,0.05803,-14.60892,-6.97103,5.13991,-1.43235,1.03673,-33.50293
20260926-133621,20260926-133621-5,0,58765.328,0.57162,0.17491,0.64908,0.54082,-0.18492,0.54237,0.17314,0.18569,0.03121,0.0358,0.00649,0.28686,0.28942,0.0197,0.02337,0.01238,0.06314,0.0582,-14.5795,-6.96413,5.14646,-1.42872,1.03614,-33.50496
20260926-133621,20260926-133621-5,0,58765.359,0.57153,0.17497,0.64879,0.54067,-0.18508,0.54239,0.17448,0.18686,0.03089,0.03545,0.00651,0.28631,0.28876,0.01971,0.02329,0.01238,0.0638,0.05819,-14.56296,-6.96318,5.14621,-1.42492,1.03533,-33.50689
20260926-133621,20260926-133621-5,0,58765.39,0.57125,0.17491,0.64823,0.54109,-0.18495,0.54195,0.17501,0.18727,0.03072,0.03527,0.00644,0.28688,0.28933,0.01972,0.02326,0.01243,0.06423,0.05823,-14.53858,-6.96359,5.14187,-1.42207,1.0344,-33.50671
20260926-133621,20260926-133621-5,0,58765.471,0.57258,0.17457,0.64757,0.54241,-0.18491,0.54057,0.17697,0.18895,0.03022,0.03465,0.00639,0.28412,0.28876,0.02016,0.02346,0.01227,0.06596,0.05809,-14.46718,-6.88658,5.12662,-1.41507,1.03271,-33.49991
20260926-133621,20260926-133621-5,0,58765.505,0.57232,0.17454,0.64685,0.54381,-0.18549,0.54009,0.17945,0.19089,0.02973,0.03411,0.00621,0.28684,0.29251,0.02002,0.02374,0.01225,0.06627,0.05873,-14.46036,-6.88271,5.11777,-1.41053,1.02952,-33.5027
20260926-133621,20260926-133621-5,0,58765.525,0.57277,0.17455,0.64651,0.54366,-0.18587,0.53993,0.1803,0.19162,0.02954,0.03389,0.00623,0.28519,0.29187,0.02016,0.02385,0.01226,0.06607,0.05905,-14.45525,-6.87758,5.11699,-1.40843,1.02841,-33.50124
20260926-133621,20260926-133621-5,0,58765.54,0.57321,0.17467,0.64601,0.5447,-0.18594,0.53968,0.18102,0.19227,0.02941,0.0337,0.00617,0.28543,0.29345,0.02022,0.02403,0.01228,0.06636,0.05944,-14.4497,-6.87104,5.11842,-1.40547,1.02748,-33.50077
20260926-133621,20260926-133621-5,0,58765.566,0.57404,0.17502,0.64529,0.54518,-0.18646,0.53844,0.18218,0.1935,0.02914,0.03328,0.00614,0.28401,0.29405,0.02041,0.0246,0.01232,0.06668,0.06026,-14.44041,-6.86392,5.10723,-1.40039,1.02454,-33.49905
20260926-133621,20260926-133621-5,0,58765.596,0.57462,0.17518,0.6447,0.5444,-0.18694,0.53807,0.18272,0.19411,0.02903,0.03305,0.00622,0.28052,0.29217,0.02073,0.02479,0.01232,0.0661,0.06107,-14.42292,-6.86055,5.09887,-1.39282,1.02063,-33.49426
20260926-133621,20260926-133621-5,0,58765.63,0.57618,0.1751,0.64368,0.54335,-0.18707,0.53605,0.18152,0.1932,0.02924,0.03307,0.00636,0.27522,0.28917,0.02119,0.02593,0.01236,0.06723,0.06245,-14.41412,-6.81511,5.08981,-1.38556,1.0179,-33.485
20260926-133621,20260926-133621-5,0,58765.659,0.578,0.17499,0.64235,0.54524,-0.18674,0.53458,0.18213,0.19403,0.02925,0.03282,0.00637,0.27252,0.28933,0.02154,0.02694,0.0124,0.06924,0.06419,-14.39711,-6.73245,5.05734,-1.38022,1.0145,-33.47948
20260926-133621,20260926-133621-5,0,58765.693,0.57934,0.1751,0.64058,0.54789,-0.18652,0.53326,0.18499,0.19728,0.02898,0.03202,0.00623,0.27334,0.29251,0.02165,0.02833,0.01244,0.06986,0.06659,-14.36576,-6.65925,5.00604,-1.37132,1.00473,-33.47335
20260926-133621,20260926-133621-5,0,58765.725,0.58043,0.17502,0.64121,0.54794,-0.18685,0.5338,0.18598,0.19892,0.02883,0.03168,0.00637,0.27003,0.29048,0.02207,0.02873,0.01244,0.06946,0.06727,-14.29607,-6.56748,4.97144,-1.35898,0.99376,-33.45282
20260926-133621,20260926-133621-5,0,58765.758,0.58118,0.17556,0.64202,0.54602,-0.18767,0.53434,0.18793,0.20085,0.02832,0.0311,0.0065,0.26588,0.28776,0.02244,0.02874,0.01246,0.06822,0.06766,-14.28148,-6.54704,4.95211,-1.34842,0.98088,-33.4359
20260926-133621,20260926-133621-5,0,58765.791,0.58207,0.17556,0.64211,0.54558,-0.18779,0.53447,0.18798,0.20109,0.02811,0.03098,0.00652,0.26354,0.28719,0.0227,0.02874,0.01261,0.06823,0.06799,-14.27169,-6.5106,4.94676,-1.34055,0.96939,-33.4202
20260926-133621,20260926-133621-5,0,58765.869,0.58109,0.17746,0.64245,0.54714,-0.18902,0.53511,0.19231,0.20566,0.02709,0.02998,0.00629,0.26866,0.29177,0.0223,0.02871,0.01316,0.06917,0.06973,-14.26539,-6.48794,4.95754,-1.32883,0.94614,-33.40601
20260926-133621,20260926-133621-5,0,58765.891,0.58082,0.17727,0.64261,0.5477,-0.18866,0.53537,0.19244,0.20591,0.02705,0.02993,0.00623,0.27011,0.29273,0.02216,0.02843,0.01311,0.06927,0.06974,-14.24961,-6.47884,4.95753,-1.32772,0.94191,-33.39889
20260926-133621,20260926-133621-5,0,58765.91,0.58078,0.17771,0.64257,0.54796,-0.1889,0.53541,0.19345,0.20706,0.02675,0.0297,0.00619,0.27086,0.29343,0.0221,0.02835,0.01331,0.07011,0.07026,-14.24548,-6.46767,4.96391,-1.32604,0.93715,-33.39688
20260926-133621,20260926-133621-5,0,58765.933,0.5813,0.17808,0.64117,0.54864,-0.18934,0.53425,0.19456,0.20786,0.02642,0.0295,0.00615,0.27035,0.29422,0.02223,0.02896,0.01379,0.07195,0.07131,-14.25015,-6.46199,4.9847,-1.32193,0.92841,-33.39725
20260926-133621,20260926-133621-5,0,58765.963,0.58162,0.17913,0.64146,0.54908,-0.18996,0.53343,0.19665,0.21034,0.02593,0.02886,0.0061,0.2709,0.29511,0.02218,0.02958,0.01402,0.07305,0.07124,-14.25257,-6.45266,5.01096,-1.31869,0.91764,-33.39455
20260926-133621,20260926-133621-5,0,58765.998,0.5835,0.18008,0.64291,0.54959,-0.19079,0.5342,0.2008,0.21456,0.0252,0.02808,0.00616,0.26789,0.29355,0.02246,0.02931,0.01394,0.0735,0.07026,-14.26137,-6.4475,5.01732,-1.31342,0.90842,-33.39934
20260926-133621,20260926-133621-5,0,58766.03,0.58399,0.1797,0.6432,0.55043,-0.19027,0.53522,0.20501,0.21876,0.02467,0.02742,0.00615,0.26762,0.29351,0.02239,0.02874,0.01361,0.07381,0.06965,-14.21211,-6.35541,5.00302,-1.31347,0.90611,-33.39358
20260926-133621,20260926-133621-5,0,58766.06,0.58591,0.18085,0.64194,0.55161,-0.19183,0.53459,0.21337,0.22565,0.02348,0.02616,0.0062,0.26358,0.29227,0.02284,0.02895,0.01379,0.0761,0.07141,-14.25935,-6.28199,4.98041,-1.30888,0.90014,-33.39864
20260926-133621,20260926-133621-5,0,58766.094,0.58469,0.17997,0.64175,0.5525,-0.19059,0.53533,0.21465,0.22689,0.0234,0.02609,0.00613,0.26693,0.29343,0.02238,0.02824,0.01354,0.07674,0.07073,-14.18498,-6.20812,4.94621,-1.3112,0.90099,-33.39977
20260926-133621,20260926-133621-5,0,58766.124,0.58597,0.17967,0.64025,0.55276,-0.19037,0.53446,0.21783,0.22995,0.02312,0.02561,0.00628,0.26296,0.29012,0.02275,0.02831,0.0135,0.07847,0.07287,-14.17257,-6.12068,4.903,-1.30795,0.8967,-33.3956
20260926-133621,20260926-133621-5,0,58766.16,0.58597,0.17915,0.64127,0.55218,-0.19017,0.536,0.21975,0.23153,0.02292,0.02546,0.00637,0.26129,0.28834,0.02288,0.02751,0.01324,0.07799,0.07241,-14.15255,-6.07251,4.87796,-1.30644,0.89349,-33.3942
20260926-133621,20260926-133621-5,0,58766.204,0.58743,0.17856,0.64122,0.55215,-0.18957,0.53761,0.22149,0.23316,0.02283,0.02528,0.00659,0.25538,0.28401,0.02344,0.02666,0.01295,0.07708,0.07257,-14.13404,-6.02839,4.83376,-1.30324,0.88863,-33.38984
20260926-133621,20260926-133621-5,0,58766.239,0.58759,0.17801,0.64195,0.55249,-0.18955,0.53873,0.22188,0.23338,0.02274,0.02525,0.00657,0.25507,0.28447,0.02348,0.02632,0.01278,0.07622,0.07178,-14.11588,-5.98398,4.81814,-1.30202,0.88476,-33.38642
20260926-133621,20260926-133621-5,0,58766.27,0.58801,0.17724,0.64123,0.55348,-0.18923,0.53856,0.22185,0.23264,0.02267,0.0254,0.00652,0.25469,0.28571,0.02358,0.0263,0.01288,0.07724,0.07183,-14.10701,-5.94671,4.80624,-1.30116,0.87933,-33.38755
20260926-133621,20260926-133621-5,0,58766.301,0.58884,0.17666,0.63978,0.55504,-0.18885,0.53746,0.22208,0.23208,0.02261,0.02558,0.00645,0.25452,0.28761,0.0237,0.02664,0.01314,0.07987,0.07242,-14.10865,-5.91416,4.77938,-1.29888,0.87189,-33.38555
20260926-133621,20260926-133621-5,0,58766.335,0.58992,0.17712,0.63939,0.55632,-0.18934,0.53809,0.22718,0.23638,0.02205,0.02493,0.00647,0.25251,0.28728,0.02393,0.02644,0.01305,0.07993,0.07174,-14.10183,-5.90248,4.75545,-1.29645,0.8615,-33.38472
20260926-133621,20260926-133621-5,0,58766.37,0.59097,0.17761,0.63956,0.55749,-0.18979,0.53811,0.23218,0.24148,0.0215,0.02428,0.00652,0.25055,0.28644,0.02412,0.02636,0.01293,0.08135,0.07174,-14.09157,-5.83711,4.72612,-1.2943,0.85299,-33.3858
20260926-133621,20260926-133621-5,0,58766.398,0.5905,0.17738,0.64008,0.55791,-0.18893,0.53926,0.23304,0.24284,0.02149,0.02398,0.00645,0.25259,0.28687,0.02379,0.02542,0.01251,0.0793,0.07165,-14.09334,-5.79192,4.70387,-1.29042,0.84298,-33.38274
20260926-133621,20260926-133621-6,0,58769.854,0.2546,0.20381,0.53723,0.90853,-0.19559,0.7086,0.11425,0.17484,0.0813,0.03423,0.00414,0.7887,0.77966,0.0012,0.11845,0.00947,0.10837,0.17245,33.90217,-9.9779,-0.6697,1.98932,0.73623,-32.44022
20260926-133621,20260926-133621-6,0,58769.887,0.25652,0.20424,0.53695,0.90148,-0.19619,0.7067,0.11357,0.17829,0.08151,0.03337,0.00463,0.7816,0.76754,0.00122,0.12125,0.00973,0.11308,0.17216,33.89181,-9.76834,-0.60111,1.98769,0.74158,-32.44931
20260926-133621,20260926-133621-6,0,58769.917,0.25637,0.20409,0.53669,0.90676,-0.19594,0.71168,0.11504,0.17778,0.08176,0.03322,0.00416,0.78912,0.77738,0.0012,0.11492,0.00938,0.1034,0.17758,33.81389,-9.83303,-0.66485,1.99047,0.73244,-32.45291
20260926-133621,20260926-133621-6,0,58769.948,0.25795,0.2046,0.53805,0.89968,-0.19573,0.71134,0.1131,0.18084,0.08266,0.03248,0.00464,0.78121,0.76357,0.00122,0.11552,0.00925,0.10552,0.1714,33.80343,-9.8065,-0.65342,1.98977,0.73117,-32.45995
20260926-133621,20260926-133621-6,0,58769.982,0.2575,0.2048,0.5382,0.90041,-0.19413,0.71018,0.11312,0.18315,0.08331,0.03195,0.00463,0.78482,0.76454,0.00118,0.11446,0.00913,0.10483,0.17202,33.80273,-9.86694,-0.65449,1.98908,0.72774,-32.45555
20260926-133621,20260926-133621-6,0,58770.015,0.25756,0.20514,0.538,0.90143,-0.19503,0.7101,0.11335,0.18275,0.08285,0.0319,0.00459,0.78483,0.7656,0.00118,0.11566,0.00909,0.10592,0.1709,33.83732,-9.84673,-0.64825,1.98618,0.72858,-32.46099
20260926-133621,20260926-133621-6,0,58770.046,0.2583,0.2067,0.53915,0.90217,-0.19823,0.71139,0.11567,0.18371,0.08076,0.03136,0.00456,0.78198,0.76499,0.00121,0.11767,0.00886,0.10554,0.16477,33.92428,-10.058,-0.69982,1.98889,0.72228,-32.48311
20260926-133621,20260926-133621-6,0,58770.079,0.25952,0.20684,0.54017,0.90109,-0.19815,0.70878,0.11693,0.18333,0.07933,0.03152,0.00459,0.77823,0.76382,0.00125,0.12067,0.0089,0.10952,0.16206,33.95923,-10.01359,-0.69499,1.99028,0.72913,-32.49731
20260926-133621,20260926-133621-6,0,58770.11,0.25506,0.20741,0.54056,0.90203,-0.19809,0.7095,0.11453,0.18529,0.08115,0.03088,0.0046,0.78748,0.76787,0.00114,0.11942,0.00885,0.10825,0.16076,34.04103,-10.05226,-0.70526,1.98955,0.73216,-32.49781
20260926-133621,20260926-133621-6,0,58770.144,0.25848,0.20557,0.53014,0.90343,-0.19195,0.66772,0.10614,0.17085,0.09225,0.03637,0.00431,0.79262,0.77721,0.00124,0.16505,0.01188,0.1344,0.17776,34.09079,-10.32722,-0.97305,2.00941,0.72584,-32.55587
20260926-133621,20260926-133621-6,0,58770.173,0.29517,0.15142,0.33894,0.82446,-0.19087,0.48177,0.05694,0.07849,0.16161,0.13761,0.00877,0.64908,0.65415,0.00333,0.36632,0.21364,0.20843,0.42338,34.09762,-11.16284,-1.42827,2.05439,0.65443,-32.65319
20260926-133621,20260926-133621-6,0,58770.222,0.3262,0.15068,0.33248,0.78953,-0.19963,0.44112,0.05612,0.07854,0.17944,0.15666,0.01281,0.57328,0.58078,0.00529,0.42622,0.24307,0.24178,0.44025,34.24672,-11.82513,-1.94544,2.10274,0.63586,-32.62371
20260926-133621,20260926-133621-6,0,58770.255,0.27214,0.14667,0.33177,0.86705,-0.18849,0.42023,0.05348,0.07546,0.18194,0.15266,0.00584,0.74474,0.74859,0.00206,0.40796,0.23563,0.23467,0.44759,34.54635,-11.89184,-1.94972,2.17279,0.67657,-32.56537
20260926-133621,20260926-133621-6,0,58770.286,0.23347,0.15876,0.40985,0.93289,-0.19641,0.56371,0.05721,0.08864,0.16237,0.10492,0.0039,0.83323,0.83077,0.00103,0.27401,0.1022,0.17501,0.42813,35.4618,-11.9011,-1.57573,2.19522,0.75896,-32.46192
20260926-133621,20260926-133621-6,0,58770.319,0.20377,0.15913,0.47486,0.98842,-0.19628,0.69747,0.05137,0.08065,0.15983,0.10146,0.00238,0.88078,0.88179,0.0007,0.16168,0.0463,0.12977,0.35989,35.90563,-11.5627,-1.16443,2.25009,0.86131,-32.43166
20260926-133621,20260926-133621-6,0,58770.35,0.17932,0.16637,0.51122,1.02774,-0.22089,0.76801,0.04694,0.0735,0.15913,0.10352,0.00186,0.8995,0.90368,0.00058,0.13065,0.03386,0.10245,0.30886,36.50864,-11.22589,-0.89656,2.29958,0.93479,-32.41822
20260926-133621,20260926-133621-6,0,58770.382,0.17702,0.17713,0.53296,1.02677,-0.23774,0.80866,0.05081,0.07421,0.14448,0.09522,0.00193,0.89416,0.90049,0.00061,0.1111,0.03008,0.09909,0.27569,36.92851,-11.09706,-0.87076,2.36311,0.96452,-32.50258
20260926-133621,20260926-133621-6,0,58770.411,0.18528,0.17353,0.53677,1.02051,-0.2296,0.8096,0.04583,0.06911,0.15242,0.10345,0.00187,0.88753,0.89284,0.00074,0.1168,0.02782,0.10084,0.24857,37.08296,-10.76672,-0.79272,2.40884,1.01556,-32.53958
20260926-133621,20260926-133621-6,0,58770.444,0.17929,0.17863,0.53487,1.03382,-0.2356,0.80363,0.04969,0.07319,0.14402,0.09338,0.00166,0.89664,0.90152,0.00067,0.12187,0.03237,0.10869,0.26326,37.25725,-10.48525,-0.69744,2.45296,1.05423,-32.56048
20260926-133621,20260926-133621-6,0,58770.476,0.1865,0.18403,0.53151,1.02727,-0.24116,0.79256,0.05565,0.08011,0.13477,0.08319,0.00176,0.89037,0.89596,0.00072,0.13095,0.03379,0.11513,0.26607,37.22812,-10.3731,-0.72202,2.49869,1.08155,-32.56205
20260926-133621,20260926-133621-6,0,58770.508,0.19111,0.18362,0.53546,1.02002,-0.23921,0.79529,0.05491,0.07833,0.13565,0.08551,0.00188,0.88485,0.89086,0.00077,0.12674,0.03152,0.11531,0.24602,37.25177,-10.27458,-0.66227,2.51559,1.09804,-32.55507
20260926-133621,20260926-133621-6,0,58770.541,0.19592,0.18382,0.53701,1.01337,-0.23968,0.80332,0.05673,0.07901,0.13334,0.0849,0.00188,0.88408,0.88971,0.00079,0.11431,0.0329,0.11395,0.25501,37.04642,-10.24133,-0.64219,2.55482,1.10805,-32.60475
20260926-133621,20260926-133621-6,0,58770.588,0.19995,0.18783,0.53897,1.00866,-0.24481,0.8073,0.05785,0.08143,0.13271,0.08151,0.00198,0.88061,0.88575,0.00084,0.11901,0.02924,0.1115,0.25492,37.02711,-10.328,-0.73019,2.56689,1.10742,-32.63938
20260926-133621,20260926-133621-6,0,58770.624,0.19728,0.18626,0.54461,1.01207,-0.23589,0.81748,0.05532,0.0779,0.13652,0.08715,0.00202,0.88099,0.88637,0.00082,0.10702,0.02791,0.10854,0.22953,37.01118,-10.05503,-0.71489,2.57883,1.13664,-32.65639
20260926-133621,20260926-133621-6,0,58770.653,0.20102,0.18391,0.54234,1.01299,-0.2401,0.81895,0.05421,0.07669,0.13932,0.08919,0.00199,0.87976,0.88449,0.00087,0.10989,0.02902,0.10776,0.23983,37.06409,-10.14454,-0.7161,2.59836,1.13402,-32.70626
20260926-133621,20260926-133621-6,0,58770.685,0.19818,0.18369,0.53959,1.01156,-0.24202,0.81943,0.05304,0.07577,0.14196,0.0919,0.00209,0.88024,0.885,0.00083,0.11172,0.02991,0.10831,0.2524,37.09634,-10.18809,-0.85188,2.61243,1.14329,-32.69751
20260926-133621,20260926-133621-6,0,58770.716,0.1978,0.1821,0.53901,1.01758,-0.2364,0.82309,0.05192,0.07452,0.14657,0.09569,0.00207,0.88191,0.88651,0.00083,0.10856,0.02906,0.1077,0.24528,37.04499,-10.14633,-0.80871,2.63541,1.15279,-32.68353
20260926-133621,20260926-133621-6,0,58770.751,0.1971,0.18232,0.53962,1.01626,-0.2424,0.83183,0.05017,0.07295,0.1473,0.09718,0.002,0.88137,0.88575,0.00084,0.10382,0.02746,0.1016,0.2383,37.15263,-10.28808,-0.86866,2.64514,1.14536,-32.71293
20260926-133621,20260926-133621-6,0,58770.782,0.19605,0.18159,0.54026,1.0173,-0.24365,0.83038,0.05068,0.07319,0.14811,0.09695,0.00206,0.88178,0.886,0.00083,0.10811,0.0254,0.10116,0.22896,37.29368,-10.23398,-0.93693,2.65334,1.15369,-32.66868
20260926-133621,20260926-133621-6,0,58770.814,0.19201,0.18107,0.54219,1.02685,-0.24227,0.83272,0.04843,0.07121,0.15184,0.10073,0.00193,0.88684,0.89093,0.00081,0.10956,0.02568,0.09825,0.22847,37.31358,-10.177,-0.95311,2.66686,1.16337,-32.67009
20260926-133621,20260926-133621-6,0,58770.845,0.18985,0.1813,0.54217,1.02864,-0.24265,0.83733,0.04819,0.07147,0.1513,0.09942,0.00184,0.8889,0.89286,0.00079,0.10469,0.02428,0.09366,0.22428,37.29559,-10.21723,-1.00091,2.67301,1.16163,-32.69653
20260926-133621,20260926-133621-6,0,58770.876,0.19134,0.18177,0.54191,1.02635,-0.24264,0.83567,0.04866,0.07229,0.15069,0.09794,0.00189,0.88722,0.89106,0.0008,0.10666,0.02333,0.09413,0.22036,37.41986,-10.36821,-1.03954,2.67568,1.15447,-32.68544
20260926-133621,20260926-133621-6,0,58770.91,0.19433,0.18179,0.54036,1.02305,-0.24199,0.83602,0.04703,0.07123,0.15326,0.10054,0.00197,0.88374,0.88766,0.00083,0.10958,0.02332,0.09274,0.22283,37.42938,-10.37806,-1.00749,2.68042,1.15596,-32.67834
20260926-133621,20260926-133621-6,0,58770.958,0.19458,0.18207,0.54237,1.02371,-0.24158,0.83748,0.04684,0.07156,0.15376,0.10113,0.00196,0.88399,0.88813,0.00083,0.11075,0.02336,0.09227,0.22521,37.35922,-10.36333,-0.98424,2.6941,1.15433,-32.66852
20260926-133621,20260926-133621-6,0,58770.99,0.19321,0.18323,0.5394,1.01528,-0.24981,0.82492,0.04797,0.07373,0.15179,0.09696,0.00189,0.88786,0.89179,0.00078,0.11555,0.02335,0.08996,0.2307,37.21012,-10.57483,-1.21599,2.71275,1.14001,-32.69517
20260926-133621,20260926-133621-6,0,58771.008,0.19347,0.18292,0.53954,1.01972,-0.25087,0.82777,0.04632,0.07258,0.15419,0.09867,0.00188,0.88742,0.89112,0.0008,0.11861,0.02231,0.08809,0.22773,37.33191,-10.48186,-1.15912,2.70539,1.14683,-32.70127
20260926-133621,20260926-133621-6,0,58771.052,0.19601,0.17917,0.5465,1.01405,-0.24637,0.82541,0.04682,0.07225,0.15461,0.10079,0.00198,0.88606,0.8898,0.00082,0.11663,0.02341,0.09233,0.24242,37.14492,-9.95329,-1.06128,2.72697,1.1544,-32.72282
20260926-133621,20260926-133621-6,0,58771.087,0.19623,0.17961,0.5454,1.00871,-0.25139,0.82379,0.04629,0.07142,0.15488,0.10178,0.00193,0.88805,0.89157,0.00081,0.11407,0.02487,0.08926,0.25011,37.07267,-9.95659,-1.17145,2.73718,1.13273,-32.73644
20260926-133621,20260926-133621-6,0,58771.117,0.19578,0.1785,0.54292,1.00942,-0.24979,0.82354,0.04382,0.0692,0.15767,0.10512,0.00197,0.88547,0.88957,0.00083,0.11683,0.0256,0.0883,0.25742,37.37975,-9.9708,-1.15781,2.71776,1.12713,-32.6874
20260926-133621,20260926-133621-6,0,58771.153,0.19473,0.17705,0.5463,1.0099,-0.25185,0.8309,0.04433,0.06903,0.15661,0.10443,0.00205,0.88205,0.88659,0.00086,0.11636,0.02725,0.0916,0.26207,37.36506,-9.64523,-1.02256,2.73275,1.11877,-32.67635
20260926-133621,20260926-133621-6,0,58771.181,0.19785,0.1791,0.54261,1.01066,-0.25653,0.83695,0.047,0.07167,0.15195,0.0991,0.00213,0.87924,0.8838,0.0009,0.11735,0.02958,0.09254,0.27933,37.3211,-9.58712,-1.00689,2.7472,1.10697,-32.66406
20260926-133621,20260926-133621-6,0,58771.213,0.20143,0.17433,0.53673,1.00724,-0.25329,0.83528,0.04572,0.0684,0.15543,0.10687,0.00219,0.8768,0.88078,0.00094,0.11519,0.03701,0.09925,0.30031,37.08576,-9.5293,-1.09439,2.78516,1.08296,-32.64189
20260926-133621,20260926-133621-6,0,58771.246,0.23272,0.15597,0.50017,1.0023,-0.24976,0.75742,0.03571,0.05124,0.18966,0.16398,0.00244,0.85522,0.85619,0.00159,0.17326,0.09411,0.13644,0.33386,37.27034,-9.6454,-1.28715,2.83824,1.0353,-32.8157
20260926-133621,20260926-133621-6,0,58771.281,0.2826,0.12066,0.34253,0.88197,-0.19902,0.48222,0.01952,0.02924,0.30628,0.29469,0.00764,0.69649,0.69904,0.00412,0.43398,0.33471,0.23422,0.34894,37.95035,-9.70309,-1.38843,2.83728,0.96654,-33.00924
20260926-133621,20260926-133621-6,0,58771.327,0.34892,0.12438,0.32839,0.8051,-0.18244,0.45839,0.01891,0.03225,0.32391,0.31216,0.01887,0.49485,0.49895,0.01239,0.47346,0.34129,0.27016,0.4051,38.40419,-9.18541,-1.20175,2.80044,0.9489,-32.87235
20260926-133621,20260926-133621-6,0,58771.359,0.34122,0.14123,0.39866,0.82261,-0.1967,0.56303,0.0241,0.04208,0.26297,0.2437,0.01577,0.53373,0.54111,0.01013,0.38213,0.20673,0.24943,0.38815,38.46445,-8.7811,-0.96777,2.78906,0.93852,-32.77585
20260926-133621,20260926-133621-6,0,58771.377,0.34197,0.14642,0.41829,0.84108,-0.20658,0.60032,0.02613,0.04584,0.24598,0.2253,0.01437,0.54438,0.55131,0.01027,0.35729,0.18447,0.24367,0.3856,38.65084,-8.55543,-0.80007,2.78011,0.93094,-32.76187
20260926-133621,20260926-133621-6,0,58771.391,0.33895,0.14917,0.4244,0.84375,-0.21118,0.61498,0.02771,0.0489,0.23303,0.21025,0.01404,0.54911,0.55559,0.00978,0.35241,0.17195,0.22861,0.38392,38.63047,-8.25701,-0.54403,2.77791,0.92321,-32.7211
20260926-133621,20260926-133621-6,0,58771.454,0.33416,0.15466,0.48304,0.86802,-0.22106,0.70475,0.03191,0.05476,0.19974,0.17591,0.01059,0.58497,0.58952,0.00886,0.28172,0.12691,0.21305,0.38252,38.39601,-7.9394,-0.19654,2.79294,0.88599,-32.54716
20260926-133621,20260926-133621-6,0,58771.486,0.33045,0.15822,0.50188,0.87673,-0.22361,0.72573,0.03503,0.05758,0.18858,0.16077,0.0098,0.59421,0.59694,0.00849,0.26225,0.10834,0.20034,0.38644,38.19681,-7.90664,-0.27685,2.80015,0.87861,-32.51314
20260926-133621,20260926-133621-6,0,58771.519,0.32676,0.16043,0.51223,0.88541,-0.23001,0.74282,0.03806,0.06036,0.18016,0.14913,0.00941,0.60106,0.60369,0.00823,0.2491,0.09663,0.19093,0.38981,38.19758,-7.95431,-0.3425,2.80042,0.8712,-32.49484
20260926-133621,20260926-133621-6,0,58771.549,0.3225,0.16325,0.5203,0.903,-0.22973,0.74659,0.04235,0.0648,0.17142,0.13643,0.00773,0.63088,0.6316,0.00751,0.23978,0.09045,0.18354,0.38185,37.96914,-7.95903,-0.35089,2.81497,0.862,-32.43941
20260926-133621,20260926-133621-6,0,58771.581,0.31534,0.1624,0.52218,0.90921,-0.23321,0.7544,0.04307,0.0653,0.16854,0.13233,0.00732,0.64305,0.64544,0.00684,0.23404,0.08415,0.17555,0.377,38.00455,-7.89679,-0.33464,2.80817,0.86667,-32.42541
20260926-133621,20260926-133621-6,0,58771.614,0.31119,0.16786,0.53722,0.91504,-0.23894,0.78525,0.04923,0.07141,0.15472,0.11501,0.00684,0.65498,0.65814,0.00633,0.20438,0.06802,0.16741,0.36089,37.84462,-7.90831,-0.25302,2.81607,0.86375,-32.38497
20260926-133621,20260926-133621-6,0,58771.646,0.30798,0.17223,0.54591,0.92188,-0.25212,0.81394,0.05381,0.07617,0.14305,0.10562,0.00666,0.66435,0.66848,0.00597,0.19017,0.06245,0.16231,0.34286,37.86341,-7.87508,-0.2195,2.81382,0.86745,-32.35629
20260926-133621,20260926-133621-6,0,58771.695,0.24855,0.18385,0.56208,0.96972,-0.24097,0.86447,0.05942,0.07997,0.12399,0.08686,0.00329,0.80671,0.81233,0.00205,0.11863,0.04852,0.13521,0.2997,37.49393,-7.87796,-0.35642,2.84665,0.88413,-32.22872
20260926-133621,20260926-133621-6,0,58771.728,0.20032,0.20096,0.58111,1.01594,-0.24772,0.91548,0.06604,0.09038,0.10891,0.06506,0.00192,0.88099,0.88565,0.00088,0.0715,0.03113,0.08307,0.26723,37.35462,-8.00094,-0.37695,2.85599,0.90984,-32.07678
20260926-133621,20260926-133621-6,0,58771.739,0.19663,0.19999,0.5825,1.01964,-0.24906,0.94199,0.06825,0.09452,0.10649,0.06243,0.00192,0.88449,0.88885,0.00081,0.05854,0.02711,0.07004,0.27146,37.30861,-7.92508,-0.23131,2.85874,0.92518,-32.06818
20260926-133621,20260926-133621-6,0,58771.757,0.18588,0.20353,0.59504,1.02492,-0.25829,0.97957,0.07499,0.10148,0.09428,0.05682,0.00182,0.89216,0.89601,0.00069,0.04273,0.0229,0.05658,0.23034,37.19176,-8.15328,-0.0941,2.88796,0.93073,-32.01941
20260926-133621,20260926-133621-6,0,58771.789,0.17982,0.20165,0.59841,1.01398,-0.25728,0.99069,0.06854,0.09351,0.10071,0.06105,0.00211,0.88674,0.88977,0.00071,0.04437,0.02138,0.05912,0.20875,37.91506,-7.77185,0.30652,2.8788,0.99968,-31.99312
20260926-133621,20260926-133621-6,0,58771.856,0.17934,0.20158,0.60539,1.00429,-0.25818,1.0175,0.0552,0.07179,0.10939,0.08508,0.0024,0.87755,0.88046,0.00084,0.03289,0.03036,0.07227,0.20773,39.09502,-9.6077,-0.71489,2.88178,1.01577,-31.89044
20260926-133621,20260926-133621-6,0,58771.886,0.19116,0.20234,0.61018,0.99628,-0.27438,1.04767,0.05521,0.07109,0.10497,0.08329,0.00261,0.86504,0.86831,0.00096,0.03317,0.0271,0.071,0.18557,39.1418,-9.57714,-0.51178,2.93128,1.02122,-31.97288
20260926-133621,20260926-133621-6,0,58771.916,0.19153,0.20229,0.61325,0.9947,-0.27052,1.05093,0.05258,0.07002,0.11069,0.08328,0.00253,0.86717,0.86983,0.00093,0.03512,0.02213,0.06288,0.1689,38.99271,-9.2663,-0.2246,2.96617,1.05995,-31.97631
20260926-133621,20260926-133621-6,0,58771.949,0.19216,0.20368,0.60512,0.99863,-0.26795,1.01181,0.05349,0.07268,0.11059,0.07818,0.00221,0.87427,0.87617,0.00088,0.04274,0.01963,0.0652,0.1645,38.74317,-9.09622,-0.17438,3.0107,1.09936,-32.04812
20260926-133621,20260926-133621-6,0,58771.981,0.19607,0.20449,0.60664,1.00132,-0.27552,1.00356,0.05404,0.07341,0.11066,0.07821,0.00214,0.87232,0.87472,0.00093,0.04594,0.0192,0.06329,0.15903,38.30319,-8.559,0.16524,3.04184,1.13208,-32.13181
20260926-133621,20260926-133621-6,0,58772.013,0.19867,0.20431,0.6105,0.99885,-0.27415,1.00758,0.05328,0.07208,0.10941,0.07913,0.00212,0.86898,0.87091,0.001,0.04403,0.01834,0.06456,0.15164,38.41207,-8.72285,0.11798,3.06153,1.12754,-32.21595
20260926-133621,20260926-133621-6,0,58772.06,0.19957,0.19985,0.61287,1.03412,-0.29083,1.07231,0.04467,0.06163,0.12337,0.09318,0.00204,0.86896,0.87056,0.0011,0.04221,0.01652,0.06244,0.13698,38.8646,-8.56174,0.46007,3.02474,1.13972,-32.23808
20260926-133621,20260926-133621-6,0,58772.093,0.20253,0.19931,0.60938,1.0273,-0.28643,1.06361,0.046,0.06318,0.12158,0.09266,0.00213,0.86599,0.8676,0.00111,0.04185,0.01759,0.06553,0.14507,38.73221,-8.73389,0.25204,3.04046,1.13994,-32.27852
20260926-133621,20260926-133621-6,0,58772.108,0.20107,0.19789,0.61036,1.03835,-0.2906,1.07936,0.04323,0.05977,0.1278,0.09861,0.00207,0.86688,0.86857,0.00113,0.04196,0.01766,0.06459,0.13977,38.94824,-8.59691,0.34482,3.02199,1.14688,-32.25128
20260926-133621,20260926-133621-6,0,58772.124,0.20141,0.19853,0.6085,1.03866,-0.28814,1.0783,0.04384,0.06037,0.12491,0.09694,0.00203,0.86626,0.86784,0.00114,0.04145,0.01767,0.06742,0.13856,38.9167,-8.77812,0.22404,3.03081,1.144,-32.28537
20260926-133621,20260926-133621-6,0,58772.158,0.20318,0.20068,0.60864,1.03271,-0.28925,1.06737,0.04419,0.06171,0.12502,0.09444,0.00213,0.86431,0.86622,0.00114,0.04465,0.01771,0.06718,0.14196,38.83899,-8.577,0.35232,3.03272,1.1594,-32.29158
20260926-133621,20260926-133621-6,0,58772.19,0.20454,0.20323,0.60923,1.05407,-0.30672,1.13823,0.04329,0.06028,0.12372,0.09419,0.00241,0.85563,0.85744,0.00124,0.04346,0.01746,0.06926,0.13251,39.53011,-8.8196,0.28909,3.00555,1.15335,-32.3748
20260926-133621,20260926-133621-6,0,58772.253,0.20851,0.20519,0.61485,1.03571,-0.30814,1.13834,0.04484,0.0629,0.12313,0.09182,0.00289,0.84308,0.84619,0.00136,0.0449,0.01805,0.07101,0.14904,39.56083,-8.79974,0.29996,3.0051,1.14917,-32.33886
20260926-133621,20260926-133621-6,0,58772.284,0.20894,0.20543,0.61517,1.04363,-0.31389,1.15544,0.04579,0.06316,0.11881,0.09048,0.00284,0.83801,0.84094,0.00144,0.04262,0.0173,0.07323,0.13732,39.8034,-9.03869,0.25054,3.02103,1.13985,-32.43099
20260926-133621,20260926-133621-6,0,58772.318,0.20674,0.20523,0.61432,1.03911,-0.314,1.15523,0.04678,0.06454,0.11856,0.08811,0.00288,0.83489,0.83848,0.00147,0.041,0.01689,0.06909,0.13928,39.80935,-9.02182,0.23631,3.01823,1.1359,-32.41086
20260926-133621,20260926-133621-6,0,58772.35,0.2004,0.20915,0.61882,1.08905,-0.32997,1.19649,0.04785,0.06518,0.11294,0.08149,0.00254,0.83804,0.84153,0.0016,0.03989,0.01668,0.07186,0.13452,40.64146,-9.07578,0.52008,2.97436,1.12347,-32.54499
20260926-133621,20260926-133621-6,0,58772.38,0.19943,0.20914,0.61936,1.07549,-0.32515,1.18024,0.04983,0.06772,0.11004,0.07945,0.0026,0.8377,0.84171,0.00156,0.03862,0.01679,0.07126,0.13834,40.41567,-8.99793,0.51463,2.98193,1.12298,-32.55495
20260926-133621,20260926-133621-6,0,58772.428,0.20011,0.21066,0.6218,1.08135,-0.33236,1.19381,0.0499,0.06788,0.10941,0.07902,0.00266,0.83721,0.84184,0.00156,0.03794,0.01681,0.069,0.13692,40.67014,-8.99767,0.52581,2.96609,1.12041,-32.52478
20260926-133621,20260926-133621-6,0,58772.44,0.19973,0.21062,0.62236,1.07913,-0.33094,1.19019,0.05044,0.06866,0.10858,0.07807,0.00265,0.83627,0.8411,0.00157,0.03789,0.01626,0.06937,0.13367,40.62617,-9.01178,0.50431,2.9718,1.11997,-32.53809
20260926-133621,20260926-133621-6,0,58772.46,0.19639,0.20958,0.62015,1.08083,-0.32907,1.18336,0.04762,0.06626,0.11424,0.08069,0.00261,0.83971,0.84417,0.00148,0.03914,0.01515,0.06801,0.13419,40.62548,-9.01395,0.59569,2.96557,1.11575,-32.53114
20260926-133621,20260926-133621-6,0,58772.496,0.20207,0.213,0.62624,1.07386,-0.34084,1.19496,0.04873,0.06641,0.11108,0.08084,0.0027,0.83356,0.83872,0.00162,0.03919,0.01694,0.07146,0.1317,40.72763,-9.28853,0.25625,2.96228,1.10456,-32.47356
20260926-133621,20260926-133621-6,0,58772.528,0.19604,0.21203,0.62302,1.08471,-0.33797,1.18364,0.04827,0.06669,0.11324,0.07974,0.00251,0.83579,0.84054,0.00162,0.04001,0.01519,0.07002,0.13367,40.7621,-9.25477,0.44417,2.95395,1.10166,-32.51912
20260926-133621,20260926-133621-6,0,58772.556,0.19564,0.21262,0.62422,1.07941,-0.33552,1.17911,0.04757,0.06598,0.11472,0.08025,0.00251,0.83407,0.83899,0.00164,0.04067,0.01472,0.06951,0.12907,40.78429,-9.2665,0.4318,2.95589,1.0992,-32.51538
20260926-133621,20260926-133621-6,0,58772.588,0.20221,0.21164,0.61712,1.07041,-0.34177,1.1475,0.04524,0.06363,0.12289,0.08319,0.0027,0.81783,0.82368,0.00193,0.05619,0.01379,0.0839,0.12654,40.99212,-9.34584,0.38755,2.93225,1.09223,-32.50304
20260926-133621,20260926-133621-6,0,58772.658,0.35641,0.23819,0.62336,0.91842,-0.41139,1.10476,0.06296,0.10051,0.10783,0.0554,0.00932,0.45094,0.49851,0.02362,0.13681,0.01818,0.12477,0.10403,41.45559,-9.08524,0.34005,2.83512,1.09785,-32.45974
20260926-133621,20260926-133621-6,0,58772.69,0.35845,0.2607,0.63486,0.91287,-0.43246,1.08762,0.07665,0.13632,0.09244,0.0368,0.00836,0.45361,0.51294,0.0226,0.15145,0.01557,0.12583,0.0755,41.38095,-9.07458,0.28622,2.80375,1.11092,-32.35159
20260926-133621,20260926-133621-6,0,58772.718,0.35997,0.26972,0.64377,0.89528,-0.43607,1.07749,0.08303,0.14569,0.08517,0.03278,0.0087,0.44848,0.5052,0.02239,0.153,0.01267,0.12435,0.05919,41.31752,-9.06629,0.22984,2.74522,1.11344,-32.31287
20260926-133621,20260926-133621-6,0,58772.767,0.35044,0.27527,0.66454,0.90019,-0.45315,1.06433,0.11269,0.14667,0.06107,0.03399,0.00857,0.55646,0.57302,0.01133,0.15904,0.01165,0.11543,0.0594,40.45138,-8.93322,0.05974,2.7163,1.14511,-32.2258
20260926-133621,20260926-133621-6,0,58772.797,0.36104,0.272,0.66478,0.91582,-0.45522,1.06326,0.09814,0.12908,0.06777,0.03955,0.00771,0.55829,0.57439,0.01312,0.16395,0.01307,0.11521,0.06151,40.56105,-9.07645,-0.07958,2.65321,1.15025,-32.26919
20260926-133621,20260926-133621-6,0,58772.807,0.35546,0.26829,0.65975,0.91902,-0.45313,1.05929,0.0961,0.12692,0.06902,0.04028,0.00749,0.57268,0.58936,0.01159,0.16459,0.01304,0.11408,0.06587,40.42761,-9.10127,-0.09123,2.65387,1.15169,-32.26762
20260926-133621,20260926-133621-6,0,58772.827,0.35327,0.2665,0.65853,0.9258,-0.45197,1.05402,0.09294,0.12294,0.07141,0.04266,0.00713,0.58126,0.59723,0.01103,0.16509,0.01292,0.1122,0.06581,40.08943,-9.23723,-0.13164,2.65263,1.15301,-32.29343
20260926-133621,20260926-133621-6,0,58772.859,0.37233,0.26446,0.65809,0.92001,-0.45078,1.04929,0.09476,0.12525,0.07204,0.04368,0.0073,0.55282,0.56687,0.01482,0.16699,0.01338,0.11391,0.06725,39.98797,-9.28144,-0.08085,2.60351,1.14934,-32.31469
20260926-133621,20260926-133621-6,0,58772.893,0.36014,0.25776,0.64812,0.9042,-0.43473,1.01921,0.11263,0.14422,0.06364,0.0382,0.00776,0.57086,0.58627,0.01136,0.15911,0.01251,0.12023,0.06948,39.23157,-9.35804,-0.30893,2.62536,1.15827,-32.32454
20260926-133621,20260926-133621-6,0,58772.925,0.35678,0.25811,0.64822,0.9026,-0.43308,0.98422,0.11339,0.14296,0.06236,0.03852,0.00649,0.59444,0.60648,0.01052,0.16024,0.01233,0.12122,0.06281,38.75474,-9.47467,-0.53883,2.59614,1.16418,-32.38855
20260926-133621,20260926-133621-6,0,58772.96,0.37199,0.25097,0.64821,0.87961,-0.41835,0.96049,0.11224,0.14292,0.06357,0.04039,0.00786,0.54448,0.55853,0.01345,0.16145,0.011,0.12,0.0567,38.44252,-9.61676,-0.69047,2.53473,1.16824,-32.35342
20260926-133621,20260926-133621-6,0,58772.988,0.36794,0.24876,0.64569,0.87629,-0.40338,0.93164,0.11855,0.15085,0.06005,0.03769,0.0075,0.5545,0.56925,0.01204,0.159,0.00982,0.12007,0.05487,38.05329,-9.74397,-0.71529,2.5112,1.16732,-32.37263
20260926-133621,20260926-133621-6,0,58773.055,0.37044,0.25581,0.652,0.86689,-0.39146,0.91554,0.14643,0.18114,0.04763,0.02888,0.00773,0.52692,0.5454,0.01281,0.15313,0.00819,0.11623,0.04763,37.5357,-9.73061,-0.7329,2.52095,1.17953,-32.50003
20260926-133621,20260926-133621-6,0,58773.087,0.37243,0.26269,0.64694,0.85318,-0.3983,0.8898,0.1532,0.18627,0.04687,0.02809,0.00782,0.52801,0.54594,0.01266,0.17001,0.00902,0.11789,0.04956,37.41977,-9.77813,-0.79494,2.46295,1.18511,-32.47316
20260926-133621,20260926-133621-6,0,58773.136,0.39141,0.25936,0.64004,0.8251,-0.38924,0.88386,0.1504,0.18593,0.04991,0.02917,0.0116,0.4469,0.4669,0.01823,0.18336,0.00986,0.11687,0.05728,37.67171,-9.78324,-0.56284,2.43751,1.18479,-32.48713
20260926-133621,20260926-133621-6,0,58773.167,0.38189,0.26401,0.64364,0.83156,-0.39163,0.87815,0.1552,0.18875,0.04766,0.02771,0.00945,0.47775,0.49576,0.01619,0.18415,0.00839,0.1171,0.05159,37.48865,-10.01086,-0.56832,2.43383,1.17764,-32.60642
20260926-133621,20260926-133621-6,0,58773.191,0.38367,0.26852,0.63683,0.82976,-0.39701,0.87529,0.15505,0.18772,0.04809,0.02684,0.00994,0.47192,0.49169,0.01619,0.19694,0.00916,0.11163,0.05512,37.45264,-9.95323,-0.49843,2.4118,1.1799,-32.55205
20260926-133621,20260926-133621-6,0,58773.208,0.38068,0.26946,0.63781,0.83177,-0.39243,0.87713,0.15905,0.19197,0.04693,0.02579,0.00967,0.47885,0.49853,0.01538,0.1898,0.00906,0.11138,0.05617,37.33278,-10.12894,-0.5661,2.42366,1.17431,-32.59261
20260926-133621,20260926-133621-6,0,58773.229,0.37662,0.26932,0.63275,0.8309,-0.39202,0.85801,0.15201,0.19216,0.04954,0.02529,0.00895,0.48589,0.5115,0.01459,0.20195,0.0088,0.10991,0.05566,37.29653,-10.10155,-0.5294,2.40818,1.17564,-32.58452
20260926-133621,20260926-133621-6,0,58773.262,0.38287,0.26804,0.63195,0.823,-0.38698,0.85299,0.15369,0.19677,0.04939,0.02434,0.01013,0.46417,0.49236,0.01563,0.20556,0.00913,0.10712,0.06174,37.23339,-10.00857,-0.36714,2.40047,1.1766,-32.61453
20260926-133621,20260926-133621-6,0,58773.296,0.38118,0.27259,0.63378,0.83123,-0.39027,0.85433,0.16066,0.20204,0.04668,0.02328,0.00905,0.48244,0.50895,0.01469,0.20226,0.00934,0.10808,0.05872,37.04782,-9.93614,-0.33138,2.3985,1.17873,-32.67047
20260926-133621,20260926-133621-6,0,58773.325,0.3819,0.2712,0.62969,0.82301,-0.38856,0.84636,0.15734,0.1916,0.04715,0.02517,0.01037,0.47336,0.49712,0.01459,0.2114,0.01009,0.10655,0.06301,36.9892,-9.86049,-0.25299,2.36435,1.17756,-32.60848
20260926-133621,20260926-133621-6,0,58773.358,0.37916,0.27035,0.63093,0.82828,-0.37647,0.84444,0.16077,0.19433,0.04595,0.02476,0.00974,0.48778,0.50983,0.01352,0.19896,0.00973,0.10726,0.06386,36.69663,-9.82396,-0.16105,2.36632,1.17783,-32.67024
20260926-133621,20260926-133621-6,0,58773.39,0.37154,0.27189,0.61752,0.83222,-0.38543,0.84209,0.16296,0.20136,0.04605,0.02255,0.00924,0.5012,0.52787,0.01185,0.20864,0.00991,0.10448,0.06736,36.72559,-9.89737,-0.10529,2.32506,1.16397,-32.61532
20260926-133621,20260926-133621-6,0,58773.458,0.39826,0.27311,0.61592,0.79958,-0.37964,0.82709,0.16438,0.19826,0.04541,0.02414,0.0139,0.41849,0.44277,0.01792,0.21437,0.01151,0.10954,0.0733,36.73696,-10.04361,-0.15728,2.27818,1.15708,-32.66408
20260926-133621,20260926-133621-6,0,58773.503,0.39992,0.273,0.61281,0.78804,-0.37993,0.82689,0.1618,0.19598,0.0466,0.02496,0.0158,0.39884,0.42593,0.01895,0.21808,0.01218,0.11185,0.07431,36.83183,-10.15165,-0.31721,2.22955,1.15175,-32.63295
20260926-133621,20260926-133621-6,0,58773.536,0.40771,0.27387,0.61302,0.78897,-0.38427,0.83418,0.16634,0.2,0.04557,0.02455,0.0162,0.3856,0.41144,0.02096,0.21516,0.01256,0.11346,0.07608,36.87402,-10.25189,-0.30867,2.1992,1.1415,-32.65745
20260926-133621,20260926-133621-6,0,58773.56,0.40102,0.27249,0.612,0.80416,-0.38654,0.84383,0.17137,0.20413,0.04423,0.02367,0.01448,0.41071,0.43735,0.01841,0.21002,0.01185,0.11348,0.07434,36.92852,-10.38139,-0.32192,2.18315,1.13122,-32.66888
20260926-133621,20260926-133621-6,0,58773.574,0.39782,0.27045,0.61029,0.80594,-0.3829,0.84132,0.17564,0.2079,0.04321,0.02312,0.01415,0.41455,0.44063,0.01784,0.20566,0.01152,0.11642,0.07516,36.88264,-10.421,-0.32669,2.17341,1.12607,-32.68965
20260926-133621,20260926-133621-6,0,58773.598,0.39531,0.26896,0.60825,0.80386,-0.37771,0.83514,0.17761,0.20978,0.04283,0.02294,0.01433,0.41433,0.44133,0.01733,0.20363,0.01141,0.11848,0.07576,36.8052,-10.39562,-0.28949,2.15325,1.12401,-32.68779
20260926-133621,20260926-133621-6,0,58773.632,0.39778,0.26749,0.60183,0.79732,-0.37202,0.82475,0.18463,0.21665,0.04132,0.02193,0.01516,0.39877,0.42582,0.01812,0.20219,0.01152,0.12116,0.07995,36.55245,-10.4078,-0.25333,2.1375,1.11895,-32.71532
20260926-133621,20260926-133621-6,0,58773.661,0.3971,0.26287,0.58883,0.78907,-0.36504,0.81018,0.17912,0.21321,0.04392,0.02307,0.01732,0.38409,0.4142,0.01791,0.20668,0.0129,0.12165,0.08847,36.31112,-10.39733,-0.26929,2.06933,1.11241,-32.55069
20260926-133621,20260926-133621-6,0,58773.694,0.40595,0.25599,0.57672,0.77525,-0.35738,0.79905,0.167,0.20438,0.04939,0.02488,0.02084,0.34745,0.37639,0.02041,0.21604,0.01427,0.12257,0.10882,36.27031,-10.37468,-0.06601,1.95627,1.09333,-32.43945
20260926-133621,20260926-133621-6,0,58773.726,0.38321,0.24352,0.55797,0.76666,-0.33015,0.7778,0.14856,0.18664,0.05981,0.02889,0.02272,0.3693,0.40447,0.01387,0.20743,0.01386,0.12395,0.12418,35.83362,-10.4713,-0.16672,1.78581,1.07393,-32.23194
20260926-133621,20260926-133621-6,0,58773.758,0.40792,0.23416,0.55445,0.73002,-0.30678,0.76211,0.14236,0.18248,0.06723,0.03442,0.02954,0.27579,0.28636,0.02417,0.18258,0.01158,0.11811,0.11402,34.43761,-11.15885,-0.57976,1.65446,1.009,-32.22663
20260926-133621,20260926-133621-6,0,58773.789,0.45297,0.2198,0.55238,0.70929,-0.26818,0.75453,0.1194,0.17075,0.07878,0.04284,0.05015,0.14225,0.16197,0.05852,0.13941,0.009,0.09358,0.08852,32.86449,-11.73176,-0.89623,1.51137,0.95702,-32.1884
20260926-133621,20260926-133621-6,0,58773.87,0.42558,0.2203,0.52749,0.74351,-0.2572,0.70926,0.13339,0.2038,0.06335,0.03061,0.0104,0.31889,0.35264,0.02076,0.10884,0.00938,0.05004,0.10396,29.09884,-12.50953,-1.16777,1.3051,0.83187,-31.96029
20260926-133621,20260926-133621-6,0,58773.902,0.42944,0.22511,0.53202,0.73733,-0.25675,0.69928,0.14284,0.23739,0.05818,0.02658,0.00955,0.26767,0.32535,0.02846,0.11121,0.00953,0.05324,0.08661,27.77071,-13.17658,-1.38624,1.29285,0.77692,-32.15738
20260926-133621,20260926-133621-6,0,58773.924,0.42351,0.22599,0.52767,0.74985,-0.25392,0.68586,0.15683,0.2543,0.05479,0.0237,0.0068,0.33354,0.38614,0.02074,0.1175,0.01045,0.05644,0.09995,27.29899,-13.04099,-1.42473,1.28045,0.77933,-32.17649
20260926-133621,20260926-133621-6,0,58773.939,0.41636,0.22579,0.5279,0.73632,-0.24492,0.67473,0.15843,0.25346,0.05462,0.0242,0.00761,0.31131,0.35939,0.0215,0.11816,0.0098,0.05809,0.09153,26.76582,-12.83441,-1.25775,1.24863,0.78512,-32.27472
20260926-133621,20260926-133621-6,0,58773.966,0.43741,0.22536,0.52486,0.69852,-0.23956,0.65613,0.16724,0.25098,0.05256,0.02455,0.01455,0.20738,0.25202,0.03098,0.12107,0.0096,0.06567,0.07997,25.96462,-12.43711,-1.09386,1.16839,0.78277,-32.26861
20260926-133621,20260926-133621-6,0,58773.996,0.45059,0.22168,0.53073,0.70052,-0.2336,0.64124,0.19865,0.27502,0.043,0.02117,0.01408,0.20547,0.24776,0.03083,0.11966,0.00948,0.0698,0.07786,24.97392,-11.69738,-0.85631,1.08229,0.8044,-32.28289
20260926-133621,20260926-133621-6,0,58774.03,0.44064,0.21691,0.52442,0.71394,-0.22622,0.62342,0.21673,0.27848,0.03766,0.02013,0.00894,0.27712,0.30996,0.02156,0.12507,0.01052,0.07482,0.09722,23.83496,-11.06177,-0.62972,1.02544,0.82339,-32.28988
20260926-133621,20260926-133621-6,0,58774.062,0.44033,0.2202,0.52304,0.70146,-0.22376,0.61703,0.22813,0.28412,0.03589,0.01859,0.00992,0.26992,0.29664,0.02056,0.12712,0.01079,0.07429,0.11058,23.14641,-10.80429,-0.57012,0.9572,0.82571,-32.33387
20260926-133621,20260926-133621-6,0,58774.095,0.45419,0.21883,0.52095,0.69686,-0.21956,0.60532,0.23301,0.30676,0.0358,0.01672,0.01029,0.24714,0.28332,0.02317,0.12828,0.01143,0.07425,0.12143,22.19029,-10.71137,-0.61428,0.91372,0.83026,-32.42081
20260926-133621,20260926-133621-6,0,58774.124,0.46592,0.21346,0.51578,0.68912,-0.2172,0.60049,0.22069,0.30139,0.03807,0.01786,0.0109,0.22834,0.26874,0.02587,0.12187,0.01258,0.07101,0.13085,21.12573,-10.24032,-0.61107,0.87526,0.85278,-32.45962
20260926-133621,20260926-133621-6,0,58774.158,0.47688,0.2104,0.51209,0.69425,-0.21019,0.59789,0.20562,0.31306,0.04244,0.0177,0.00979,0.22315,0.27832,0.02835,0.11443,0.01404,0.06548,0.1492,20.34497,-9.87657,-0.59801,0.83059,0.87607,-32.46947
20260926-133621,20260926-133621-6,0,58774.191,0.47513,0.20817,0.50717,0.69292,-0.1993,0.59749,0.18935,0.31435,0.04798,0.01783,0.01018,0.20694,0.26892,0.03066,0.10321,0.01428,0.06148,0.152,19.90389,-9.91127,-0.42321,0.80861,0.87871,-32.5032
20260926-133621,20260926-133621-6,0,58774.273,0.45483,0.20802,0.49834,0.69987,-0.19019,0.58702,0.17373,0.27984,0.05083,0.0208,0.00734,0.26155,0.31038,0.02341,0.1027,0.01459,0.06299,0.13446,19.67686,-10.43545,-0.5392,0.7554,0.85381,-32.54662
20260926-133621,20260926-133621-6,0,58774.292,0.45823,0.20796,0.49835,0.69394,-0.19082,0.58834,0.16714,0.27238,0.05294,0.02189,0.00853,0.23714,0.28699,0.02628,0.10178,0.01444,0.0622,0.13099,19.72223,-10.55983,-0.56702,0.75703,0.8475,-32.56775
20260926-133621,20260926-133621-6,0,58774.31,0.44687,0.20677,0.49616,0.69231,-0.18933,0.58634,0.16125,0.2502,0.05388,0.02424,0.00759,0.26739,0.30665,0.02199,0.10364,0.0147,0.06109,0.1295,19.54733,-10.57612,-0.54914,0.75106,0.8477,-32.57636
20260926-133621,20260926-133621-6,0,58774.332,0.46008,0.20539,0.49697,0.68023,-0.18935,0.58701,0.15059,0.24449,0.05844,0.02607,0.01087,0.20204,0.25254,0.02997,0.1019,0.01454,0.06184,0.12937,19.47367,-10.54246,-0.56632,0.7548,0.84894,-32.61457
20260926-133621,20260926-133621-6,0,58774.366,0.45527,0.203,0.4908,0.68018,-0.1886,0.58361,0.15106,0.22355,0.0565,0.02944,0.00942,0.23355,0.27098,0.02548,0.10307,0.01582,0.06262,0.13562,18.97575,-10.53016,-0.58,0.74751,0.84632,-32.58778
20260926-133621,20260926-133621-6,0,58774.397,0.44601,0.20459,0.49147,0.68169,-0.18753,0.58128,0.15106,0.21839,0.05565,0.02971,0.00806,0.26305,0.29447,0.02181,0.10403,0.016,0.06232,0.13367,18.75202,-10.52413,-0.56606,0.74426,0.84544,-32.60622
20260926-133621,20260926-133621-6,0,58774.432,0.45725,0.20296,0.491,0.67738,-0.18863,0.58099,0.14564,0.21652,0.05779,0.03097,0.00974,0.22003,0.26109,0.02733,0.1028,0.0161,0.06307,0.12841,18.62524,-10.46803,-0.59985,0.73101,0.8454,-32.59601
20260926-133621,20260926-133621-6,0,58774.463,0.45754,0.20089,0.49259,0.68277,-0.18656,0.57396,0.17963,0.21763,0.04474,0.03067,0.00714,0.29573,0.31416,0.01893,0.10259,0.01609,0.0681,0.13823,18.0113,-10.1884,-0.78782,0.69078,0.86193,-32.55878
20260926-133621,20260926-133621-6,0,58774.493,0.46373,0.19947,0.49395,0.67643,-0.18313,0.56389,0.17779,0.23446,0.04679,0.0275,0.00756,0.28085,0.30547,0.01912,0.10995,0.01638,0.06917,0.15796,17.4682,-9.9394,-0.71052,0.66216,0.87169,-32.57056
20260926-133621,20260926-133621-6,0,58774.525,0.4533,0.19705,0.49752,0.67681,-0.18003,0.56473,0.16331,0.20764,0.04935,0.03217,0.00725,0.289,0.30571,0.01835,0.10517,0.01535,0.06845,0.13048,17.34985,-10.04284,-0.79393,0.64636,0.84094,-32.59114
20260926-133621,20260926-133621-6,0,58774.558,0.4483,0.19722,0.50053,0.68046,-0.18067,0.56004,0.18275,0.21811,0.04259,0.02973,0.00573,0.33631,0.34496,0.01488,0.1037,0.01472,0.08511,0.12416,16.98678,-9.69127,-0.8033,0.64106,0.8208,-32.58955
20260926-133621,20260926-133621-6,0,58774.604,0.44455,0.1994,0.51163,0.68769,-0.18142,0.56347,0.20216,0.23828,0.03694,0.02515,0.00432,0.38308,0.38606,0.01242,0.09428,0.01325,0.08379,0.11853,16.54015,-9.48078,-0.82356,0.62705,0.78075,-32.60811
20260926-133621,20260926-133621-6,0,58774.637,0.44555,0.19857,0.51662,0.68923,-0.18087,0.56498,0.20887,0.24504,0.03521,0.02433,0.00391,0.39831,0.40144,0.01183,0.09071,0.01245,0.0875,0.11837,16.22173,-9.26724,-0.79177,0.62179,0.76222,-32.5969
20260926-133621,20260926-133621-6,0,58774.669,0.44671,0.19911,0.51442,0.69069,-0.18222,0.5611,0.21949,0.25499,0.03279,0.02279,0.00358,0.41029,0.4136,0.01145,0.09209,0.01282,0.09226,0.13029,15.97113,-9.0604,-0.69354,0.61629,0.74897,-32.58652
20260926-133621,20260926-133621-6,0,58774.701,0.44986,0.20007,0.51307,0.69321,-0.18174,0.55725,0.22806,0.2645,0.03152,0.02153,0.00345,0.41086,0.41725,0.01168,0.09561,0.01372,0.09426,0.1473,15.76721,-8.81972,-0.60208,0.61236,0.74938,-32.58385
20260926-133621,20260926-133621-6,0,58774.734,0.44891,0.20081,0.50874,0.69505,-0.18281,0.55209,0.2317,0.26766,0.03109,0.02102,0.00326,0.41946,0.42533,0.01134,0.10136,0.01445,0.09594,0.15343,15.71731,-8.83623,-0.53359,0.6045,0.73812,-32.56341
20260926-133621,20260926-133621-6,0,58774.768,0.45266,0.20116,0.50872,0.69499,-0.18336,0.55131,0.23478,0.27181,0.03098,0.02064,0.00343,0.40642,0.41563,0.01208,0.10335,0.01427,0.09373,0.16,15.73227,-8.86042,-0.51997,0.5949,0.73628,-32.5489
20260926-133621,20260926-133621-6,0,58774.798,0.45365,0.20062,0.50741,0.69695,-0.18528,0.55023,0.23773,0.27655,0.03067,0.02012,0.00332,0.40891,0.41995,0.01211,0.10541,0.01431,0.09126,0.16434,15.71137,-8.89625,-0.48969,0.5813,0.73437,-32.5271
20260926-133621,20260926-133621-6,0,58774.83,0.45885,0.19894,0.50479,0.69234,-0.18654,0.55166,0.24016,0.27682,0.03006,0.02027,0.0039,0.37324,0.3883,0.01396,0.10183,0.01415,0.08851,0.16535,15.67381,-8.98043,-0.46456,0.57226,0.73006,-32.51656
20260926-133621,20260926-133621-7,0,58778.512,0.57495,0.16275,0.39261,0.56468,-0.15896,0.41462,0.0349,0.03499,0.22539,0.23805,0.02335,0.07271,0.16422,0.07134,0.23181,0.22773,0.1212,0.22274,-1.61164,-14.49396,3.08472,-1.5859,1.53456,-33.71397
20260926-133621,20260926-133621-7,0,58778.544,0.57282,0.16892,0.42705,0.56544,-0.16476,0.44151,0.04024,0.04187,0.19228,0.20339,0.02226,0.07847,0.16535,0.06582,0.18469,0.16585,0.11456,0.2189,-1.60425,-14.36426,3.08567,-1.58946,1.53719,-33.69339
20260926-133621,20260926-133621-7,0,58778.573,0.57136,0.17262,0.44543,0.56623,-0.16891,0.45812,0.04539,0.04877,0.1705,0.17947,0.02178,0.08395,0.1655,0.06157,0.16005,0.12692,0.10996,0.1988,-1.59984,-14.17744,3.08197,-1.59432,1.53971,-33.66658
20260926-133621,20260926-133621-7,0,58778.621,0.57296,0.17445,0.45879,0.56771,-0.17111,0.46924,0.05232,0.05751,0.14781,0.15545,0.02109,0.08769,0.16716,0.05909,0.1381,0.10291,0.10712,0.18759,-1.58201,-13.87564,3.09372,-1.59998,1.53971,-33.65331
20260926-133621,20260926-133621-7,0,58778.655,0.57408,0.17635,0.46609,0.57112,-0.17269,0.47617,0.05961,0.06674,0.12937,0.13507,0.01981,0.09428,0.17196,0.05498,0.12285,0.08931,0.10564,0.18805,-1.54494,-13.60521,3.10406,-1.60773,1.5475,-33.66352
20260926-133621,20260926-133621-7,0,58778.686,0.57359,0.17667,0.47219,0.57194,-0.17304,0.48311,0.06314,0.07169,0.12135,0.12635,0.01955,0.09823,0.17111,0.05261,0.11026,0.08004,0.10335,0.18259,-1.54524,-13.39129,3.11266,-1.61001,1.55273,-33.65835
20260926-133621,20260926-133621-7,0,58778.718,0.57448,0.17925,0.47702,0.57402,-0.17576,0.48865,0.07196,0.08297,0.10567,0.11028,0.01909,0.10082,0.17319,0.05146,0.10063,0.07302,0.10013,0.18251,-1.48015,-13.20798,3.11649,-1.61485,1.55095,-33.66322
20260926-133621,20260926-133621-7,0,58778.749,0.57453,0.18043,0.48134,0.57443,-0.17698,0.49366,0.0765,0.08901,0.09834,0.10256,0.01919,0.10253,0.17114,0.05025,0.09377,0.06767,0.0962,0.17672,-1.49057,-13.06516,3.11657,-1.61472,1.54899,-33.65506
20260926-133621,20260926-133621-7,0,58778.782,0.57371,0.18081,0.48414,0.57376,-0.17777,0.49662,0.07885,0.09273,0.09466,0.09875,0.01953,0.10356,0.16786,0.04949,0.09006,0.06445,0.09306,0.17048,-1.4745,-13.00503,3.12809,-1.61483,1.54246,-33.64368
20260926-133621,20260926-133621-7,0,58778.813,0.57334,0.18176,0.48743,0.57248,-0.1789,0.49945,0.0818,0.09722,0.09033,0.09439,0.0199,0.10461,0.16437,0.04876,0.0861,0.06079,0.0904,0.16595,-1.48491,-12.88879,3.12287,-1.61331,1.53885,-33.63428
20260926-133621,20260926-133621-7,0,58778.846,0.5742,0.18289,0.492,0.57244,-0.18065,0.50413,0.0866,0.10406,0.0842,0.08774,0.02001,0.10556,0.1629,0.04808,0.08013,0.0558,0.08624,0.15934,-1.5248,-12.80183,3.11243,-1.61013,1.53434,-33.62791
20260926-133621,20260926-133621-7,0,58778.879,0.57327,0.1815,0.49507,0.56993,-0.17999,0.50431,0.08494,0.10268,0.08518,0.08936,0.0204,0.10619,0.1598,0.04767,0.07836,0.0529,0.08671,0.15043,-1.54686,-12.78215,3.12343,-1.60676,1.52675,-33.6054
20260926-133621,20260926-133621-7,0,58778.911,0.57431,0.18202,0.49858,0.57142,-0.18095,0.50742,0.08719,0.10597,0.08232,0.08578,0.01965,0.10711,0.16442,0.0476,0.07322,0.04829,0.08443,0.14626,-1.56704,-12.75933,3.10001,-1.60376,1.51503,-33.58487
20260926-133621,20260926-133621-7,0,58778.942,0.57425,0.18144,0.49951,0.56989,-0.18035,0.50729,0.08699,0.10624,0.08202,0.08578,0.01991,0.10701,0.16242,0.04754,0.07238,0.04712,0.08611,0.14538,-1.58397,-12.67939,3.09796,-1.60251,1.51126,-33.5761
20260926-133621,20260926-133621-7,0,58778.989,0.57478,0.18208,0.50348,0.57039,-0.18219,0.51094,0.09214,0.11262,0.0771,0.08026,0.01936,0.11225,0.16419,0.04538,0.06832,0.04323,0.08432,0.13979,-1.6217,-12.54667,3.07126,-1.60052,1.4973,-33.53718
20260926-133621,20260926-133621-7,0,58779.023,0.57508,0.18144,0.50548,0.57065,-0.1819,0.51269,0.09299,0.11379,0.07634,0.07954,0.01928,0.11384,0.16405,0.04475,0.06612,0.04117,0.08399,0.1374,-1.62683,-12.49063,3.07944,-1.59972,1.49257,-33.52156
20260926-133621,20260926-133621-7,0,58779.055,0.57575,0.18226,0.50722,0.57137,-0.18311,0.51509,0.09793,0.12063,0.07243,0.0751,0.01931,0.11665,0.16285,0.04357,0.06331,0.03912,0.08298,0.13775,-1.59621,-12.42239,3.07111,-1.60083,1.48563,-33.51117
20260926-133621,20260926-133621-7,0,58779.09,0.57506,0.18146,0.50767,0.57069,-0.1822,0.51562,0.09644,0.11956,0.07336,0.07619,0.01923,0.11808,0.1628,0.04304,0.06249,0.03815,0.08283,0.13661,-1.59651,-12.40869,3.08485,-1.60076,1.47662,-33.49482
20260926-133621,20260926-133621-7,0,58779.117,0.57519,0.18234,0.50965,0.57059,-0.18375,0.51909,0.09864,0.12268,0.07151,0.07377,0.01927,0.11828,0.16226,0.04293,0.06046,0.03676,0.07853,0.13503,-1.60185,-12.39037,3.06378,-1.6004,1.46619,-33.48454
20260926-133621,20260926-133621-7,0,58779.148,0.57484,0.18146,0.51153,0.5704,-0.18322,0.52232,0.09696,0.12095,0.07249,0.07484,0.01909,0.11959,0.16305,0.04256,0.05834,0.03558,0.07584,0.13226,-1.63171,-12.325,3.06178,-1.59919,1.45323,-33.47099
20260926-133621,20260926-133621-7,0,58779.18,0.57452,0.17543,0.51676,0.57218,-0.17818,0.52349,0.08963,0.10975,0.07839,0.08184,0.01796,0.1207,0.17023,0.04263,0.0543,0.03095,0.07645,0.11645,-1.66819,-12.0796,3.05187,-1.60024,1.44103,-33.48403
20260926-133621,20260926-133621-7,0,58779.215,0.57594,0.17517,0.51688,0.57314,-0.17811,0.52555,0.09591,0.11863,0.07336,0.07632,0.0182,0.12052,0.16805,0.04259,0.05048,0.02887,0.0765,0.12224,-1.66483,-11.90188,2.99668,-1.60344,1.42395,-33.5057
20260926-133621,20260926-133621-7,0,58779.247,0.5774,0.17393,0.51569,0.57426,-0.17602,0.52319,0.09907,0.12249,0.07097,0.07366,0.0181,0.12066,0.16823,0.04239,0.05012,0.0281,0.08262,0.12665,-1.6494,-11.72544,2.97623,-1.60642,1.41748,-33.51633
20260926-133621,20260926-133621-7,0,58779.278,0.57824,0.17362,0.51482,0.5745,-0.1755,0.5222,0.10097,0.1257,0.06933,0.07211,0.01806,0.12106,0.16889,0.04226,0.05085,0.02826,0.08478,0.13088,-1.69747,-11.63513,2.94438,-1.60505,1.4096,-33.51609
20260926-133621,20260926-133621-7,0,58779.311,0.57855,0.17425,0.51506,0.57465,-0.17591,0.52311,0.1038,0.12945,0.06768,0.06992,0.01801,0.12491,0.16761,0.0407,0.05072,0.02838,0.08442,0.13441,-1.69977,-11.57313,2.91754,-1.60413,1.40396,-33.51569
20260926-133621,20260926-133621-7,0,58779.359,0.58111,0.17531,0.51513,0.57467,-0.17793,0.52518,0.10841,0.13518,0.06484,0.06604,0.0186,0.12215,0.16311,0.04117,0.05089,0.02868,0.08172,0.13884,-1.69348,-11.52492,2.8741,-1.59762,1.397,-33.51607
20260926-133621,20260926-133621-7,0,58779.39,0.58285,0.17648,0.51741,0.5761,-0.17986,0.52664,0.1126,0.14007,0.06267,0.06353,0.01847,0.12524,0.16251,0.03994,0.0515,0.02891,0.08234,0.14112,-1.68926,-11.4977,2.82797,-1.58515,1.3956,-33.52763
20260926-133621,20260926-133621-7,0,58779.409,0.5803,0.17677,0.51769,0.57773,-0.17934,0.52676,0.11184,0.13947,0.06297,0.06397,0.01715,0.13292,0.17022,0.03782,0.05114,0.02893,0.08214,0.14077,-1.69661,-11.50793,2.82206,-1.58084,1.39427,-33.53406
20260926-133621,20260926-133621-7,0,58779.454,0.5886,0.17659,0.51554,0.58202,-0.18045,0.52327,0.1235,0.15208,0.05779,0.0583,0.0197,0.11516,0.15677,0.04283,0.05266,0.02903,0.09011,0.14251,-1.6192,-11.40991,2.69742,-1.52835,1.39937,-33.55537
20260926-133621,20260926-133621-7,0,58779.487,0.58946,0.17697,0.51753,0.5849,-0.18255,0.52537,0.12701,0.15564,0.05568,0.05649,0.01968,0.10959,0.1591,0.04499,0.05248,0.02825,0.09265,0.13986,-1.55034,-11.47315,2.59559,-1.4961,1.39283,-33.59511
20260926-133621,20260926-133621-7,0,58779.516,0.58858,0.17755,0.51757,0.58595,-0.18343,0.52733,0.1296,0.15911,0.0548,0.05579,0.02039,0.11029,0.15393,0.04424,0.05136,0.02803,0.09468,0.14023,-1.45595,-11.50055,2.53474,-1.46824,1.38667,-33.61234
20260926-133621,20260926-133621-7,0,58779.548,0.59233,0.17783,0.51596,0.58439,-0.1844,0.52867,0.13207,0.16267,0.05369,0.05423,0.02327,0.09694,0.14131,0.04944,0.05073,0.0274,0.09508,0.14057,-1.31892,-11.46153,2.46494,-1.43829,1.38179,-33.6262
20260926-133621,20260926-133621-7,0,58779.583,0.59596,0.17788,0.51642,0.58362,-0.1839,0.52819,0.13211,0.16387,0.05338,0.05285,0.02389,0.08852,0.14052,0.05393,0.05029,0.02585,0.09323,0.14104,-1.24199,-11.35542,2.42278,-1.41379,1.37688,-33.62711
20260926-133621,20260926-133621-7,0,58779.613,0.59878,0.17624,0.51643,0.58346,-0.1811,0.52645,0.13032,0.16314,0.05426,0.05252,0.02405,0.08312,0.14142,0.05735,0.05092,0.02389,0.09417,0.14131,-1.20252,-11.23057,2.37028,-1.38993,1.37271,-33.63423
20260926-133621,20260926-133621-7,0,58779.644,0.5978,0.17603,0.5177,0.58449,-0.17911,0.52612,0.12929,0.1625,0.05523,0.05291,0.02308,0.08611,0.14518,0.05594,0.05096,0.02265,0.09533,0.14016,-1.15055,-11.07733,2.27322,-1.37183,1.36932,-33.63261
20260926-133621,20260926-133621-7,0,58779.677,0.59697,0.17664,0.5188,0.58416,-0.17803,0.52507,0.12859,0.16213,0.05605,0.05316,0.02296,0.08803,0.14487,0.05487,0.0521,0.02219,0.09541,0.13973,-1.13721,-10.93097,2.1908,-1.34978,1.37112,-33.64401
20260926-133621,20260926-133621-7,0,58779.727,0.59688,0.1768,0.5202,0.58332,-0.17914,0.52496,0.1297,0.16321,0.05587,0.05293,0.02423,0.08756,0.13842,0.05486,0.0542,0.02183,0.09686,0.137,-1.10852,-10.78115,2.12203,-1.30998,1.37748,-33.66581
20260926-133621,20260926-133621-7,0,58779.759,0.59475,0.17705,0.5218,0.58121,-0.1803,0.52674,0.12887,0.16242,0.05631,0.05343,0.02539,0.09009,0.13155,0.05263,0.0537,0.02155,0.09402,0.13392,-1.09972,-10.76917,2.06929,-1.27258,1.37778,-33.66729
20260926-133621,20260926-133621-7,0,58779.774,0.59402,0.1773,0.52297,0.58196,-0.18065,0.5275,0.12976,0.16329,0.05574,0.05309,0.02435,0.0937,0.13516,0.05083,0.05364,0.02153,0.09435,0.13363,-1.11288,-10.76575,2.04984,-1.2609,1.37798,-33.67854
20260926-133621,20260926-133621-7,0,58779.791,0.59637,0.17663,0.52242,0.58176,-0.18075,0.52743,0.13067,0.16352,0.05519,0.0532,0.02574,0.08796,0.13103,0.05385,0.05338,0.02177,0.09669,0.13153,-1.08193,-10.70334,1.9855,-1.23788,1.38408,-33.69541
20260926-133621,20260926-133621-7,0,58779.855,0.59756,0.17603,0.52249,0.57929,-0.18106,0.52684,0.13215,0.16552,0.05486,0.05269,0.02834,0.08472,0.12141,0.05492,0.05474,0.0211,0.10043,0.13017,-0.97207,-10.68148,1.82219,-1.18508,1.39465,-33.76068
20260926-133621,20260926-133621-7,0,58779.886,0.60149,0.17608,0.52167,0.58008,-0.18187,0.52713,0.13455,0.16748,0.05333,0.05152,0.02774,0.07877,0.12655,0.05962,0.05518,0.02146,0.10255,0.13452,-0.93759,-10.69247,1.76957,-1.16233,1.39871,-33.81421
20260926-133621,20260926-133621-7,0,58779.92,0.60014,0.17608,0.52136,0.58064,-0.18171,0.5258,0.13267,0.16473,0.05369,0.05225,0.02565,0.08039,0.13523,0.05924,0.05631,0.0219,0.10383,0.1357,-0.90498,-10.68128,1.72902,-1.14489,1.40411,-33.86606
20260926-133621,20260926-133621-7,0,58779.948,0.60095,0.17682,0.52319,0.58098,-0.18126,0.52458,0.13079,0.16288,0.0543,0.0525,0.02448,0.08065,0.14152,0.05958,0.05762,0.02183,0.10405,0.13672,-0.8885,-10.64084,1.71998,-1.1268,1.40946,-33.91317
20260926-133621,20260926-133621-7,0,58779.984,0.60009,0.17656,0.52221,0.58069,-0.18031,0.5219,0.12729,0.15836,0.05497,0.05344,0.02314,0.07916,0.14905,0.06106,0.05871,0.02206,0.10505,0.13596,-0.88791,-10.61112,1.65931,-1.1037,1.41658,-33.97556
20260926-133621,20260926-133621-7,0,58780.015,0.59929,0.1764,0.52245,0.57997,-0.17828,0.52196,0.12218,0.15228,0.05719,0.05591,0.022,0.08033,0.1554,0.06093,0.05757,0.02247,0.10292,0.13642,-0.91427,-10.57708,1.60019,-1.07542,1.42386,-34.03695
20260926-133621,20260926-133621-7,0,58780.047,0.60079,0.17568,0.52212,0.57993,-0.17715,0.52216,0.12253,0.15295,0.05708,0.05539,0.0223,0.07829,0.15377,0.06199,0.05624,0.022,0.10147,0.13861,-0.9093,-10.57613,1.52766,-1.04833,1.42463,-34.09458
20260926-133621,20260926-133621-7,0,58780.093,0.60224,0.17362,0.52207,0.58133,-0.17667,0.52322,0.12614,0.1572,0.05576,0.05421,0.02233,0.0777,0.15393,0.06222,0.05411,0.02103,0.10277,0.14227,-0.94164,-10.55369,1.47571,-1.02185,1.42293,-34.16965
20260926-133621,20260926-133621-7,0,58780.126,0.60037,0.16965,0.51986,0.58205,-0.17436,0.5223,0.12514,0.15539,0.0566,0.05638,0.0218,0.08327,0.15471,0.05836,0.05309,0.02119,0.10767,0.14557,-0.97492,-10.50146,1.45343,-1.00866,1.42399,-34.22009
20260926-133621,20260926-133621-7,0,58780.142,0.59917,0.16893,0.5193,0.5824,-0.17389,0.52193,0.12639,0.15687,0.05639,0.05638,0.02167,0.08742,0.1535,0.05555,0.05275,0.02121,0.10931,0.14773,-0.99197,-10.47441,1.44897,-1.0041,1.42419,-34.23893
20260926-133621,20260926-133621-7,0,58780.158,0.59846,0.16803,0.51924,0.58238,-0.17284,0.52149,0.12617,0.15688,0.05679,0.05686,0.02176,0.08991,0.15168,0.05388,0.05228,0.02099,0.11113,0.14983,-1.0122,-10.44638,1.4251,-0.99792,1.42243,-34.26499
20260926-133621,20260926-133621-7,0,58780.191,0.59629,0.16633,0.51914,0.58279,-0.17114,0.51983,0.1248,0.15558,0.05782,0.05826,0.02117,0.09598,0.15272,0.05064,0.05275,0.02114,0.11476,0.15473,-1.05307,-10.34518,1.39597,-0.98393,1.42462,-34.33519
20260926-133621,20260926-133621-7,0,58780.256,0.60072,0.16765,0.52183,0.58284,-0.17253,0.51764,0.12777,0.15894,0.05636,0.05598,0.02128,0.09057,0.15509,0.05394,0.05643,0.02106,0.11715,0.15648,-1.17273,-10.24793,1.32348,-0.93628,1.43749,-34.52735
20260926-133621,20260926-133621-7,0,58780.288,0.5998,0.16809,0.52537,0.58524,-0.1722,0.52235,0.12911,0.15993,0.05538,0.05548,0.01912,0.09354,0.16899,0.05361,0.05338,0.02077,0.11058,0.1512,-1.28723,-10.16642,1.29164,-0.90648,1.44258,-34.63799
20260926-133621,20260926-133621-7,0,58780.316,0.59438,0.16738,0.51776,0.58479,-0.16986,0.51504,0.11786,0.1474,0.06165,0.06261,0.01778,0.10973,0.17473,0.04654,0.05937,0.02508,0.11232,0.16326,-1.40446,-10.07358,1.21295,-0.88776,1.43826,-34.72232
20260926-133621,20260926-133621-7,0,58780.349,0.59026,0.16159,0.51137,0.58442,-0.1641,0.50821,0.09465,0.1142,0.07626,0.08141,0.01671,0.11381,0.18345,0.04604,0.06322,0.03112,0.1165,0.14716,-1.49004,-10.01631,1.23297,-0.87305,1.4158,-34.84177
20260926-133621,20260926-133621-7,0,58780.382,0.58529,0.17202,0.50941,0.58602,-0.1736,0.50718,0.10438,0.12388,0.06668,0.07175,0.015,0.12177,0.19542,0.04405,0.07056,0.03896,0.11087,0.13513,-1.61586,-9.9864,1.24414,-0.86851,1.36489,-34.99561
20260926-133621,20260926-133621-7,0,58780.413,0.58323,0.17174,0.5106,0.58837,-0.17371,0.50328,0.0995,0.11639,0.06865,0.07379,0.01359,0.12347,0.20961,0.04466,0.07522,0.03842,0.1105,0.11226,-1.72372,-10.02139,1.46137,-0.87571,1.28666,-35.13654
20260926-133621,20260926-133621-7,0,58780.462,0.58223,0.17811,0.50452,0.59155,-0.17912,0.50061,0.11658,0.13496,0.05723,0.06215,0.01149,0.13056,0.23395,0.04379,0.0789,0.04453,0.11876,0.11735,-1.90832,-10.03837,1.75726,-0.89562,1.21443,-35.29525
20260926-133621,20260926-133621-7,0,58780.496,0.58463,0.17561,0.50393,0.59324,-0.17759,0.50055,0.11862,0.13753,0.05546,0.06078,0.01042,0.12981,0.25258,0.04516,0.07566,0.04405,0.11948,0.12488,-2.07642,-9.9281,1.95382,-0.92162,1.17647,-35.41628
20260926-133621,20260926-133621-7,0,58780.508,0.58603,0.17357,0.50257,0.59168,-0.17482,0.49949,0.11691,0.13641,0.05698,0.06252,0.01098,0.13111,0.24431,0.04436,0.07371,0.04337,0.124,0.13339,-2.147,-9.90805,1.98185,-0.92898,1.17198,-35.44682
20260926-133621,20260926-133621-7,0,58780.526,0.58591,0.17098,0.49987,0.59304,-0.17275,0.49704,0.11478,0.13365,0.05733,0.06349,0.0105,0.13123,0.25085,0.04449,0.07266,0.04479,0.12501,0.13949,-2.28229,-9.84254,2.13963,-0.9502,1.14838,-35.50459
20260926-133621,20260926-133621-7,0,58780.558,0.58826,0.17186,0.49902,0.59285,-0.17284,0.49727,0.12146,0.14229,0.05335,0.05886,0.01044,0.12945,0.25299,0.04501,0.07063,0.04606,0.12475,0.15096,-2.48488,-9.82816,2.24733,-0.97059,1.11463,-35.59125
20260926-133621,20260926-133621-7,0,58780.591,0.58683,0.16874,0.50412,0.59551,-0.16957,0.5004,0.12241,0.14147,0.05158,0.05791,0.00952,0.1306,0.26629,0.04515,0.06157,0.04232,0.12414,0.14746,-2.865,-9.44143,2.33272,-0.98832,1.08615,-35.65982
20260926-133621,20260926-133621-7,0,58780.655,0.58524,0.17036,0.51672,0.59966,-0.17137,0.50352,0.13493,0.15398,0.04604,0.04951,0.00843,0.13639,0.28124,0.04381,0.05956,0.03327,0.12267,0.13213,-3.27003,-8.88364,2.42113,-1.01676,0.9816,-35.75348
20260926-133621,20260926-133621-7,0,58780.688,0.58471,0.16888,0.50843,0.59923,-0.16966,0.49938,0.14337,0.16292,0.0436,0.04687,0.00883,0.13716,0.2732,0.04322,0.0619,0.03771,0.13912,0.15916,-3.30992,-8.21896,2.43593,-1.02498,0.97237,-35.77739
20260926-133621,20260926-133621-7,0,58780.718,0.58544,0.16943,0.50601,0.59916,-0.16961,0.50013,0.14997,0.17103,0.04172,0.04388,0.00926,0.13475,0.26422,0.04352,0.06152,0.03885,0.13918,0.17098,-3.2886,-8.07435,2.40635,-1.03158,0.93715,-35.81491
20260926-133621,20260926-133621-7,0,58780.752,0.58554,0.16915,0.49957,0.59773,-0.17014,0.49704,0.156,0.17698,0.04013,0.04217,0.00992,0.1364,0.24836,0.04192,0.06438,0.04352,0.14073,0.18453,-3.24317,-7.89464,2.36332,-1.03585,0.91784,-35.86486
20260926-133621,20260926-133621-7,0,58780.782,0.58684,0.16913,0.49802,0.59788,-0.17043,0.49304,0.16727,0.18994,0.03771,0.03928,0.0099,0.14343,0.24427,0.03959,0.06572,0.0431,0.14886,0.20209,-3.22819,-7.6852,2.3205,-1.03087,0.91668,-35.95562
20260926-133621,20260926-133621-7,0,58780.828,0.58204,0.17295,0.50364,0.60055,-0.16976,0.49048,0.1742,0.2,0.03767,0.03859,0.00901,0.17506,0.24605,0.03207,0.06671,0.04137,0.15202,0.21343,-3.20032,-7.76677,2.35521,-1.00515,0.92132,-36.15138
20260926-133621,20260926-133621-7,0,58780.862,0.58066,0.17595,0.51167,0.59632,-0.17115,0.49375,0.18176,0.20963,0.03809,0.03747,0.00959,0.18709,0.23068,0.02939,0.06774,0.03732,0.14701,0.21922,-3.17235,-7.93295,2.40592,-0.96319,0.93863,-36.40366
20260926-133621,20260926-133621-7,0,58780.874,0.58197,0.17454,0.51092,0.59567,-0.17072,0.49419,0.17895,0.20433,0.03856,0.03854,0.0099,0.17513,0.23068,0.03156,0.06745,0.03781,0.14781,0.21734,-3.15513,-7.93626,2.45781,-0.9522,0.94648,-36.47396
20260926-133621,20260926-133621-7,0,58780.894,0.58169,0.17771,0.51757,0.59147,-0.17306,0.49777,0.17524,0.20306,0.04015,0.03954,0.01086,0.18024,0.21679,0.03037,0.06907,0.03672,0.13949,0.20684,-3.12657,-8.14571,2.5037,-0.91738,0.96252,-36.69254
20260926-133621,20260926-133621-7,0,58780.925,0.58091,0.1804,0.52676,0.59108,-0.17566,0.50914,0.16554,0.19423,0.04348,0.04246,0.01186,0.17512,0.20958,0.03162,0.06413,0.03332,0.12294,0.17468,-2.94807,-8.55523,2.51197,-0.85711,1.0157,-37.12329
20260926-133621,20260926-133621-7,0,58780.956,0.58186,0.17814,0.52551,0.59133,-0.17554,0.51422,0.15534,0.18344,0.0464,0.04604,0.01303,0.16349,0.20065,0.03372,0.06159,0.03196,0.12076,0.16898,-2.79999,-8.74351,2.53649,-0.80247,1.05167,-37.45527
20260926-133621,20260926-133621-7,0,58780.991,0.58275,0.17678,0.52202,0.59156,-0.17583,0.51389,0.15268,0.18043,0.04715,0.04757,0.014,0.1551,0.19322,0.03543,0.06315,0.03309,0.12684,0.1751,-2.64551,-8.63205,2.53163,-0.76301,1.08268,-37.7219
20260926-133621,20260926-133621-7,0,58781.053,0.58621,0.17507,0.51663,0.59061,-0.17368,0.50964,0.14883,0.1764,0.04798,0.04872,0.01494,0.13632,0.1881,0.03985,0.06037,0.03344,0.12728,0.17626,-2.34605,-8.54421,2.54165,-0.7563,1.15342,-38.26463
20260926-133621,20260926-133621-7,0,58781.086,0.58683,0.1741,0.51714,0.59281,-0.17169,0.50849,0.14289,0.17026,0.04892,0.04994,0.01441,0.12973,0.19589,0.04189,0.05926,0.03142,0.12591,0.16861,-2.13519,-8.50509,2.53808,-0.77305,1.18404,-38.54211
20260926-133621,20260926-133621-7,0,58781.117,0.58523,0.17404,0.51931,0.59253,-0.17074,0.51075,0.1351,0.16241,0.05144,0.05279,0.01474,0.13032,0.19211,0.04145,0.05754,0.03002,0.12362,0.16042,-1.9337,-8.53934,2.54361,-0.79124,1.21296,-38.79486
20260926-133621,20260926-133621-7,0,58781.149,0.58091,0.17659,0.5192,0.59263,-0.17323,0.50977,0.14123,0.16963,0.04937,0.05043,0.0148,0.14519,0.18455,0.03671,0.0592,0.0304,0.12605,0.16314,-1.80228,-8.44901,2.59206,-0.79648,1.23682,-39.02177
20260926-133621,20260926-133621-7,0,58781.198,0.57082,0.17504,0.5209,0.59438,-0.17144,0.51107,0.13364,0.16206,0.05229,0.05418,0.01242,0.17177,0.20136,0.03124,0.05796,0.03027,0.12177,0.15831,-1.69321,-8.43346,2.76782,-0.7845,1.2398,-39.27689
20260926-133621,20260926-133621-7,0,58781.231,0.56782,0.18143,0.52488,0.59726,-0.17405,0.5115,0.14527,0.17615,0.04826,0.04865,0.01075,0.19507,0.21635,0.02761,0.05719,0.03119,0.11771,0.16154,-1.83709,-8.42474,2.8281,-0.75517,1.22626,-39.55726
20260926-133621,20260926-133621-7,0,58781.241,0.57161,0.17915,0.52224,0.59644,-0.17402,0.51061,0.14497,0.17394,0.04797,0.04924,0.01146,0.18347,0.21034,0.02957,0.05859,0.03273,0.12079,0.16275,-1.88624,-8.36376,2.84744,-0.74775,1.22943,-39.62273
20260926-133621,20260926-133621-7,0,58781.262,0.56799,0.1854,0.52697,0.59693,-0.17738,0.51157,0.15546,0.18548,0.04427,0.04461,0.01073,0.19414,0.21629,0.02779,0.05812,0.03258,0.12067,0.16086,-1.96589,-8.27257,2.92135,-0.72577,1.22518,-39.81329
20260926-133621,20260926-133621-7,0,58781.295,0.56556,0.18445,0.5258,0.59829,-0.17774,0.51754,0.15464,0.18389,0.04461,0.04547,0.00992,0.20531,0.22573,0.02653,0.05618,0.03468,0.11455,0.16405,-2.12834,-8.2332,2.87875,-0.68136,1.22136,-40.08964
20260926-133621,20260926-133621-7,0,58781.324,0.56369,0.18027,0.52507,0.60085,-0.17504,0.51427,0.14783,0.17759,0.04729,0.04767,0.0088,0.22025,0.2394,0.02489,0.06052,0.03285,0.11905,0.1597,-2.20977,-8.0692,2.65688,-0.63244,1.22903,-40.33693
20260926-133621,20260926-133621-7,0,58781.362,0.56755,0.17563,0.52583,0.59572,-0.17301,0.5192,0.14351,0.17149,0.04797,0.04936,0.01034,0.19428,0.22002,0.02796,0.05471,0.02958,0.12114,0.1502,-2.29525,-7.9002,2.41994,-0.53126,1.23675,-40.56643
20260926-133621,20260926-133621-7,0,58781.391,0.57157,0.1778,0.52647,0.59328,-0.17691,0.52283,0.15619,0.1835,0.04366,0.04538,0.01117,0.18431,0.21099,0.02919,0.05417,0.03116,0.12073,0.1501,-2.33915,-7.78245,2.39137,-0.39237,1.23485,-40.8124
20260926-133621,20260926-133621-7,0,58781.456,0.57543,0.1743,0.5076,0.59612,-0.17724,0.50928,0.15059,0.17253,0.04641,0.05019,0.01256,0.16135,0.2025,0.03487,0.06194,0.03871,0.13812,0.18473,-2.33054,-7.71065,2.93384,-0.03866,1.24057,-41.29231
20260926-133621,20260926-133621-7,0,58781.487,0.57922,0.17805,0.51316,0.58926,-0.17906,0.508,0.15712,0.18243,0.04416,0.0453,0.01549,0.14467,0.17674,0.03647,0.06029,0.03499,0.14268,0.17892,-2.38245,-7.61304,3.27203,0.14863,1.23693,-41.47853
20260926-133621,20260926-133621-7,0,58781.518,0.57205,0.17197,0.50976,0.5925,-0.17219,0.50509,0.14147,0.16714,0.04995,0.05142,0.01383,0.15917,0.18813,0.03304,0.05842,0.03261,0.14199,0.17652,-2.31339,-7.53141,3.35015,0.32975,1.25198,-41.61596
20260926-133621,20260926-133621-7,0,58781.566,0.58302,0.17222,0.49804,0.58151,-0.17539,0.50164,0.13985,0.16347,0.05134,0.05223,0.02017,0.1184,0.15136,0.04221,0.0647,0.03966,0.14409,0.19653,-2.17845,-7.51593,3.36329,0.55244,1.27744,-41.78315
20260926-133621,20260926-133621-7,0,58781.596,0.57551,0.17373,0.50213,0.58075,-0.17703,0.50244,0.1348,0.1576,0.05268,0.05399,0.02133,0.11404,0.14586,0.0434,0.06619,0.03731,0.14822,0.17158,-2.00154,-7.52609,3.23397,0.76713,1.30169,-41.92532
20260926-133621,20260926-133621-7,0,58781.606,0.5817,0.17203,0.4988,0.58359,-0.17452,0.49716,0.14099,0.16468,0.0497,0.05159,0.0213,0.11225,0.14429,0.04399,0.06546,0.03882,0.15743,0.17587,-2.01831,-7.51896,3.14863,0.79236,1.30451,-41.93576
20260926-133621,20260926-133621-7,0,58781.628,0.5861,0.17095,0.49102,0.58091,-0.17652,0.49805,0.1407,0.16127,0.05032,0.05345,0.02652,0.09294,0.12533,0.05199,0.06653,0.04234,0.16141,0.18568,-1.739,-7.64671,3.03003,1.01131,1.31277,-41.98301
20260926-133621,20260926-133621-7,0,58781.662,0.57572,0.174,0.47587,0.58243,-0.17702,0.50183,0.13526,0.15662,0.05175,0.05558,0.02256,0.10789,0.13966,0.04492,0.06725,0.05547,0.1486,0.21864,-1.49288,-7.56397,2.73865,1.25361,1.3407,-41.97649
20260926-133621,20260926-133621-7,0,58781.694,0.5812,0.1779,0.47044,0.57745,-0.17594,0.49843,0.14071,0.16251,0.04916,0.05224,0.02776,0.08759,0.12099,0.05361,0.06827,0.05941,0.1541,0.22487,-1.3468,-7.57083,2.49356,1.51259,1.34871,-41.96808
20260926-133621,20260926-133621-7,0,58781.726,0.5768,0.17731,0.47411,0.5791,-0.17779,0.49708,0.14273,0.16274,0.04763,0.05247,0.02445,0.09713,0.13201,0.04877,0.06813,0.05807,0.16233,0.20642,-1.40932,-7.46394,2.31601,1.74906,1.35828,-41.92952
20260926-133621,20260926-133621-7,0,58781.758,0.57852,0.17906,0.47501,0.57315,-0.18336,0.49575,0.14696,0.16499,0.04501,0.04999,0.02609,0.0892,0.12651,0.05267,0.07148,0.058,0.16728,0.20265,-1.50649,-7.46379,2.14103,2.00209,1.3463,-41.84855
20260926-133621,20260926-133621-7,0,58781.79,0.57971,0.17767,0.4759,0.57692,-0.17932,0.5009,0.14256,0.1616,0.04795,0.05143,0.02413,0.09527,0.13286,0.05056,0.06659,0.05639,0.15347,0.21206,-1.59887,-7.34477,1.97141,2.2669,1.32409,-41.79736
20260926-133621,20260926-133621-7,0,58781.854,0.58648,0.17418,0.47197,0.58513,-0.17709,0.48332,0.15346,0.16828,0.04455,0.04682,0.02144,0.07673,0.15598,0.06576,0.08059,0.05247,0.18631,0.22668,-1.62137,-7.099,1.36156,2.72168,1.24288,-41.74275
20260926-133621,20260926-133621-7,0,58781.885,0.57505,0.17135,0.47851,0.57866,-0.17668,0.49139,0.1666,0.18821,0.04331,0.04202,0.02144,0.10585,0.13962,0.04513,0.07838,0.04476,0.18616,0.25707,-1.51711,-6.00674,1.02234,2.93237,1.20753,-41.53732
20260926-133621,20260926-133621-7,0,58781.934,0.57137,0.16859,0.48494,0.57965,-0.17487,0.49536,0.17626,0.19784,0.04071,0.04018,0.02117,0.10692,0.14046,0.04433,0.0755,0.03953,0.20023,0.26213,-1.3067,-5.47061,0.71828,3.13038,1.15195,-41.44589
20260926-133621,20260926-133621-7,0,58781.967,0.57493,0.16527,0.48456,0.58277,-0.17205,0.49698,0.1767,0.19771,0.04017,0.04102,0.02203,0.1017,0.13838,0.04716,0.07383,0.04052,0.21127,0.26494,-1.04697,-5.00016,0.57068,3.30086,1.09804,-41.40889
20260926-133621,20260926-133621-7,0,58781.992,0.58036,0.16556,0.48255,0.57251,-0.16814,0.49053,0.18283,0.20853,0.03937,0.03783,0.02918,0.08551,0.11028,0.05213,0.07822,0.03994,0.21429,0.28053,-1.04646,-4.8714,0.50492,3.31926,1.0921,-41.37711
20260926-133621,20260926-133621-7,0,58782.008,0.57575,0.16044,0.47897,0.57761,-0.16609,0.48861,0.17668,0.19787,0.04127,0.04185,0.0254,0.09413,0.12416,0.04943,0.07965,0.04195,0.23583,0.28108,-0.8723,-4.63116,0.36584,3.43988,1.05353,-41.34535
20260926-133621,20260926-133621-7,0,58782.029,0.57611,0.15776,0.47792,0.57822,-0.16725,0.48555,0.17237,0.19272,0.04148,0.04362,0.02447,0.09585,0.12836,0.04907,0.08597,0.04401,0.24832,0.27932,-0.80363,-4.41306,0.33314,3.57998,0.98442,-41.27214
20260926-133621,20260926-133621-7,0,58782.06,0.57603,0.15284,0.47078,0.57757,-0.1623,0.47491,0.16558,0.18591,0.04376,0.04653,0.02605,0.09228,0.12283,0.05029,0.09204,0.04572,0.27271,0.29115,-0.72398,-4.22321,0.2694,3.71806,0.92238,-41.16032
20260926-133621,20260926-133621-7,0,58782.093,0.57557,0.15209,0.47036,0.57536,-0.16241,0.47662,0.16272,0.18004,0.04389,0.04919,0.02714,0.08923,0.11975,0.05153,0.08777,0.04746,0.28286,0.28335,-0.66196,-4.11239,0.11988,3.82922,0.86954,-41.09427
20260926-133621,20260926-133621-7,0,58782.124,0.5792,0.15715,0.47338,0.57279,-0.16775,0.48047,0.18234,0.19758,0.03801,0.04261,0.03018,0.07958,0.11129,0.05678,0.08639,0.04719,0.28249,0.27475,-0.70206,-4.10566,-0.12999,3.93644,0.83459,-41.07014
20260926-133621,20260926-133621-7,0,58782.157,0.57831,0.15569,0.46859,0.57864,-0.16321,0.48134,0.18627,0.20293,0.03758,0.04145,0.02671,0.0876,0.12031,0.05219,0.08226,0.04945,0.27507,0.29557,-0.63333,-3.85816,-0.06227,4.01923,0.83298,-41.00519
20260926-133621,20260926-133621-7,0,58782.189,0.5756,0.16234,0.46815,0.58073,-0.16961,0.48354,0.21096,0.227,0.03155,0.03419,0.02466,0.09319,0.12452,0.04846,0.08454,0.05332,0.26983,0.30276,-0.67027,-3.79835,-0.12689,4.07572,0.81099,-40.928
20260926-133621,20260926-133621-7,0,58782.254,0.58317,0.16491,0.47132,0.58097,-0.17168,0.48501,0.22588,0.24304,0.0288,0.03047,0.02653,0.08381,0.11912,0.05329,0.0856,0.05079,0.26972,0.30869,-0.70159,-3.90362,-0.24429,4.1184,0.77157,-40.84008
20260926-133621,20260926-133621-7,0,58782.303,0.58254,0.1664,0.48084,0.57537,-0.17118,0.49435,0.2283,0.25263,0.02871,0.02835,0.02937,0.081,0.10936,0.05309,0.07816,0.04312,0.25047,0.30231,-0.67955,-3.85353,-0.18836,4.10609,0.74617,-40.76185
20260926-133621,20260926-133621-7,0,58782.337,0.5853,0.16981,0.49075,0.57224,-0.17435,0.50269,0.24806,0.2724,0.02571,0.02459,0.03387,0.07193,0.09806,0.05839,0.07119,0.03759,0.24422,0.28123,-0.63509,-3.76027,-0.27451,4.07712,0.70668,-40.69838
20260926-133621,20260926-133621-7,0,58782.358,0.58891,0.17035,0.49078,0.57549,-0.17422,0.50365,0.24886,0.2724,0.02583,0.02449,0.03426,0.0693,0.09859,0.06148,0.07259,0.03792,0.247,0.2859,-0.61844,-3.64718,-0.319,4.06648,0.69665,-40.68888
20260926-133621,20260926-133621-7,0,58782.374,0.5877,0.1694,0.49436,0.57742,-0.17209,0.50565,0.25179,0.27562,0.02525,0.02415,0.03189,0.0735,0.10382,0.05867,0.06867,0.03544,0.2425,0.27241,-0.5974,-3.54416,-0.30619,4.04164,0.67597,-40.63131
20260926-133621,20260926-133621-7,0,58782.398,0.58832,0.16895,0.49737,0.57961,-0.16989,0.5041,0.25495,0.27916,0.02476,0.02367,0.02959,0.07799,0.1103,0.0563,0.06943,0.0349,0.24884,0.26755,-0.60115,-3.30807,-0.23499,4.00887,0.65393,-40.59497
20260926-133621,20260926-133621-7,0,58782.43,0.58357,0.16781,0.50102,0.57923,-0.16829,0.50728,0.25859,0.28165,0.02457,0.02398,0.02778,0.08429,0.11558,0.05303,0.06699,0.03439,0.25775,0.26366,-0.60375,-3.21678,-0.1397,3.97951,0.61024,-40.55257
20260926-133621,20260926-133621-7,0,58782.46,0.58571,0.16286,0.49149,0.58286,-0.16697,0.50391,0.2602,0.28271,0.02381,0.02365,0.027,0.08408,0.11616,0.05256,0.0685,0.03324,0.26225,0.26907,-0.60467,-3.08311,-0.1093,3.91498,0.58315,-40.38024
20260926-133621,20260926-133621-7,0,58782.494,0.58917,0.1602,0.48891,0.58033,-0.16509,0.49874,0.26871,0.29244,0.02245,0.02212,0.02791,0.08047,0.11173,0.05391,0.0678,0.0313,0.2662,0.26457,-0.68556,-3.00692,-0.15165,3.80413,0.57001,-40.233
20260926-133621,20260926-133621-7,0,58782.525,0.59302,0.15827,0.49165,0.57886,-0.1639,0.49832,0.2688,0.29379,0.02221,0.02194,0.02862,0.07709,0.10931,0.05605,0.06514,0.02827,0.26182,0.24721,-0.72016,-2.96739,-0.11134,3.68524,0.56883,-40.18711
20260926-133621,20260926-133621-7,0,58782.556,0.59496,0.1578,0.49522,0.57573,-0.16373,0.49769,0.27737,0.30405,0.02156,0.02095,0.03124,0.073,0.10182,0.05794,0.06499,0.02675,0.26142,0.24341,-0.80706,-2.86083,0.01851,3.55243,0.57425,-40.18516
20260926-133621,20260926-133621-7,0,58782.591,0.59326,0.1574,0.49928,0.57829,-0.16427,0.50033,0.27886,0.30413,0.02163,0.02128,0.0289,0.07865,0.10807,0.05462,0.06304,0.02531,0.25858,0.23446,-0.83761,-2.75339,0.08524,3.40842,0.58103,-40.15329
20260926-133621,20260926-133621-7,0,58782.67,0.59927,0.15319,0.49339,0.57534,-0.16436,0.49782,0.26358,0.28635,0.02298,0.02378,0.03393,0.06743,0.09846,0.0633,0.06489,0.02679,0.26576,0.23433,-0.78526,-2.8315,0.18866,3.11569,0.55763,-39.99451
20260926-133621,20260926-133621-7,0,58782.691,0.5935,0.15657,0.49719,0.57576,-0.16546,0.49766,0.26672,0.29055,0.02313,0.02338,0.03264,0.07235,0.1007,0.05914,0.06773,0.02807,0.26986,0.24434,-0.74184,-2.82755,0.22346,3.09143,0.55526,-39.98038
20260926-133621,20260926-133621-7,0,58782.709,0.5933,0.15635,0.4964,0.58049,-0.16487,0.49614,0.26725,0.2906,0.02291,0.02312,0.02889,0.07857,0.11002,0.05601,0.06809,0.02733,0.2665,0.243,-0.73237,-2.83421,0.30623,3.00404,0.54983,-39.95529
20260926-133621,20260926-133621-7,0,58782.733,0.5926,0.15686,0.49777,0.58344,-0.16406,0.49621,0.26586,0.29168,0.02317,0.0228,0.02464,0.08857,0.12258,0.0509,0.07013,0.02623,0.25714,0.24752,-0.75754,-2.7847,0.42661,2.87191,0.55012,-39.94799
20260926-133621,20260926-133621-7,0,58782.766,0.58432,0.15494,0.50357,0.58731,-0.16349,0.49835,0.25985,0.28713,0.02394,0.02386,0.01995,0.10889,0.1407,0.04204,0.06877,0.0235,0.25488,0.23365,-0.69681,-2.59816,0.47504,2.7132,0.55394,-39.90071
20260926-133621,20260926-133621-7,0,58782.796,0.53887,0.13769,0.50669,0.60192,-0.13513,0.49241,0.15748,0.18162,0.04436,0.04933,0.00815,0.24807,0.24152,0.01811,0.0598,0.02312,0.24672,0.19607,-0.76402,-2.6731,0.63294,2.56851,0.50575,-39.91684
20260926-133621,20260926-133621-7,0,58782.829,0.50642,0.1173,0.49992,0.61097,-0.1043,0.4806,0.07648,0.08457,0.09896,0.10604,0.00652,0.32786,0.31983,0.00915,0.06062,0.02544,0.23018,0.18213,-0.80454,-2.89415,0.6971,2.40512,0.42022,-39.94904
20260926-133621,20260926-133621-7,0,58782.861,0.49891,0.11283,0.48685,0.62075,-0.09592,0.47388,0.06053,0.06536,0.12293,0.13201,0.00526,0.36447,0.3552,0.00781,0.06038,0.03149,0.22214,0.20656,-0.82736,-2.99277,0.80674,2.23494,0.37796,-39.97115
20260926-133621,20260926-133621-7,0,58782.893,0.50553,0.10924,0.47952,0.62351,-0.09138,0.46639,0.05424,0.05802,0.13755,0.14719,0.00495,0.36415,0.35242,0.00845,0.06544,0.03498,0.23324,0.2128,-0.85811,-3.0494,0.85835,2.07601,0.34034,-39.98488
20260926-133621,20260926-133621-7,0,58782.928,0.50986,0.11102,0.47577,0.62227,-0.09452,0.45922,0.05953,0.06433,0.12701,0.1345,0.00514,0.35676,0.34508,0.00874,0.07378,0.0375,0.24538,0.22844,-0.91975,-3.03673,0.91709,1.91628,0.3181,-39.9285
20260926-133621,20260926-133621-7,0,58782.959,0.5171,0.11091,0.47471,0.62286,-0.09548,0.46051,0.06122,0.06572,0.12259,0.13188,0.00499,0.34581,0.33157,0.01023,0.07363,0.04009,0.2475,0.23757,-0.94961,-2.99824,0.98806,1.75757,0.29331,-39.8801
20260926-133621,20260926-133621-7,0,58783.007,0.51559,0.11336,0.46986,0.62425,-0.09745,0.45911,0.06629,0.07032,0.11349,0.1244,0.00491,0.34648,0.33192,0.01043,0.07584,0.04765,0.2557,0.26616,-0.94662,-2.87632,1.15718,1.58433,0.26539,-39.82394
20260926-133621,20260926-133621-7,0,58783.04,0.50622,0.11844,0.46607,0.62898,-0.10028,0.45699,0.07059,0.07656,0.10298,0.11202,0.0043,0.37647,0.36166,0.00857,0.07561,0.04817,0.25185,0.28545,-0.98794,-2.77176,1.35078,1.40408,0.24291,-39.77874
20260926-133621,20260926-133621-7,0,58783.071,0.51536,0.11827,0.46843,0.62817,-0.10178,0.46031,0.07346,0.0792,0.09998,0.10991,0.0044,0.35971,0.34124,0.01012,0.07281,0.04972,0.25266,0.28851,-1.17511,-2.65341,1.39322,1.22791,0.23493,-39.70987
20260926-133621,20260926-133621-7,0,58783.102,0.52453,0.11988,0.46913,0.61431,-0.1059,0.46054,0.07794,0.0856,0.0934,0.10279,0.00634,0.29786,0.28501,0.01287,0.07586,0.04884,0.26192,0.27429,-1.23027,-2.68877,1.54516,1.02511,0.20317,-39.68243
20260926-133621,20260926-133621-7,0,58783.133,0.52738,0.11862,0.4717,0.60657,-0.10681,0.4653,0.07557,0.08254,0.09771,0.10715,0.0077,0.2719,0.26414,0.01405,0.07457,0.04939,0.2562,0.28105,-1.42108,-2.6956,1.66971,0.83481,0.18726,-39.61451
20260926-133621,20260926-133621-7,0,58783.164,0.53116,0.11791,0.47094,0.60806,-0.10674,0.46457,0.0746,0.08158,0.09871,0.10789,0.0073,0.27316,0.26152,0.01463,0.07492,0.05045,0.25454,0.27199,-1.42731,-2.72674,1.89187,0.66788,0.1621,-39.56639
20260926-133621,20260926-133621-7,0,58783.198,0.53388,0.11947,0.46114,0.60951,-0.10729,0.46024,0.07587,0.08265,0.09791,0.10779,0.0067,0.27887,0.2651,0.01552,0.08099,0.061,0.25893,0.30388,-1.45407,-2.72668,1.99784,0.49862,0.13732,-39.51597
20260926-133621,20260926-133621-7,0,58783.229,0.53938,0.11932,0.45588,0.61167,-0.10693,0.4575,0.07798,0.08447,0.09519,0.10621,0.00662,0.27028,0.26251,0.01693,0.08035,0.06673,0.26626,0.32578,-1.51144,-2.63476,2.12658,0.35644,0.11923,-39.43822
20260926-133621,20260926-133621-7,0,58783.261,0.54002,0.11978,0.45435,0.61044,-0.10742,0.4572,0.08044,0.08571,0.09159,0.10472,0.00706,0.25792,0.254,0.01804,0.07975,0.07108,0.27993,0.33333,-1.52053,-2.43917,2.20332,0.21513,0.10503,-39.39192
20260926-133621,20260926-133621-7,0,58783.294,0.53455,0.11999,0.45073,0.61265,-0.10673,0.45422,0.0832,0.08845,0.0879,0.10117,0.00637,0.27954,0.26864,0.01591,0.08191,0.07506,0.28765,0.34419,-1.49891,-2.26092,2.33882,0.0721,0.08194,-39.34081
20260926-133621,20260926-133621-7,0,58783.325,0.53046,0.11955,0.44751,0.61937,-0.10497,0.44971,0.08648,0.09179,0.08457,0.09772,0.00522,0.31482,0.29877,0.01346,0.08265,0.07878,0.29489,0.36483,-1.57228,-2.05907,2.47357,-0.05996,0.06896,-39.2682
20260926-133621,20260926-133621-7,0,58783.374,0.52531,0.12099,0.4499,0.62008,-0.10552,0.44886,0.08744,0.09282,0.08237,0.09489,0.005,0.33052,0.31646,0.01169,0.08302,0.07907,0.29656,0.35681,-1.65929,-1.8848,2.63384,-0.21364,0.04771,-39.21146
20260926-133621,20260926-133621-7,0,58783.407,0.52515,0.12286,0.4501,0.62065,-0.10637,0.4504,0.09091,0.09594,0.07933,0.09171,0.00502,0.32724,0.31328,0.01219,0.08268,0.08147,0.29703,0.36406,-1.68072,-1.74063,2.69729,-0.35969,0.03157,-39.16451
20260926-133621,20260926-133621-7,0,58783.439,0.52377,0.12479,0.44892,0.61601,-0.10876,0.45151,0.09196,0.09854,0.07697,0.08887,0.00545,0.31864,0.30683,0.01203,0.08374,0.08362,0.29306,0.37922,-1.72733,-1.65826,2.83951,-0.4877,0.01377,-39.11784
20260926-133621,20260926-133621-7,0,58783.47,0.5198,0.12546,0.44468,0.61678,-0.10919,0.44961,0.09269,0.09992,0.07624,0.08748,0.00527,0.33074,0.31815,0.01099,0.0849,0.08714,0.29568,0.39952,-1.79892,-1.54509,2.91764,-0.62088,0.00139,-39.01866
20260926-133621,20260926-133621-7,0,58783.5,0.54208,0.13196,0.445,0.60881,-0.11656,0.45113,0.10377,0.11362,0.07253,0.0821,0.00822,0.24841,0.2403,0.01907,0.09584,0.10761,0.30523,0.40722,-2.06775,-1.56164,2.91085,-0.76008,0.00517,-38.97387
